-- MySQL dump 10.13  Distrib 8.0.21, for macos10.15 (x86_64)
--
-- Host: localhost    Database: mgl2020
-- ------------------------------------------------------
-- Server version	8.0.21

/*!40101 SET @OLD_CHARACTER_SET_CLIENT=@@CHARACTER_SET_CLIENT */;
/*!40101 SET @OLD_CHARACTER_SET_RESULTS=@@CHARACTER_SET_RESULTS */;
/*!40101 SET @OLD_COLLATION_CONNECTION=@@COLLATION_CONNECTION */;
/*!50503 SET NAMES utf8mb4 */;
/*!40103 SET @OLD_TIME_ZONE=@@TIME_ZONE */;
/*!40103 SET TIME_ZONE='+00:00' */;
/*!40014 SET @OLD_UNIQUE_CHECKS=@@UNIQUE_CHECKS, UNIQUE_CHECKS=0 */;
/*!40014 SET @OLD_FOREIGN_KEY_CHECKS=@@FOREIGN_KEY_CHECKS, FOREIGN_KEY_CHECKS=0 */;
/*!40101 SET @OLD_SQL_MODE=@@SQL_MODE, SQL_MODE='NO_AUTO_VALUE_ON_ZERO' */;
/*!40111 SET @OLD_SQL_NOTES=@@SQL_NOTES, SQL_NOTES=0 */;

--
-- Table structure for table `Alkatresz`
--

DROP TABLE IF EXISTS `Alkatresz`;
/*!40101 SET @saved_cs_client     = @@character_set_client */;
/*!50503 SET character_set_client = utf8mb4 */;
CREATE TABLE `Alkatresz` (
  `id` int NOT NULL,
  `leiras` varchar(255) CHARACTER SET utf8mb4 COLLATE utf8mb4_hu_0900_as_cs NOT NULL DEFAULT '',
  `hely` varchar(255) CHARACTER SET utf8mb4 COLLATE utf8mb4_hu_0900_as_cs NOT NULL DEFAULT '',
  `darabszam` varchar(255) CHARACTER SET utf8mb4 COLLATE utf8mb4_hu_0900_as_cs NOT NULL DEFAULT '0',
  `cikkszam` varchar(255) CHARACTER SET utf8mb4 COLLATE utf8mb4_hu_0900_as_cs NOT NULL DEFAULT '',
  `tipus` varchar(255) CHARACTER SET utf8mb4 COLLATE utf8mb4_hu_0900_as_cs NOT NULL DEFAULT '',
  `egyseg` varchar(45) CHARACTER SET utf8mb4 COLLATE utf8mb4_hu_0900_as_cs NOT NULL DEFAULT '',
  `megjegyzes` varchar(45) CHARACTER SET utf8mb4 COLLATE utf8mb4_hu_0900_as_cs NOT NULL DEFAULT '',
  PRIMARY KEY (`id`)
) ENGINE=InnoDB DEFAULT CHARSET=utf8mb4 COLLATE=utf8mb4_hu_0900_as_cs;
/*!40101 SET character_set_client = @saved_cs_client */;

--
-- Dumping data for table `Alkatresz`
--

LOCK TABLES `Alkatresz` WRITE;
/*!40000 ALTER TABLE `Alkatresz` DISABLE KEYS */;
INSERT INTO `Alkatresz` VALUES (1552,'1 fázisú csatlakozó 3 pólusú','nagyraktár 17 polc','1','','','szett',''),(1553,'3 eres merev kábel 3 x 1.5','5 konténer','25','','','méter',''),(1554,'3 fázisú átkapcsoló','15 szekrény','3','KK0-20-6036','Ganz KK','db',''),(1555,'3 fázisú csatlakozó 4 pólusú','nagyraktár 17 polc','3','','','db',''),(1556,'4 pólusú csatlakozó female','16 szekrény','27','SACC-FR-4CON-PG7-M SCO','Phoenix Contact','db',''),(1557,'4 pólusú csatlakozó female','6 konténer','2','XZC C12FCM40B','Telemecanique','db',''),(1558,'4 pólusú csatlakozó male','16 szekrény','37','SACC-MR-4CON-PG7-M SCO','Phoenix Contact','db',''),(1559,'adapter Telemecanique VÁK-hoz','15 szekrény','30','ZCPEP20','Telemecanique','db',''),(1560,'adapter Telemecanique VÁK-hoz','1 konténer','4','ZCPEP20','','db',''),(1561,'akkumulátor ','14 szekrény','1','PSX 12','AEG','db',''),(1562,'akkus forrasztó','18 szekrény','1','M12 SI-201C','Milwaukee','db',''),(1563,'akkus fúrógép szett','14 szekrény','1','GSP 12-1','BOSCH','db',''),(1564,'akkus fúrógép szett','18 szekrény','1','GSR14.4-2-LI+','BOSCH','db',''),(1565,'akkutöltő','14 szekrény','1','','AEG','db',''),(1566,'alátét stopgomb alá','17 szekrény','150','R 22/30','V/A Elektronika Rt','pár',''),(1567,'aljzat késes olvadóbetéthez','nagyraktár 3 polc','6','','','db',''),(1568,'áramfigyelő relé','4 konténer','3','ZW 6-400','Moeller ','db',''),(1569,'áramfigyelő relé','5 konténer','1','RM35JA32MR','Schneider ','db',''),(1570,'áramfigyelő relé','2 konténer','1','RM35JA32MR','Schneider ','db',''),(1571,'áramfigyelő relé','fiókos szekrény 2','5','RM35JA32MR','Schneider ','db',''),(1572,'áramváltó','2 konténer','2','','Moeller ','db',''),(1573,'áramvédő kapcsoló','12 szekrény','6','GFI025.2.030','Ganz KK','db',''),(1574,'áramvédő relé időzítővel','6 konténer','1','PKZ2-RT','Moeller ','db',''),(1575,'áramvédő relé időzítővel','4 konténer','1','ZM-40-PKZ2','Moeller ','db',''),(1576,'AS-I foglalat','3 konténer','2','ASI FKK-F','Hirschmann','db','Keleti CNIM'),(1577,'AS-I modul','3 konténer','2','ASI AM 02 EEEE','Hirschmann','db','Keleti CNIM'),(1578,'AS-I modul','16 szekrény','1','VAA-2E2A-G12-SAJEA2L','Pepperl-Fuchs','db',''),(1579,'AS-I modul','20 szekrény','2','','Pepperl-Fuchs','db','1523 sz.lépcsőből kiszerelve'),(1580,'asztali lámpa','nagyraktár 15 polc','5','','','db',''),(1581,'behúzótekercs','nagyraktár 31 polc','1','J-3-22','Klöckner-Moeller','db',''),(1582,'behúzótekercs 220V','3 konténer','8','DIL-K4... K11 HL-K...','Ganz KK','db',''),(1583,'behúzótekercs 220V','4 konténer','3','J-DIL 6','Klöckner-Moeller','db',''),(1584,'behúzótekercs 220V DIL típushoz','nagyraktár 31 polc','5','J-DIL 0','Klöckner-Moeller','db',''),(1585,'behúzótekercs 220V DIL típushoz','nagyraktár 31 polc','1','J-DIL 3','Klöckner-Moeller','db',''),(1586,'behúzótekercs 220V DIL típushoz','fiókos szekrény 16','6','','','db',''),(1587,'behúzótekercs 380V','4 konténer','3','J-DIL 4','Klöckner-Moeller','db',''),(1588,'behúzótekercs 380V DIL típushoz','nagyraktár 31 polc','2','J-8-44','Klöckner-Moeller','db',''),(1589,'betápszekrény','nagyraktár 17 polc','2','','','db',''),(1590,'Betétfej 25A 500V','nagyraktár 6 polc','25','','vDf E16 25A 500V','db',''),(1591,'bilincs szalag','20 szekrény','1','','','tekercs',''),(1592,'billenőkapcsoló','19 szekrény','25','','','db',''),(1593,'bimetál relé','1 konténer','1','Z0-12','Moeller ','db',''),(1594,'bimetál relé','1 konténer','1','Z2-24','Moeller ','db',''),(1595,'biztonsági modul OTIS','3 konténer','1','BD5987.02/301','E.Dold & Söhne KG','db',''),(1596,'biztonsági relé','2 konténer','1','XPS-ATE5110','Schneider ','db',''),(1597,'biztonsági relé CNIM lépcsőkocsihiány','2 konténer','2','G1501S','IFM','db','használt'),(1598,'biztosító aljzat','20 szekrény','20','vDb/v E16 25A 500 V','KVGY','db',''),(1599,'biztosító aljzat E16 25A','nagyraktár 3 polc','40','','vDb/v E16','db',''),(1600,'bronzkefe 40 x 16 x 40','11 szekrény','220','','B-12-29','db',''),(1601,'bronzkefe 40 x 20 x 40','11 szekrény','110','','B-12X15','db',''),(1602,'bronzkefe 40 x 20 x 40','20 szekrény','300','','','db',''),(1603,'bronzkefe 40 x 20 x 40','nagyraktár 8 polc','40','','','db',''),(1604,'buszkábel fekete','16 szekrény','20','','','m',''),(1605,'buszkábel fekete','20 szekrény','6','','','méter',''),(1606,'buszkábel sárga','16 szekrény','20','','','m',''),(1607,'buszkábel sárga','20 szekrény','6','','','méter',''),(1608,'CNIM fék mikrokapcsoló','12 szekrény','8','','','db',''),(1609,'CNIM PLC elem','12 szekrény','40','ER14250','Volta','db',''),(1610,'csapágyhőmérő','13 szekrény','3','','','db',''),(1611,'csapágyhőmérő kapcsoló','20 szekrény','8','','','db',''),(1612,'csatlakozó visszajelzővel','2 konténer','2','3129025.0','MurrElektronik','db',''),(1613,'csatlakozó visszajelzővel','fiókos szekrény 5','1','3.1229025E7','MurrElektronik','db',''),(1614,'csatlakozóház Thyssen fékcsatlakozóhoz','3 konténer','3','1215298.0','','db',''),(1615,'csatlakozóház Thyssen fékcsatlakozóhoz','fiókos szekrény 5','2','','','db',''),(1616,'csősatu','14 szekrény','1','','','db',''),(1617,'DEMAG fékvezérlő','17 szekrény','3','539 355 44','DEMAG','db',''),(1618,'dugó 3 fázisú 4 pólusú','1 konténer','2','','','db',''),(1619,'dugó 3 fázisú 5 pólusú','1 konténer','3','','','db',''),(1620,'dugókulcs szett','14 szekrény','1','','CroVa','db',''),(1621,'dugókulcs szett','14 szekrény','1','117.0600','KS Tools','db',''),(1622,'dugvilla 230V','1 konténer','8','','','db',''),(1623,'E14 izzó 24V 15W','nagyraktár 15 polc','51','','','db',''),(1624,'E27 izzó 15W','nagyraktár 30 polc','70','','','db',''),(1625,'E27 Izzó 40W','nagyraktár 30 polc','9','','','db',''),(1626,'egyenirányító','3 konténer','1','UEG 20-GR/230/2/SO1','phoenix Contact','db','1523 karból bontva'),(1627,'egyenirányító','1 konténer','1','SKBaB500/445-4','SEMICRON','db',''),(1628,'Elektronikus előtét','12 szekrény','35','PC 1 x 36 T8 TOP','Ganz KK','db',''),(1629,'elektronikus motorvédő','15 szekrény','1','LR9F5369','Schneider ','db',''),(1630,'előregyártott kábel 4 pólusú csatival','16 szekrény','6','','','db',''),(1631,'előtét 11W max','2 konténer','14','','','db',''),(1632,'enkóder','12 szekrény','1','8.5020.4551.1024','Kubler','db',''),(1633,'enkóder','2 konténer','1','8.5020.4551.1024','Kübler','db',''),(1634,'érvéghüvely','4 konténer','1000','','','db',''),(1635,'érvéghüvely','2 konténer','1','','','doboz','különféle'),(1636,'fázisfigyelő hőkioldó','12 szekrény','1','ZW6-220','Moeller ','db',''),(1637,'fázisfigyelő időzítővel','4 konténer','2','AK9840.82','E.Dold & Söhne KG','db',''),(1638,'fázisfigyelő relé','fiókos szekrény 13','1','DPA51CM44','Carlo Gavazzi','db',''),(1639,'fázisfigyelő relé','fiókos szekrény 13','2','DPC01DM11400HZ','Carlo Gavazzi','db',''),(1640,'fázisfigyelő relé','2 konténer','1','AK9840.82','E.Dold & Söhne KG','db',''),(1641,'fázisfigyelő relé','15 szekrény','1','RM4 TA32','Schneider ','db',''),(1642,'fázisfigyelő relé','2 konténer','1','RM4 TA32','Schneider ','db',''),(1643,'fedőburkolat Fővám téri inverterhez','20 szekrény','8','','','db',''),(1644,'fék panel OTIS','fiókos szekrény 13','6','','','db',''),(1645,'fék tápegység','1 konténer','2','33 43312A03','Kendrion','db','1 javítva, 1 rossz'),(1646,'fékáramkör','3 konténer','5','568 100 44','DEMAG','db',''),(1647,'fékmágnes','12 szekrény','4','GF2 100-A55/125','KONE','db',''),(1648,'fékmágnes','gépház polc','3','','kis OK','db',''),(1649,'fékmágnes','gépház polc','1','','nagy OK','db',''),(1650,'fékmágnes','gépház polc','3','','OTIS','db',''),(1651,'fékmágnes','gépház polc','2','','Thyssen','db',''),(1652,'fékmágnes','nagyraktár 19 polc','1','BRA 600','KONE','db',''),(1653,'fékmágnes csatlakozó','12 szekrény','2','1215298.0','Farnell','db',''),(1654,'fékvezérlő modul','12 szekrény','4','KM5073016G01','KONE','db',''),(1655,'feliratozó kézi','14 szekrény','1','1540.0','DYMO','db',''),(1656,'fémtipli M10 x 40','1 konténer','50','','','db',''),(1657,'fémtipli M8 x 30','1 konténer','100','','','db',''),(1658,'fénycső előtét 20W','nagyraktár 31 polc','35','','','db',''),(1659,'fénycső F20W','konténer teteje','66','','Tungsram','db',''),(1660,'fénycső F58W/29','nagyraktár 30 polc','45','','','db',''),(1661,'fénycső foglalat G23','2 konténer','10','','Holux','db',''),(1662,'fénycső FT8/18W','nagyraktár 30 polc','300','','','db',''),(1663,'fénycső FT8/36W','nagyraktár 30 polc','350','','','db',''),(1664,'fénycsőfoglalat T8','nagyraktár 31 polc','15','','','db',''),(1665,'fénycsőgyújtó','15 szekrény','200','IS-2','Tungsram','db',''),(1666,'fénycsőgyújtó 4-22W','nagyraktár 31 polc','550','','','db',''),(1667,'fésűfűtés KONE fűtőszál','19 szekrény','4','','KONE','db',''),(1668,'feszültségfigyelő relé','2 konténer','16','RM22TG20','Schneider ','db',''),(1669,'feszültségmérő műszer','4 konténer','2','72 LV','Ganz KK','db',''),(1670,'feszültségmérő műszer 250V','2 konténer','4','','','db',''),(1671,'feszültségszűrő','3 konténer','2','PN2070-1-06','SCHAFFNER','db',''),(1672,'feszültségvédelmi relé','12 szekrény','2','UA','Ganz KK','db',''),(1673,'feszültségvédelmi relé','12 szekrény','2','UASNC','Ganz KK','db',''),(1674,'feszültségvédelmi relé','4 konténer','2','UASNC','Ganz KK','db',''),(1675,'feszültségvédelmi relé','1 konténer','1','UASNC','Ganz KK','db',''),(1676,'feszültségvédelmi relé','12 szekrény','1','UNC','Ganz KK','db',''),(1677,'feszültségvédelmi relé','4 konténer','1','UNC','Ganz KK','db',''),(1678,'fi - relé','19 szekrény','2','GFI 063.4.300','Ganz KK','db',''),(1679,'fi - relé','1 konténer','10','A9Z24280','Schneider ','db',''),(1680,'fi - relé','15 szekrény','8','A9Z24463','Schneider ','db',''),(1681,'fi - relé','2 konténer','1','A9Z35463','Schneider ','db',''),(1682,'fi - relé','1 konténer','1','A9Z35463','Schneider ','db',''),(1683,'fi - relé','5 konténer','4','A9Z35480','Schneider ','db',''),(1684,'fi - relé','1 konténer','1','A9Z35480','Schneider ','db',''),(1685,'fi - relé','19 szekrény','1','A9Z35491','Schneider ','db',''),(1686,'fi - relé','5 konténer','2','A9Z35491','Schneider ','db',''),(1687,'fi - relé','19 szekrény','1','GB 16916.21','Schneider ','db','4738 karból kiszedve'),(1688,'fi - relé','19 szekrény','1','TFVH4-100300','TRACON','db',''),(1689,'finder relé 230V AC','5 konténer','50','55.34.8.230.0040','Finder','db',''),(1690,'finder relé 24V AC','5 konténer','50','55.34.8.024.0040','Finder','db',''),(1691,'fojtótrafó','6 konténer','1','','','db',''),(1692,'forgásirány figyelő','fiókos szekrény 2','2','MS23-22EX0-R/24VDC','TURCK','db',''),(1693,'forrasztópáka 220V','14 szekrény','1','0760CD','ERSA','db',''),(1694,'forrasztópáka 24V','14 szekrény','1','','Weller','db','ROSSZ'),(1695,'főkapcsoló','4 konténer','1','FLTA 250','BRIMMA','db',''),(1696,'főkapcsoló','nagyraktár 21 polc','2','NZM9-250','Moeller ','db',''),(1697,'főkapcsoló','4 konténer','1','VCDN12','Telemecanique','db',''),(1698,'főkapcsoló','1 konténer','1','ZVGK 63','','db',''),(1699,'főkapcsoló ajtórögzítővel','4 konténer','1','RH-PKZ2','Moeller ','db',''),(1700,'földszivárgás modul','4 konténer','1','56173.0','Schneider ','db',''),(1701,'földszivárgás modul','2 konténer','1','RH99M','Schneider ','db',''),(1702,'fúró-és vágóolaj spray 500 ml','1 konténer','1','','Förch','flakon',''),(1703,'fűtés termosztát','2 konténer','1','E5CC-RX3A5M-000','Omron','db',''),(1704,'fűtőbetét','19 szekrény','1','5101 kar M-Zóna','KONE','db',''),(1705,'gégecső 16mm','nagyraktár 1 polc','200','','','méter',''),(1706,'gégecső 20mm','nagyraktár 1 polc','20','','','méter',''),(1707,'gombafejű működtetőfej','17 szekrény','27','P-r sw','V/A Elektronika Rt','db',''),(1708,'görgő Telemecanique VÁK-hoz','1 konténer','3','','','db',''),(1709,'görgő VÁK-hoz','3 konténer','3','LS-XRLA','EATON','db',''),(1710,'Graetz-híd 3 fázisú','3 konténer','1','','','db',''),(1711,'gumikábel 2 eres 3 m ','5 konténer','2','','','db',''),(1712,'gumikábel 3 eres 5 m ','5 konténer','3','','','db',''),(1713,'hajólámpa','4 konténer','1','','','db',''),(1714,'halogén izzó 100W egyenes','nagyraktár 30 polc','3','','','db',''),(1715,'hidraulikus prés','18 szekrény','1','STI932','Stilo','db',''),(1716,'hosszabbító kábel  40 m','18 szekrény','1','','','db',''),(1717,'hosszabbító kábel gumiszigetelésű','14 szekrény','15','','','m',''),(1718,'hőkioldó','12 szekrény','25','GMV 25f','Ganz KK','db',''),(1719,'hőkioldó','19 szekrény','10','GMV 25f','Ganz KK','db',''),(1720,'hőkioldó','15 szekrény','7','H0-2K','Ganz KK','db',''),(1721,'hőkioldó LT lépcsőkhöz','nagyraktár 3 polc','20','','','db',''),(1722,'hőlégfúvó','14 szekrény','1','GHG 650 LCE','BOSCH','db',''),(1723,'hőrelé','1 konténer','1','BH 0','Ganz KK','db',''),(1724,'hőrelé','12 szekrény','1','H0-2K','Ganz KK','db',''),(1725,'hőrelé','19 szekrény','27','H0-2K','Ganz KK','db',''),(1726,'hőrelé','1 konténer','1','H0-2K','Ganz KK','db',''),(1727,'idő','fiókos szekrény 14','8','R2.064.0209.0','SCHLEICHER','db',''),(1728,'időrelé','12 szekrény','1','CRM-93H','ELCO','db',''),(1729,'időrelé','3 konténer','4','VDE 0435','Nivelco','db',''),(1730,'időrelé','17 szekrény','4','SZT31','SCHLEICHER','db',''),(1731,'időrelé','17 szekrény','2','SZT32 ','SCHLEICHER','db',''),(1732,'időrelé','17 szekrény','6','SZT320','SCHLEICHER','db',''),(1733,'időrelé','4 konténer','7','3RP1505-2AW30','siEMENS','db',''),(1734,'időrelé','4 konténer','6','3RP1525-2BP30','SiEMENS','db',''),(1735,'időrelé','4 konténer','6','3RP1540-2BN31','siEMENS','db',''),(1736,'időrelé','3 konténer','2','RE8RB11BU','Telemecanique','db',''),(1737,'időrelé foglalattal','15 szekrény','16','DYM C 100 S 220 V','Ganz KK','db',''),(1738,'időzítő','fiókos szekrény 18','8','CRM-93H','ELKO','db',''),(1739,'időzítő','12 szekrény','1','83.91.0.240.0000','Finder','db',''),(1740,'időzítő','fiókos szekrény 8','11','83.91.0.240.0000','Finder','db',''),(1741,'időzítő','1 konténer','20','85.04.8.240.0000','Finder','db',''),(1742,'időzítő','fiókos szekrény 4','16','85.04.8.240.0000','Finder','db',''),(1743,'időzítő','3 konténer','2','DYM C 10 M 220V','Ganz KK','db',''),(1744,'időzítő','3 konténer','13','DYM C 100 M 220 V','Ganz KK','db',''),(1745,'időzítő','3 konténer','18','DYM C 100 S 220 V','Ganz KK','db',''),(1746,'időzítő','19 szekrény','1','D6DM DELTA VDE 0435','Nivelco','db',''),(1747,'időzítő','6 konténer','3','H3DE-H','Omron','db',''),(1748,'időzítő','6 konténer','1','H3DE-M2','Omron','db',''),(1749,'időzítő','15 szekrény','5','LADT2','Schneider ','db',''),(1750,'időzítő','17 szekrény','2','RE8RB11BU','Schneider ','db',''),(1751,'időzítő','fiókos szekrény 18','14','3RP2505-2AW30','SiEMENS','db',''),(1752,'időzítő multifunkciós','fiókos szekrény 14','10','RE22R2MMU','Schneider ','db',''),(1753,'időzitő relé multifunkciós','5 konténer','5','RE17RMXMU','Schneider ','db',''),(1754,'impulzus relé','fiókos szekrény 8','6','A9C30111','Schneider ','db',''),(1755,'impulzus relé','fiókos szekrény 8','14','A9C32816','Schneider ','db',''),(1756,'infra érzékelő (lépcsőkocsi)','12 szekrény','1','RL31-8-H-800-RT-IO/59/73c/136','Pepperl-Fuchs','db',''),(1757,'infra-radar burkolat','12 szekrény','1','','CNIM','db',''),(1758,'infrasorompó','3 konténer','4','ISV-153','Novelco','szett',''),(1759,'iniciátor','12 szekrény','20','SI12SM-C2','AECO','db',''),(1760,'iniciátor ','nagyraktár 21 polc','1','KM281751H01','KONE','db',''),(1761,'iniciátor ','nagyraktár 21 polc','2','XS8C1A1PAL01M12','Telemecanique','db',''),(1762,'iniciátor ','2 konténer','10','Bi2-M12-Y1X-H1141','TURCK','db',''),(1763,'iniciátor vezeték anya csatlakozóval 5 m','6 konténer','1','XZC P1241L5','Telemecanique','db',''),(1764,'iniciátor vezeték csatlakozóval','2 konténer','1','','','doboz',''),(1765,'iniciátor vezetékkel','3 konténer','1','Mi10-P18-Y0/S100','TURCK','db',''),(1766,'iniciátor vezetékkel - különböző','2 konténer','2','','','doboz',''),(1767,'irányfény CNIM','3 konténer','3','ERI-05','Ningbo Pecaf','db',''),(1768,'irányfény dobozfedél LT lépcsőhöz','nagyraktár 8 polc','3','','','db',''),(1769,'izzó 24V 18W','nagyraktár 30 polc','50','','','db',''),(1770,'izzó 24V 2W','nagyraktár 30 polc','15','','','db',''),(1771,'izzó 24V 3W','6 konténer','5','','','db',''),(1772,'izzó 24V 3W','2 konténer','70','','','db',''),(1773,'izzó 24V 3W','nagyraktár 30 polc','25','','','db',''),(1774,'izzó 40W E27','2 konténer','1','','','db',''),(1775,'izzófoglalat','3 konténer','30','FA','VA RT','db',''),(1776,'izzófoglalat E27 porcelán ','11 szekrény','5','','','db',''),(1777,'izzófoglalatok (E14-27), fénycsőfoglalat','20 szekrény','0','','','',''),(1778,'javítókészlet LT irányfényhez','3 konténer','1','','','doboz',''),(1779,'kábelbilincs','6 konténer','10','','','db',''),(1780,'kábelsaru alumínium','nagyraktár 9 polc','20','','As 120-22/14,5','db',''),(1781,'kábelsaru alumínium','','10','','AS 240-28/21','db',''),(1782,'kábelsaru alumínium','6 konténer','10','35 10','','db',''),(1783,'kábelsaru alumínium','11 szekrény','160','AS120-22/14,5','','db',''),(1784,'kábelsaru alumínium','11 szekrény','170','AS150-24/16,5','','db',''),(1785,'kábelsaru alumínium','11 szekrény','180','AS185-26/18','','db',''),(1786,'kábelsaru alumínium','11 szekrény','165','AS240-28/21','','db',''),(1787,'kábelsaru alumínium','11 szekrény','150','AS70-18/11','','db',''),(1788,'kábelsaru alumínium','11 szekrény','150','AS95-20/13','','db',''),(1789,'kábelsaru alumínium','11 szekrény','9','AS95W','','db',''),(1790,'kábelsaru galvanizált','6 konténer','10','25Qmm/M8','','db',''),(1791,'kábelsaru réz','11 szekrény','20','VS120-12/20','','db',''),(1792,'kábelsaru réz','11 szekrény','12','VS120-20/15','','db',''),(1793,'kábelsaru réz','11 szekrény','12','VS240-26/21','','db',''),(1794,'kábelsaru réz','11 szekrény','12','VS25-10/8','','db',''),(1795,'kábelsaru réz','11 szekrény','24','VS35-12/8','','db',''),(1796,'kábelsaru réz','11 szekrény','12','VS70-16/12','','db',''),(1797,'kábelsaru réz ónozott','11 szekrény','20','CL35-10','','db',''),(1798,'kapcsoló 3 fázisú 32A','','8','KK 1-6002','Ganz KK','db',''),(1799,'kapcsoló 3 fázisú 63A','15 szekrény','2','28902.0','Schneider ','db',''),(1800,'kapcsoló 3 pólusú','19 szekrény','15','GN20-10-P','Koncar','db',''),(1801,'kapocsdekli LT motorhoz','nagyraktár 5 polc','3','','','db',''),(1802,'késes biztosító aljzat','nagyraktár 31 polc','6','00SU5N','M.Schneider','db',''),(1803,'késes biztosító aljzat','nagyraktár 31 polc','30','NTA-0','TRACON','db',''),(1804,'késes biztosító aljzat','nagyraktár 6 polc','3','','','db',''),(1805,'késes olvadóbiztosító 100A','nagyraktár 2 polc','30','','','db',''),(1806,'késes olvadóbiztosító 100A','nagyraktár 5 polc','3','','','db',''),(1807,'késes olvadóbiztosító 125A','nagyraktár 3 polc','30','','','db',''),(1808,'késes olvadóbiztosító 160A','nagyraktár 3 polc','12','','','db',''),(1809,'késes olvadóbiztosító 200A','nagyraktár 5 polc','12','','','db',''),(1810,'késes olvadóbiztosító 20A','nagyraktár 2 polc','24','','','db',''),(1811,'késes olvadóbiztosító 35A','nagyraktár 2 polc','9','','','db',''),(1812,'késes olvadóbiztosító 50A','nagyraktár 2 polc','55','','VNO 00 50A','db',''),(1813,'késes olvadóbiztosító 50A','nagyraktár 5 polc','24','','','db',''),(1814,'késes olvadóbiztosító 63A','nagyraktár 2 polc','3','','','db',''),(1815,'késes olvadóbiztosító 80A','nagyraktár 2 polc','60','','','db',''),(1816,'késes olvadóbiztosító 80A','nagyraktár 5 polc','36','','','db',''),(1817,'kis relé 11 lábú','17 szekrény','9','KR11','EVIG','db',''),(1818,'kis relé 11 lábú 24V DC','6 konténer','8','KR11','EVIG','db',''),(1819,'kismegszakító','15 szekrény','4','S 201M K 6A','ABB','db',''),(1820,'kismegszakító','15 szekrény','1','S 202P Z 6A','ABB','db',''),(1821,'kismegszakító','1 konténer','2','S 271 K 2A','ABB','db',''),(1822,'kismegszakító','15 szekrény','1','S 271 K 4A','ABB','db',''),(1823,'kismegszakító','6 konténer','1','S 271 K 4A','ABB','db',''),(1824,'kismegszakító','1 konténer','1','E91E B10','AEG','db',''),(1825,'kismegszakító','1 konténer','3','E91E C10','AEG','db',''),(1826,'kismegszakító','1 konténer','2','E91E C4','AEG','db',''),(1827,'kismegszakító','1 konténer','2','E91E C6','AEG','db',''),(1828,'kismegszakító','6 konténer','1','S 161 - K','BBC','db',''),(1829,'kismegszakító','15 szekrény','4','CLS4-C6','EATON','db',''),(1830,'kismegszakító','15 szekrény','3','PL7-B1,5/1','EATON','db',''),(1831,'kismegszakító','15 szekrény','4','PL7-B3/1','EATON','db',''),(1832,'kismegszakító','15 szekrény','4','PL7-C2/1','EATON','db',''),(1833,'kismegszakító','15 szekrény','4','PL7-C3/2','EATON','db',''),(1834,'kismegszakító','6 konténer','1','028 21','Legrand','db',''),(1835,'kismegszakító','1 konténer','6','6046 62','Legrand','db',''),(1836,'kismegszakító','1 konténer','4','6046 62 C10','Legrand','db',''),(1837,'kismegszakító','1 konténer','6','6050 01 C4','Legrand','db',''),(1838,'kismegszakító','1 konténer','14','6050 02 C6','Legrand','db',''),(1839,'kismegszakító','15 szekrény','1','C60a C20','Merlin Gerin','db',''),(1840,'kismegszakító','1 konténer','4','C60a C20','Merlin Gerin','db',''),(1841,'kismegszakító','1 konténer','1','CLS6-C2','Moeller ','db',''),(1842,'kismegszakító','15 szekrény','1','iC80L Z 3A','Schneider ','db',''),(1843,'kismegszakító','15 szekrény','4','iC80N B 1A','Schneider ','db',''),(1844,'kismegszakító','15 szekrény','4','iC80N B 2A','Schneider ','db',''),(1845,'kismegszakító','15 szekrény','4','iC80N B 4A','Schneider ','db',''),(1846,'kismegszakító','15 szekrény','3','iC80N C 10A','Schneider ','db',''),(1847,'kismegszakító','1 konténer','1','iC80N C 10A','Schneider ','db',''),(1848,'kismegszakító','15 szekrény','4','iC80N C 1A','Schneider ','db',''),(1849,'kismegszakító','15 szekrény','2','iC80N C 6A','Schneider ','db',''),(1850,'kismegszakító','15 szekrény','1','iC80N D 3A','Schneider ','db',''),(1851,'kismegszakító','15 szekrény','1','iC80N D 63A','Schneider ','db',''),(1852,'kismegszakító','6 konténer','8','5SX22','SiEMENS','db',''),(1853,'kismegszakító','15 szekrény','4','5SY4106-7','SiEMENS','db',''),(1854,'kismegszakító 35-L','nagyraktár 31 polc','4','','','db',''),(1855,'kompakt fénycső 11W G23 foglalat','2 konténer','5','FD11 F82','Tungsram','db',''),(1856,'kompakt fénycső 12W  E27','4 konténer','160','','OSRAM','db',''),(1857,'kompakt fénycső 12W E27 foglalat','2 konténer','23','','OSRAM','db',''),(1858,'kompakt fénycső 13W E27 foglalat','2 konténer','19','','','db',''),(1859,'kompakt fénycső 15W csavart E27','nagyraktár','96','','Philips','db',''),(1860,'kompakt fénycső 18W','2 konténer','195','GX24q-2','General Electric','db',''),(1861,'kompakt fénycső 18W 2G11','2 konténer','30','','','db',''),(1862,'kompakt fénycső 7W  G23','2 konténer','20','','Tungsram','db',''),(1863,'kompakt fénycső 7W 2 PIN','2 konténer','27','','General Electric','db',''),(1864,'kompakt fénycső 9W G23 foglalat','2 konténer','40','','','db',''),(1865,'kompresszor','18 szekrény','1','','Steinhaus','db',''),(1866,'kontakt spray','1 konténer','12','','Förch','flakon',''),(1867,'kontakt spray','1 konténer','1','664.0','Nicro','flakon',''),(1868,'kötegelő különböző méretekben','1 konténer','8','','','csomag',''),(1869,'kötődoboz 120 x 120','11 szekrény','13','','','db',''),(1870,'kötődoboz 95 x 170','4 konténer','3','','','db',''),(1871,'közdarab Stop-gombhoz','fiókos szekrény 2','36','M22-LS','Moeller ','db',''),(1872,'kulcsos kapcsoló','3 konténer','2','VDE 0660','VA RT','db',''),(1873,'kulcsos kapcsoló OK','19 szekrény','11','AT12F935','','db',''),(1874,'kulcsos kapcsoló OK','6 konténer','3','','','db',''),(1875,'kulcsos nyomógomb','17 szekrény','1','VDE 0660','V/A Elektronika Rt','db',''),(1876,'lakatfogó','14 szekrény','1','CM 8','BENNING','db',''),(1877,'lámpafoglalat','17 szekrény','30','Fa-oGL','V/A Elektronika Rt','db',''),(1878,'lapos kábelsaru csatlakozó 4 p.','','40','','','db',''),(1879,'lapos kábelsaru összekötő','','120','','','db',''),(1880,'LED szalag időjárásálló 24V','20 szekrény','1','','','tekercs',''),(1881,'LED szalag toldó','3 konténer','10','','','db',''),(1882,'lépcsőkocsihiány érzékelő CNIM','2 konténer','1','IMS126','IFM','db',''),(1883,'lépcsőkocsihiány érzékelő KONE','2 konténer','3','XS7C1A1PAL01M12','Telemecanique','db',''),(1884,'lombfúvó','14 szekrény','1','UB1101','Makita','db',''),(1885,'mágneskapcsoló','1 konténer','25','AF09-30-10-13','ABB','db',''),(1886,'mágneskapcsoló','nagyraktár 8 polc','7','','DIL 6-22','db','bontott'),(1887,'mágneskapcsoló','3 konténer','2','DILER-40-G','EATON','db',''),(1888,'mágneskapcsoló','19 szekrény','6','DILM25-32','EATON','db',''),(1889,'mágneskapcsoló','12 szekrény','2','DILER-31-G','EATON ','db',''),(1890,'mágneskapcsoló','12 szekrény','1','DILER-40-G','EATON ','db',''),(1891,'mágneskapcsoló','12 szekrény','2','DILM25-32','EATON ','db',''),(1892,'mágneskapcsoló','3 konténer','4','DIL 00-52d','ganz KK','db',''),(1893,'mágneskapcsoló','3 konténer','1','DIL 00L-44','Ganz KK','db',''),(1894,'mágneskapcsoló','nagyraktár 5 polc','50','DIL 00L-44','Ganz KK','db',''),(1895,'mágneskapcsoló','12 szekrény','3','DIL 00L-62','Ganz KK','db',''),(1896,'mágneskapcsoló','1 konténer','3','DIL 00L-62','Ganz KK','db',''),(1897,'mágneskapcsoló','nagyraktár 11 polc','12','DIL 2-22d','Ganz KK','db','bontott'),(1898,'mágneskapcsoló','12 szekrény','9','DIL-K(G)4','Ganz KK','db',''),(1899,'mágneskapcsoló','12 szekrény','4','DIL-K7-10','Ganz KK','db',''),(1900,'mágneskapcsoló','4 konténer','1','DIL-K75X-22','Ganz KK','db',''),(1901,'mágneskapcsoló','12 szekrény','1','DIL1AM/22','Ganz KK','db',''),(1902,'mágneskapcsoló','12 szekrény','2','DIL2M','Ganz KK','db',''),(1903,'mágneskapcsoló','12 szekrény','1','DILR31','Ganz KK','db',''),(1904,'mágneskapcsoló','3 konténer','1','DL -K11-10','Ganz KK','db',''),(1905,'mágneskapcsoló','3 konténer','1','DL -K7-10','Ganz KK','db',''),(1906,'mágneskapcsoló','19 szekrény','23','DL 0 - 52','Ganz KK','db',''),(1907,'mágneskapcsoló','12 szekrény','1','DL 00 L - 44','Ganz KK','db',''),(1908,'mágneskapcsoló','1 konténer','4','DL 00L-44','Ganz KK','db',''),(1909,'mágneskapcsoló','19 szekrény','10','DL 00L-62','Ganz KK','db',''),(1910,'mágneskapcsoló','4 konténer','8','DL 2 -22d','Ganz KK','db',''),(1911,'mágneskapcsoló','12 szekrény','5','DL-K4-10','Ganz KK','db',''),(1912,'mágneskapcsoló','12 szekrény','4','DL-K7-10','Ganz KK','db',''),(1913,'mágneskapcsoló','1 konténer','1','DL-K7-10','Ganz KK','db',''),(1914,'mágneskapcsoló','12 szekrény','3','DL00-52d','Ganz KK','db',''),(1915,'mágneskapcsoló','1 konténer','33','DL00-52d','Ganz KK','db',''),(1916,'mágneskapcsoló','12 szekrény','1','DL00L-44','Ganz KK','db',''),(1917,'mágneskapcsoló','19 szekrény','9','DL2-22d','Ganz KK','db',''),(1918,'mágneskapcsoló','20 szekrény','1','DILER-40-E','Moeller ','db',''),(1919,'mágneskapcsoló','12 szekrény','2','PMC-65','Powerman','db',''),(1920,'mágneskapcsoló','12 szekrény','10','CA3KN31BD','Schneider ','db',''),(1921,'mágneskapcsoló','12 szekrény','2','CA3KN31BD3','Schneider ','db',''),(1922,'mágneskapcsoló','12 szekrény','8','CA3KN40BD','Schneider ','db',''),(1923,'mágneskapcsoló','6 konténer','2','CA3KN40BD3','Schneider ','db',''),(1924,'mágneskapcsoló','1 konténer','1','CA3KN40BD3','Schneider ','db',''),(1925,'mágneskapcsoló','15 szekrény','2','CAD32BD','Schneider ','db',''),(1926,'mágneskapcsoló','15 szekrény','1','LC1 D80P7','Schneider ','db',''),(1927,'mágneskapcsoló','11 szekrény','2','LC1D115P7','Schneider ','db',''),(1928,'mágneskapcsoló','19 szekrény','10','LC1D323P7','Schneider ','db',''),(1929,'mágneskapcsoló','15 szekrény','1','LC1D65AP7','Schneider ','db',''),(1930,'mágneskapcsoló','4 konténer','12','3RH1344-2AP00-0KA0','SiEMENS','db',''),(1931,'mágneskapcsoló','4 konténer','6','3RT1017-2AP04','SiEMENS','db',''),(1932,'mágneskapcsoló','4 konténer','8','3RT1036-3AP06','SiEMENS','db',''),(1933,'mágneskapcsoló','19 szekrény','15','3RT1036-3APO6','SiEMENS','db',''),(1934,'mágneskapcsoló','','9','3RT1036-3APO6','SiEMENS','db',''),(1935,'mágneskapcsoló','6 konténer','2','CA2KN22M7','Telemecanique','db',''),(1936,'mágneskapcsoló','12 szekrény','1','TR1K0904','TRACON','db',''),(1937,'milliOhm-mérő','18 szekrény','1','PeakTech2705','PeakTech','db',''),(1938,'mini PLC','12 szekrény','1','Zelio sr2A101BD','Schneider ','db',''),(1939,'motortömítő szilikonos 200 ml','1 konténer','1','K 166','Förch','flakon','bontott'),(1940,'motorvédő kapcsoló','15 szekrény','1','PKZM4-40','EATON','db',''),(1941,'motorvédő kapcsoló','3 konténer','1','PKZM0-16','Moeller ','db',''),(1942,'motorvédő kapcsoló','3 konténer','4','PKZM0-32','Moeller ','db',''),(1943,'motorvédő kapcsoló','2 konténer','4','GV2ME07','Schneider ','db',''),(1944,'motorvédő kapcsoló','4 konténer','6','3RV1041-4FA10','SieMENS','db',''),(1945,'motorvédő kismegszakító 10-16A','15 szekrény','1','PKZM0-16','EATON','db',''),(1946,'motorvédő relé','3 konténer','1','H0-2K','Ganz KK','db',''),(1947,'motorvédő relé','nagyraktár 31 polc','2','H0-2K','Ganz KK','db',''),(1948,'motorvédő relé','3 konténer','1','UNC','Ganz KK','db',''),(1949,'motorvédő relé','3 konténer','2','ZM-40-PKZ2','Moeller ','db',''),(1950,'motorvédő relé','3 konténer','1','06ATEX0036X','Schneider ','db',''),(1951,'motorvédő relé','15 szekrény','2','GV2ME16','Schneider ','db',''),(1952,'motorvédő relé','15 szekrény','2','GV2ME20','Schneider ','db',''),(1953,'NH késes biztosító aljzat','20 szekrény','6','NHZ-1 S 250 A 690 V','KAWETRA','db',''),(1954,'NH késes olvadóbiztosító 100A','20 szekrény','1','NH-C00 gL-gL','LINDNER','db',''),(1955,'NH késes olvadóbiztosító 125A','20 szekrény','3','NH 0/gG 125A 500 V','ELCO','db',''),(1956,'NH késes olvadóbiztosító 160A','20 szekrény','4','NH 1/gG 160A 500 V ','ELCO','db',''),(1957,'NH késes olvadóbiztosító 16A','20 szekrény','50','NH 00 C 16A gG 500 V','ELCO','db',''),(1958,'NH késes olvadóbiztosító 200A','20 szekrény','18','NH 1 200A gG 500V','KAWETRA','db',''),(1959,'NH késes olvadóbiztosító 20A','20 szekrény','6','NH00 / gL 20 A 500 V','','db',''),(1960,'NH késes olvadóbiztosító 250A','20 szekrény','3','','','db',''),(1961,'NH késes olvadóbiztosító 315A','20 szekrény','8','NH00 DIN80','','db',''),(1962,'NH késes olvadóbiztosító 35A','20 szekrény','15','NH 00 C 35A gG 500 V','KAWETRA','db',''),(1963,'NH késes olvadóbiztosító 35A','20 szekrény','3','NH00/gL 35A 500 V','VBKM VT','db',''),(1964,'NH késes olvadóbiztosító 50A','20 szekrény','3','NH00 / gL 50 A 500 V','ELCO','db',''),(1965,'NH késes olvadóbiztosító 50A','20 szekrény','0','NH 00 C 50A gG 500 V','KAWETRA','',''),(1966,'NH késes olvadóbiztosító 63A','20 szekrény','2','0-SE2 63A','','db',''),(1967,'NH késes olvadóbiztosító 63A','20 szekrény','5','NH 00 C 63A gG 500 V','','db',''),(1968,'NH késes olvadóbiztosító 80A','20 szekrény','33','NT00C-80','TRACON','db',''),(1969,'NH késes olvadóbiztosító 80A','3 konténer','3','NT00C-80','TRACON','db',''),(1970,'nyomógomb betét','3 konténer','22','NYAE102','TRACON','db',''),(1971,'nyomógomb K érintkező','17 szekrény','90','K 13200','V/A Elektronika Rt','db',''),(1972,'nyomógomb kapcsolóval','17 szekrény','20','P-v IK 13730','V/A Elektronika Rt','db',''),(1973,'nyomógomb LT lépcsőkhöz','nagyraktár 3 polc','2','','','tálca',''),(1974,'nyomógomb működtetőfej','17 szekrény','30','D-x-sw','V/A Elektronika Rt','db',''),(1975,'nyomógomb OK lépcsőkhöz','6 konténer','4','VDE 0660','','db',''),(1976,'OK motorvédő kártya','17 szekrény','2','','OK','db',''),(1977,'OK olajzó elosztó','3 konténer','2','163229.0','OK','db',''),(1978,'olajgomba','12 szekrény','3','','','db',''),(1979,'olajgomba','2 konténer','3','','','db',''),(1980,'olajgomba','1 konténer','2','','','db',''),(1981,'olajzó kártya','6 konténer','1','EUW II','REBS','db',''),(1982,'olajzó kocka','6 konténer','1','','','db',''),(1983,'olajzókártya tartó','6 konténer','3','','','db',''),(1984,'olajzótartály szivattyúval komplett','4 konténer','2','','','db',''),(1985,'olvadóbiztosító 10 x 38 10A','2 konténer','50','','','db',''),(1986,'olvadóbiztosító 10 x 38 4A','2 konténer','50','','','db',''),(1987,'olvadóbiztosító 10 x 38 6A','2 konténer','50','','','db',''),(1988,'olvadóbiztosító 10 x 38 8A','2 konténer','50','','','db',''),(1989,'olvadóbiztosító 16A','20 szekrény','5','gG - gL 16A','ETI','db',''),(1990,'olvadóbiztosító 22 x 58 32A','2 konténer','10','','','db',''),(1991,'olvadóbiztosító 22 x 58 40A','2 konténer','10','','','db',''),(1992,'olvadóbiztosító 22 x 58 50A','2 konténer','10','','','db',''),(1993,'olvadóbiztosító 22 x 58 63A','2 konténer','10','','','db',''),(1994,'olvadóbiztosító 22 x 58 80A','2 konténer','10','','','db',''),(1995,'olvadóbiztosító 63A','5 konténer','30','CH 22 gG','KVGY','db',''),(1996,'oszcilloszkóp 2 csatormás','18 szekrény','1','TDS 2012C','Tektronix','db',''),(1997,'patentfogó saruzó fejjel','14 szekrény','1','','','db',''),(1998,'pattintós relé foglalat','nagyraktár 3 polc','30','','DIPE PY14','db',''),(1999,'PLC','5 konténer','3','SR2 A101BD','Schneider ','db',''),(2000,'PLC','2 konténer','3','SR2 A101BD','Schneider ','db','használt'),(2001,'PLC görgő ','13 szekrény','8','','','db',''),(2002,'plombazsinór','20 szekrény','1','','','tekercs',''),(2003,'porcelán gyűrű biztosító aljzathoz 2A','nagyraktár 3 polc','50','','','db',''),(2004,'porcelán gyűrű biztosító aljzathoz 6A','nagyraktár 3 polc','50','','','db',''),(2005,'radar burkolat CNIM','2 konténer','1','','','db',''),(2006,'radar fedél Thyssen','2 konténer','3','','','db',''),(2007,'radar komplett Thyssen','2 konténer','1','Merkur 2 ES.C','Bircher','db',''),(2008,'régi vezérlőegység','6 konténer','1','','','db',''),(2009,'relé','6 konténer','1','60.12.9.024.0040','Finder','db',''),(2010,'relé','1 konténer','3','DILR31','Moeller ','db',''),(2011,'relé','fiókos szekrény 7','4','2 RH 30','RELOG','db',''),(2012,'relé ','20 szekrény','16','RELOG 4 RH 40','EAW','db',''),(2013,'relé ','6 konténer','7','55.34.9.024.0040','Finder','db',''),(2014,'relé ','6 konténer','3','R15-2012-23-5024-WT','RelPol','db',''),(2015,'relé ','15 szekrény','2','LRD04','Schneider ','db',''),(2016,'relé ','1 konténer','1','LRD08','Schneider ','db',''),(2017,'relé ','15 szekrény','2','LRD32','Schneider ','db',''),(2018,'relé 11 pólusú','3 konténer','39','1.5101322322E11','','db',''),(2019,'relé 12V DC','fiókos szekrény 1','19','GPM-4','RE-CO','db',''),(2020,'relé 12V DC kis méretű CNIM lépcsőhöz','5 konténer','1','RCL424012','Weidmüller','db',''),(2021,'relé 200V DC KR11','fiókos szekrény 8','20','','EVIG','db',''),(2022,'relé 230V AC','fiókos szekrény 6','16','MY4 220/240VAC','Omron','db',''),(2023,'relé 230V AC','fiókos szekrény 6','4','GPM-4','RE-CO','db',''),(2024,'relé 230V AC','5 konténer','50','PT 570 730','Shrack','db',''),(2025,'relé 230V AC KR11','fiókos szekrény 12','50','','','db',''),(2026,'relé 230V AC KR11','nagyraktár 31 polc','19','','','db',''),(2027,'relé 230V AC KR8','fiókos szekrény 9','14','','EVIG','db',''),(2028,'relé 24V AC','fiókos szekrény 6','8','MY4 24VAC','Omron','db',''),(2029,'relé 24V AC KR11','fiókos szekrény 9','6','','EVIG','db',''),(2030,'relé 24V AC KR11','fiókos szekrény 6','3','60.13.8.024.0040','Finder','db',''),(2031,'relé 24V AC KR11','fiókos szekrény 15','85','','','db',''),(2032,'relé 24V AC KR8','fiókos szekrény 10','70','R15-2012-23-5024-WT','RelPol','db',''),(2033,'relé 24V DC','fiókos szekrény 1','2','56.34.9.024.0040','Finder','db',''),(2034,'relé 24V DC','fiókos szekrény 1','108','R4N-2014-23-1024-WTL','RelPol','db',''),(2035,'relé 24V DC','fiókos szekrény 1','2','DRM 570024LT','Weidmüller','db',''),(2036,'relé 24V DC kis méretű CNIM lépcsőhöz','5 konténer','50','RCL424024','Weidmüller','db',''),(2037,'relé 24V DC KR11','fiókos szekrény 11','62','','','db',''),(2038,'relé 24V DC KR11','nagyraktár 31 polc','8','','','db',''),(2039,'relé 24V DC KR11','nagyraktár 31 polc','80','','','db',''),(2040,'relé 24V DC KR8','fiókos szekrény 9','7','','EVIG','db',''),(2041,'relé 24V DC KR8','fiókos szekrény 9','6','60.12.9.024.0040','Finder','db',''),(2042,'relé KONE sorkapocshoz','6 konténer','2','','','db',''),(2043,'relé különféle','nagyraktár 3 polc','40','','','db',''),(2044,'reléfoglalat 11 pólusú','3 konténer','120','JFCS-11','MISZ Jászberény','db',''),(2045,'reléfoglalat 11 pólusú sínre szerelhető','5 konténer','9','90 21','Finder','db',''),(2046,'reléfoglalat 8 pólusú kerek','6 konténer','1','90.20','Finder','db',''),(2047,'reléfoglalat 8 pólusú kerek','6 konténer','3','','','db',''),(2048,'reléfoglalat Finder','6 konténer','4','34425.0','Finder','db',''),(2049,'reléfoglalat Finder sínre szerelhető','5 konténer','29','94 04','Finder','db',''),(2050,'reléfoglalat KR11','19 szekrény','2','MT78740','SCHRACK','db',''),(2051,'reléfoglalat sínre szerelhető','5 konténer','50','8.86949E9','Weidmüller','db',''),(2052,'rugós pálca Telemecanique VÁK.hoz','15 szekrény','30','ZCE07','Telemecanique','db',''),(2053,'saruzó fogó','14 szekrény','1','','ESPA','db',''),(2054,'saruzó fogó','14 szekrény','1','MGL 63 242/16','STANLEY Dubuis','db',''),(2055,'sávcsatlakozó','nagyraktár 16 polc','12','','','panel',''),(2056,'sebességfigyelő relé Thyssen','2 konténer','2','TSR DMS','ThyssenKrupp','db',''),(2057,'segéd kapcsoló blokk','1 konténer','3','HL-K 44','Ganz KK','db',''),(2058,'segéd kapcsoló blokk','4 konténer','51','3RH1921-2DA11','SiEMENS','db',''),(2059,'segéd kapcsoló blokk','1 konténer','4','3RH1921-2DA11','SiEMENS','db',''),(2060,'segédérintkező','3 konténer','1','CA422M','ABB','db',''),(2061,'segédérintkező','3 konténer','15','CA422M','ABB','db',''),(2062,'segédérintkező','3 konténer','2','22DILEM','EATON','db',''),(2063,'segédérintkező','3 konténer','1','DILER-31-G','EATON','db',''),(2064,'segédérintkező','1 konténer','1','DILER-31-G','EATON','db',''),(2065,'segédérintkező','4 konténer','5','DILER-40-G','EATON','db',''),(2066,'segédérintkező','1 konténer','2','DILER-40-G','EATON','db',''),(2067,'segédérintkező','12 szekrény','13','DILM150-XHI22','EATON','db',''),(2068,'segédérintkező','3 konténer','1','DILM150-XHI22','EATON','db',''),(2069,'segédérintkező','4 konténer','5','DILM150-XHI22','EATON','db',''),(2070,'segédérintkező','12 szekrény','15','DILM32-XHI22','EATON','db',''),(2071,'segédérintkező','12 szekrény','8','22DILEM','EATON ','db',''),(2072,'segédérintkező','3 konténer','1','Hi-04','Ganz KK','db',''),(2073,'segédérintkező','12 szekrény','4','13 DIL','Moeller ','db',''),(2074,'segédérintkező','12 szekrény','8','22 DILE','Moeller ','db',''),(2075,'segédérintkező','3 konténer','5','22DILE','Moeller ','db',''),(2076,'segédérintkező','4 konténer','7','22DILE','Moeller ','db',''),(2077,'segédérintkező','4 konténer','5','31DIL','Moeller ','db',''),(2078,'segédérintkező','1 konténer','3','PMC-16M','MU System','db',''),(2079,'segédérintkező','1 konténer','21','PMS-4M','MU System','db',''),(2080,'segédérintkező','3 konténer','1','PMC-9M','OMU System','db',''),(2081,'segédérintkező','3 konténer','1','PMS-4M','Powerman','db',''),(2082,'segédérintkező','3 konténer','1','LADN11','Schneider ','db',''),(2083,'segédérintkező','4 konténer','12','3RH1911-2FA22','siEMENS','db',''),(2084,'segédérintkező','4 konténer','6','3RH1911-2HA12','SiEMENS','db',''),(2085,'segédérintkező','1 konténer','1','LC1 K09008M7','Telemecanique','db',''),(2086,'segédérintkező','1 konténer','5','TR5-KN04','TRACON','db',''),(2087,'segédérintkező sorolható','3 konténer','4','PMC-50','Powerman','db',''),(2088,'segédérintkező sorolható','3 konténer','3','PMC-65','Powerman','db',''),(2089,'sínre szerelhető dugalj 220 V','15 szekrény','20','VES 633 47 87','Pollmann Elektrotechnik','db',''),(2090,'sínrögzítő','5 konténer','14','ABL 1A02','Schneider ','db',''),(2091,'sorkapocs ','3 konténer','80','KCSN 2,5','KIPSZER','db',''),(2092,'sorkapocs ','6 konténer','50','Wago 249','Wago','db',''),(2093,'sorkapocs ','6 konténer','40','Wago 279','Wago','db',''),(2094,'sorkapocs ','5 konténer','4','SAK16','Weidmüller','db',''),(2095,'sorkapocs ','5 konténer','10','SAK35','Weidmüller','db',''),(2096,'sorkapocs ','5 konténer','40','SAK6','Weidmüller','db',''),(2097,'sorkapocs ','5 konténer','6','SAK95','Weidmüller','db',''),(2098,'sorkapocs  számozva','6 konténer','50','WDU6','Weidmüller','db',''),(2099,'sorkapocs 2,5 mm2 3A 12 tagú','1 konténer','2','','','csomag',''),(2100,'sorkapocs 4 mm2 6A 12 tagú','1 konténer','2','','','csomag',''),(2101,'sorkapocs olvadóbetéttel','6 konténer','4','Wago 281','Wago','db',''),(2102,'stop-gomb','nagyraktár 21 polc','4','PBF 22','KONE','db',''),(2103,'Stop-gomb','6 konténer','12','','régi ','db',''),(2104,'Stop-gomb különböző típus','fiókos szekrény 2','40','','','db',''),(2105,'Stop-gomb VÁK-kal','13 szekrény','3','','','db',''),(2106,'stopgombok','3 konténer','1','','','doboz','különféle lépcsőkhöz'),(2107,'szerszámkészlet','18 szekrény','1','','Extol','db',''),(2108,'Szervizcsatlakozó 10 pin','16 szekrény','2','','','db',''),(2109,'Szervizcsatlakozó 6 pin','16 szekrény','10','','','db',''),(2110,'Szervizdugó + foglalat','16 szekrény','7','','OK - KONE lépcsőkhöz','db',''),(2111,'szervizkábelek (üzemképes - rossz)','16 szekrény','8','','','db',''),(2112,'szigetelésvizsgáló','14 szekrény','1','MIC 2505','Soner','db',''),(2113,'szigetelőszalag 15 mm fekete','1 konténer','30','','','tekercs',''),(2114,'szigetelőszalag 19 mm fekete','1 konténer','35','','','tekercs',''),(2115,'szigetelőszalag 19 mm piros','1 konténer','20','','','tekercs',''),(2116,'szigetelőszalag 19 mm sárga','1 konténer','5','','','tekercs',''),(2117,'szigetelőszalag 25 mm kék','1 konténer','4','','','tekercs',''),(2118,'szigetelőszalag 25 mm zöld-sárga','1 konténer','36','','','tekercs',''),(2119,'szilárdtest relé 24-240V AC','5 konténer','10','SSL1A12NDR','Schneider ','db',''),(2120,'szilikon spray 500 ml','1 konténer','1','S 420','Förch','flakon',''),(2121,'szorítópofa KS 14 hidr.préshez','14 szekrény','1','','','szett',''),(2122,'tápegység','5 konténer','1','QUINT -PS/100-240AC/30DC/2,4/EFD','Phoenix Contact','db',''),(2123,'tápegység','12 szekrény','1','6EP1322-1SH01','SIEMENS','db',''),(2124,'Tápegység 24 V','12 szekrény','5','S8FS-C05024J','Omron','db',''),(2125,'Tápegység 24 V','12 szekrény','4','ABL1REM24025','Schneider ','db',''),(2126,'tápegység 24 V','5 konténer','4','ABL8MEM24012','Schneider ','db',''),(2127,'tápegység 24 V 1.2 A','2 konténer','11','S8FS-C05024J','Omron','db',''),(2128,'tápegység 24 V 1.2 A','2 konténer','3','ABL8MEM24012','Schneider ','db','használt'),(2129,'tápegység 24 V AC','2 konténer','9','TBD2 020 24 P3','Comatec','db',''),(2130,'tápegység 24V DC 5A','2 konténer','5','NDR-120-24','MeanWell','db',''),(2131,'tappancs','18 szekrény','1','','','db','1 karja törött'),(2132,'telefonizzó','nagyraktár 30 polc','100','','','db',''),(2133,'tisztító spray elektronikai 400 ml','1 konténer','7','935.0','Nicro','flakon',''),(2134,'tok Telemecanique VÁK-hoz','1 konténer','3','','','db',''),(2135,'tokozott motorvédő','15 szekrény','3','DTMn-K11','Ganz KK','db',''),(2136,'tokozott motorvédő','6 konténer','1','DTMn-K11','Ganz KK','db',''),(2137,'tolómérő','1 konténer','1','','','db',''),(2138,'tölthető akku 9V','1 konténer','3','','','db',''),(2139,'tömszelence 54 mm','6 konténer','2','','','db',''),(2140,'tömszelence 6-13 mm','15 szekrény','30','VM20LGR','V-TEC','db',''),(2141,'transzformátor','6 konténer','7','','régi OTIS vezérlés trafói - Kuka','db',''),(2142,'transzformátor nagy OK','nagyraktár 8 polc','2','','380 / 5 - 45 - 55 - 65 - 220V','db','bontott'),(2143,'transzformátor nagy OK','1 konténer','1','','','db',''),(2144,'túláramvédő','15 szekrény','4','ZB32-24','EATON','db',''),(2145,'túláramvédő','15 szekrény','2','ZB65-65','EATON','db',''),(2146,'túláramvédő','15 szekrény','2','ZE-2,4','EATON','db',''),(2147,'üvegbiztosíték  5 x 20 2,5A','2 konténer','900','','','db',''),(2148,'üvegbiztosíték 1A','2 konténer','40','','','db',''),(2149,'üvegbiztosíték 2A','2 konténer','140','','','db',''),(2150,'üvegbiztosíték 5 x 20 1,25A','2 konténer','700','','','db',''),(2151,'üvegbiztosíték 5 x 20 1,6A','2 konténer','1200','','','db',''),(2152,'üvegbiztosíték 5 x 20 2A','2 konténer','1000','','','db',''),(2153,'üvegbiztosíték 5 x 20 500mA','2 konténer','2500','','','db',''),(2154,'üvegbiztosíték 5 x 20 800mA','2 konténer','100','','','db',''),(2155,'üvegbiztosíték 500mA','2 konténer','100','','','db',''),(2156,'üzemóra számláló','3 konténer','20','1518.0','BAUSER','db',''),(2157,'üzemóra számláló','3 konténer','8','BZ 142-1','THEBEN','db',''),(2158,'VÁK','3 konténer','1','B12-SUIZ TASTER','Bernstein','db',''),(2159,'VÁK','3 konténer','4','GC-SU1 FF','Bernstein','db',''),(2160,'VÁK','6 konténer','4','ENK-U1Z IW','Bernstein Classic','db',''),(2161,'VÁK','19 szekrény','2','LS-02','EATON','db',''),(2162,'VÁK','5 konténer','3','LS-02','EATON','db',''),(2163,'VÁK','19 szekrény','1','LS-11S','EATON','db',''),(2164,'VÁK','5 konténer','2','LS-11S/P','EATON','db',''),(2165,'VÁK','19 szekrény','2','LS-11S/RL','EATON','db',''),(2166,'VÁK','5 konténer','1','LS-11S/RL','EATON','db',''),(2167,'VÁK','5 konténer','3','LS-11s/RLA','EATON','db',''),(2168,'VÁK','19 szekrény','1','LS-11S/S','EATON','db',''),(2169,'VÁK','5 konténer','1','LS-11S/S','EATON','db',''),(2170,'VÁK','3 konténer','12','ED-1-1-62','Highly','db',''),(2171,'VÁK','1 konténer','1','ED-1-1-62','Highly','db',''),(2172,'VÁK','15 szekrény','2','ZE6100','HIGHLY','db',''),(2173,'VÁK','1 konténer','2','ZE6100','Highly','db',''),(2174,'VÁK','15 szekrény','6','ZE6102','HIGHLY','db',''),(2175,'VÁK','19 szekrény','8','ZE6102','HIGHLY','db',''),(2176,'VÁK','3 konténer','3','ZE6102','Highly','db',''),(2177,'VÁK','1 konténer','1','ZE6102','Highly','db',''),(2178,'VÁK','19 szekrény','20','PN4-0V3-1','LAMIVILL','db',''),(2179,'VÁK','19 szekrény','17','PN4-0V3-2','LAMIVILL','db',''),(2180,'VÁK','19 szekrény','7','PN4-0V3-3','LAMIVILL','db',''),(2181,'VÁK','19 szekrény','25','PN4-0V3-6','LAMIVILL','db',''),(2182,'VÁK','3 konténer','10','MEA-9104','Moujen','db',''),(2183,'VÁK','3 konténer','15','MEA-9112','Moujen','db',''),(2184,'VÁK','15 szekrény','2','MJ-7101','MOUJEN','db',''),(2185,'VÁK','19 szekrény','5','MJ-7101','MOUJEN','db',''),(2186,'VÁK','15 szekrény','6','ZE-N-2G','Omron','db',''),(2187,'VÁK','3 konténer','20','ZB2BE101','Schneider ','db',''),(2188,'VÁK','1 konténer','7','XE2 SP2141','Telemecanique','db',''),(2189,'VÁK','15 szekrény','29','ZCP29','Telemecanique','db',''),(2190,'VÁK','15 szekrény','5','ZCT21P16','Telemecanique','db',''),(2191,'VÁK','nagyraktár 31 polc','2','ZE6100','','db',''),(2192,'VÁK','nagyraktár 31 polc','2','ZE6102','','db',''),(2193,'VÁK ','3 konténer','1','ZE6100','Highly','db',''),(2194,'VÁK fej','3 konténer','1','ZCE28','Telemecanique','db',''),(2195,'VÁK K elemes','3 konténer','10','13200.0','VA RT','db',''),(2196,'VÁK K elemes','3 konténer','6','13202.0','VA RT','db',''),(2197,'VÁK K elemes','3 konténer','10','VDE 0660','VA RT','db',''),(2198,'VÁK K elemes','6 konténer','11','VDE 0660','','db',''),(2199,'VÁK Keleti CNIM fékhez','3 konténer','1','','','db',''),(2200,'VÁK KONE','nagyraktár 21 polc','1','KM5233646H01','KONE','db',''),(2201,'VÁK KONE görgős','nagyraktár 21 polc','1','KM3670221','KONE','db',''),(2202,'VÁK KONE reteszes','nagyraktár 21 polc','2','2635.0','KONE','db',''),(2203,'VÁK LT lépcsőkhöz különböző','nagyraktár 31 polc','1','','','doboz',''),(2204,'VÁK reteszes','15 szekrény','18','XCPR2902P20','Telemecanique','db',''),(2205,'VÁK rugós karral','3 konténer','7','LSM-11S/S','EATON','db',''),(2206,'váltóérintkezős kapcsoló','12 szekrény','2','AD 866.12','E.Dold & Söhne KG','db',''),(2207,'varisztor','fiókos szekrény 5','7','S20K275','','db',''),(2208,'végrögzítő','nagyraktár 13 polc','500','EWK 11 x 50','Weidmüller','db',''),(2209,'végrögzítő','nagyraktár 13 polc','900','EWK 18 x 50','Weidmüller','db',''),(2210,'ventilátor','3 konténer','3','5915PC23TB30A00','NMB','db',''),(2211,'ventilátor','3 konténer','4','RAL 7035','Pfannenberg','db',''),(2212,'ventilátor','3 konténer','5','MEC0382V1-000U-G99','SUNON','db',''),(2213,'ventilátor','11 szekrény','7','C18C23HTBF00','','db',''),(2214,'ventilátor','3 konténer','1','FPF13KR230BE-110','','db',''),(2215,'vezérlőpanel LT','nagyraktár 13 polc','2','','','db','bontott'),(2216,'vezérlőpanel OTIS','5 konténer','1','','','db',''),(2217,'vezetékszámozó ','4 konténer','1','','','doboz',''),(2218,'VGA kábel 1m','3 konténer','1','','','db',''),(2219,'világító nyomógombfej','fiókos szekrény 5','10','V-V-Z','Ganz KK','db',''),(2220,'visszajelző lámpa LT - OTIS lépcsőkhöz','6 konténer','4','','','db',''),(2221,'visszajelző lámpafej különböző','3 konténer','1','','','doboz',''),(2222,'visszajelző lámpafej piros','17 szekrény','50','L2-rt sw','V/A Elektronika Rt','db',''),(2223,'visszajelző lámpafej zöld','17 szekrény','40','L2-gn sw','V/A Elektronika Rt','db',''),(2224,'víztiszta cső 1 / 2','nagyraktár 1 polc','500','','','méter',''),(2225,'víztiszta cső 10 / 14','nagyraktár 1 polc','75','','','méter',''),(2226,'víztiszta cső 5 / 7','nagyraktár 1 polc','300','','','méter',''),(2227,'víztiszta cső 6 / 10','nagyraktár 1 polc','100','','','méter',''),(2228,'víztiszta cső 8','nagyraktár 1 polc','80','','','méter',''),(2229,'voltmérő átkapcsoló','nagyraktár 31 polc','8','VGK 16','Ganz KK','db',''),(2230,'WAGO 2-es','1 konténer','1','','','doboz',''),(2231,'WAGO 3-as','1 konténer','4','','','doboz',''),(2232,'WD 40 400 ml','1 konténer','1','','','flakon',''),(2233,'zsugorcső 19,1 mm','11 szekrény','100','','','db',''),(2234,'elektronikus előtét  2 x 36W','nagyraktár ','50','Tracon TLFV-EE-236','TRACON','db',''),(2235,'szilárdtest relé 60V - 2A 240V AC','5 konténer','19','34.881.7.060.8240','Finder','db',''),(2236,'relé 12V DC kis méretű 2CO','5 konténer','49','RCL424012','Weidmüller','db',''),(2237,'LED-modul kijelzővel reléfoglalatra szerelhető','5 konténer','50','RIM3 6/24VUC','Weidmüller','db','');
/*!40000 ALTER TABLE `Alkatresz` ENABLE KEYS */;
UNLOCK TABLES;

--
-- Table structure for table `Dolgozo`
--

DROP TABLE IF EXISTS `Dolgozo`;
/*!40101 SET @saved_cs_client     = @@character_set_client */;
/*!50503 SET character_set_client = utf8mb4 */;
CREATE TABLE `Dolgozo` (
  `id` int NOT NULL,
  `aktiv` bit(1) NOT NULL,
  `csopVez` bit(1) NOT NULL,
  `nev` varchar(255) CHARACTER SET utf8mb4 COLLATE utf8mb4_hungarian_ci NOT NULL,
  `turSzama` int NOT NULL,
  `hrAzonosito` int DEFAULT NULL,
  PRIMARY KEY (`id`)
) ENGINE=InnoDB DEFAULT CHARSET=utf8mb4 COLLATE=utf8mb4_hungarian_ci;
/*!40101 SET character_set_client = @saved_cs_client */;

--
-- Dumping data for table `Dolgozo`
--

LOCK TABLES `Dolgozo` WRITE;
/*!40000 ALTER TABLE `Dolgozo` DISABLE KEYS */;
INSERT INTO `Dolgozo` VALUES (1,_binary '',_binary '\0','Kelemen Márk',1,822014),(2,_binary '\0',_binary '\0','Mihály István',4,825586),(3,_binary '',_binary '\0','Gulyás Tamás',1,808959),(4,_binary '',_binary '\0','Marozsán Gábor',1,811797),(5,_binary '',_binary '\0','Mester János',2,812703),(6,_binary '',_binary '\0','Enzsöl Gábor',2,809049),(7,_binary '',_binary '\0','Molnár Alex',2,823188),(8,_binary '',_binary '\0','Kerepeszki László',3,802670),(9,_binary '',_binary '\0','Molnár István',3,809716),(10,_binary '',_binary '\0','Kovács Viktor',3,820118),(11,_binary '',_binary '\0','Kecskés Balázs',4,814357),(12,_binary '',_binary '\0','Horváth Ádám',4,819517),(13,_binary '',_binary '\0','Pozsonyi Imre',2,824726),(14,_binary '',_binary '\0','Kuszenda Tamás',1,824715),(15,_binary '',_binary '','Molnár Károly',5,811903),(16,_binary '',_binary '\0','Majoros Márk',4,111111),(17,_binary '',_binary '','Győri Péter',5,824048),(18,_binary '',_binary '','Nagy Roland',5,999999),(19,_binary '',_binary '\0','Bandor Tamás',4,222222);
/*!40000 ALTER TABLE `Dolgozo` ENABLE KEYS */;
UNLOCK TABLES;

--
-- Table structure for table `DolgozoNapiRekord`
--

DROP TABLE IF EXISTS `DolgozoNapiRekord`;
/*!40101 SET @saved_cs_client     = @@character_set_client */;
/*!50503 SET character_set_client = utf8mb4 */;
CREATE TABLE `DolgozoNapiRekord` (
  `id` int NOT NULL,
  `munkaNap` date DEFAULT NULL,
  `muszakEnum` varchar(255) CHARACTER SET utf8mb4 COLLATE utf8mb4_hungarian_ci DEFAULT NULL,
  `statuszEnum` varchar(255) CHARACTER SET utf8mb4 COLLATE utf8mb4_hungarian_ci DEFAULT NULL,
  `dolgozo_id` int DEFAULT NULL,
  PRIMARY KEY (`id`),
  KEY `FK65j7rdwicl2cyp6qc18v89jnc` (`dolgozo_id`),
  CONSTRAINT `FK65j7rdwicl2cyp6qc18v89jnc` FOREIGN KEY (`dolgozo_id`) REFERENCES `Dolgozo` (`id`)
) ENGINE=InnoDB DEFAULT CHARSET=utf8mb4 COLLATE=utf8mb4_hungarian_ci;
/*!40101 SET character_set_client = @saved_cs_client */;

--
-- Dumping data for table `DolgozoNapiRekord`
--

LOCK TABLES `DolgozoNapiRekord` WRITE;
/*!40000 ALTER TABLE `DolgozoNapiRekord` DISABLE KEYS */;
INSERT INTO `DolgozoNapiRekord` VALUES (7360,'2021-02-03','NAPPAL','DOLGOZIK',6),(7361,'2021-02-03','PIHENO','PLUSZ_NAP',5),(7362,'2021-02-03','PIHENO','PLUSZ_NAP',7),(7363,'2021-02-03','NAPPAL','DOLGOZIK',13),(7364,'2021-02-03','EJJEL','DOLGOZIK',8),(7365,'2021-02-03','EJJEL','DOLGOZIK',10),(7366,'2021-02-03','EJJEL','DOLGOZIK',9),(7367,'2021-02-03','CSOP_VEZ_NAPPAL','DOLGOZIK',17),(7368,'2021-02-03','CSOP_VEZ_NAPPAL','DOLGOZIK',15),(7369,'2021-02-03','CSOP_VEZ_NAPPAL','DOLGOZIK',18),(7370,'2021-02-02','NAPPAL','DOLGOZIK',8),(7371,'2021-02-02','NAPPAL','DOLGOZIK',10),(7372,'2021-02-02','NAPPAL','DOLGOZIK',9),(7373,'2021-02-02','EJJEL','DOLGOZIK',12),(7374,'2021-02-02','EJJEL','DOLGOZIK',11),(7375,'2021-02-02','PIHENO','SZABADSAG',16),(7376,'2021-02-02','EJJEL','DOLGOZIK',2),(7377,'2021-02-02','CSOP_VEZ_NAPPAL','DOLGOZIK',17),(7378,'2021-02-02','CSOP_VEZ_NAPPAL','DOLGOZIK',15),(7379,'2021-02-02','CSOP_VEZ_NAPPAL','DOLGOZIK',18),(7380,'2021-02-01','EJJEL','DOLGOZIK',3),(7381,'2021-02-01','EJJEL','DOLGOZIK',1),(7382,'2021-02-01','EJJEL','DOLGOZIK',14),(7383,'2021-02-01','EJJEL','DOLGOZIK',4),(7384,'2021-02-01','NAPPAL','DOLGOZIK',12),(7385,'2021-02-01','NAPPAL','DOLGOZIK',11),(7386,'2021-02-01','PIHENO','PLUSZ_NAP',16),(7387,'2021-02-01','NAPPAL','DOLGOZIK',2),(7388,'2021-02-01','CSOP_VEZ_NAPPAL','DOLGOZIK',17),(7389,'2021-02-01','CSOP_VEZ_NAPPAL','DOLGOZIK',15),(7390,'2021-02-01','CSOP_VEZ_NAPPAL','DOLGOZIK',18),(7426,'2021-02-04','NAPPAL','DOLGOZIK',3),(7427,'2021-02-04','NAPPAL','DOLGOZIK',1),(7428,'2021-02-04','NAPPAL','DOLGOZIK',14),(7429,'2021-02-04','PIHENO','PLUSZ_NAP',4),(7430,'2021-02-04','EJJEL','DOLGOZIK',6),(7431,'2021-02-04','EJJEL','DOLGOZIK',5),(7432,'2021-02-04','EJJEL','DOLGOZIK',7),(7433,'2021-02-04','EJJEL','DOLGOZIK',13),(7434,'2021-02-04','CSOP_VEZ_NAPPAL','DOLGOZIK',17),(7435,'2021-02-04','CSOP_VEZ_NAPPAL','DOLGOZIK',15),(7436,'2021-02-04','CSOP_VEZ_NAPPAL','DOLGOZIK',18),(7437,'2021-02-05','EJJEL','DOLGOZIK',3),(7438,'2021-02-05','EJJEL','DOLGOZIK',1),(7439,'2021-02-05','EJJEL','DOLGOZIK',14),(7440,'2021-02-05','EJJEL','DOLGOZIK',4),(7441,'2021-02-05','PIHENO','PLUSZ_NAP',12),(7442,'2021-02-05','NAPPAL','DOLGOZIK',11),(7443,'2021-02-05','NAPPAL','DOLGOZIK',16),(7444,'2021-02-05','PIHENO','PLUSZ_NAP',2),(7445,'2021-02-05','CSOP_VEZ_NAPPAL','DOLGOZIK',17),(7446,'2021-02-05','CSOP_VEZ_NAPPAL','DOLGOZIK',15),(7447,'2021-02-05','CSOP_VEZ_NAPPAL','DOLGOZIK',18),(7448,'2021-02-06','NAPPAL','DOLGOZIK',8),(7449,'2021-02-06','NAPPAL','DOLGOZIK',10),(7450,'2021-02-06','PIHENO','SZABADSAG',9),(7451,'2021-02-06','PIHENO','SZABADSAG',12),(7452,'2021-02-06','EJJEL','DOLGOZIK',11),(7453,'2021-02-06','EJJEL','DOLGOZIK',16),(7454,'2021-02-06','PIHENO','SZABADSAG',2),(7455,'2021-02-06','PIHENO','SZABADNAP',17),(7456,'2021-02-06','PIHENO','SZABADNAP',15),(7457,'2021-02-06','PIHENO','SZABADNAP',18),(7458,'2021-02-07','NAPPAL','DOLGOZIK',6),(7459,'2021-02-07','NAPPAL','DOLGOZIK',5),(7460,'2021-02-07','NAPPAL','DOLGOZIK',7),(7461,'2021-02-07','NAPPAL','DOLGOZIK',13),(7462,'2021-02-07','EJJEL','DOLGOZIK',8),(7463,'2021-02-07','EJJEL','DOLGOZIK',10),(7464,'2021-02-07','PIHENO','SZABADSAG',9),(7465,'2021-02-07','PIHENO','SZABADNAP',17),(7466,'2021-02-07','PIHENO','SZABADNAP',15),(7467,'2021-02-07','PIHENO','SZABADNAP',18),(7468,'2021-02-08','NAPPAL','DOLGOZIK',3),(7469,'2021-02-08','PIHENO','PLUSZ_NAP',1),(7470,'2021-02-08','NAPPAL','DOLGOZIK',14),(7471,'2021-02-08','PIHENO','BETEG',4),(7472,'2021-02-08','EJJEL','DOLGOZIK',6),(7473,'2021-02-08','EJJEL','DOLGOZIK',5),(7474,'2021-02-08','EJJEL','DOLGOZIK',7),(7475,'2021-02-08','EJJEL','DOLGOZIK',13),(7476,'2021-02-08','CSOP_VEZ_NAPPAL','DOLGOZIK',17),(7477,'2021-02-08','CSOP_VEZ_EJJEL','DOLGOZIK',15),(7478,'2021-02-08','CSOP_VEZ_NAPPAL','DOLGOZIK',18),(7505,'2021-02-09','EJJEL','DOLGOZIK',3),(7506,'2021-02-09','EJJEL','DOLGOZIK',1),(7507,'2021-02-09','EJJEL','DOLGOZIK',14),(7508,'2021-02-09','NEM_DOLGOZIK','BETEG',4),(7509,'2021-02-09','NEM_DOLGOZIK','SZABADSAG',12),(7510,'2021-02-09','NAPPAL','DOLGOZIK',11),(7511,'2021-02-09','NAPPAL','DOLGOZIK',16),(7512,'2021-02-09','NAPPAL','DOLGOZIK',2),(7513,'2021-02-09','CSOP_VEZ_NAPPAL','DOLGOZIK',17),(7514,'2021-02-09','CSOP_VEZ_EJJEL','DOLGOZIK',15),(7515,'2021-02-09','CSOP_VEZ_NAPPAL','DOLGOZIK',18),(7516,'2021-02-10','NAPPAL','DOLGOZIK',8),(7517,'2021-02-10','NAPPAL','DOLGOZIK',10),(7518,'2021-02-10','NAPPAL','DOLGOZIK',9),(7519,'2021-02-10','NEM_DOLGOZIK','SZABADSAG',12),(7520,'2021-02-10','EJJEL','DOLGOZIK',11),(7521,'2021-02-10','EJJEL','DOLGOZIK',16),(7522,'2021-02-10','NEM_DOLGOZIK','SZABADSAG',2),(7523,'2021-02-10','CSOP_VEZ_NAPPAL','DOLGOZIK',17),(7524,'2021-02-10','CSOP_VEZ_EJJEL','DOLGOZIK',15),(7525,'2021-02-10','CSOP_VEZ_NAPPAL','DOLGOZIK',18),(7526,'2021-02-11','NAPPAL','DOLGOZIK',6),(7527,'2021-02-11','NAPPAL','DOLGOZIK',5),(7528,'2021-02-11','NAPPAL','DOLGOZIK',7),(7529,'2021-02-11','NAPPAL','DOLGOZIK',13),(7530,'2021-02-11','EJJEL','DOLGOZIK',8),(7531,'2021-02-11','EJJEL','DOLGOZIK',10),(7532,'2021-02-11','EJJEL','DOLGOZIK',9),(7533,'2021-02-11','CSOP_VEZ_NAPPAL','DOLGOZIK',17),(7534,'2021-02-11','CSOP_VEZ_EJJEL','DOLGOZIK',15),(7535,'2021-02-11','CSOP_VEZ_NAPPAL','DOLGOZIK',18),(7554,'2021-02-12','NAPPAL','DOLGOZIK',3),(7555,'2021-02-12','NAPPAL','DOLGOZIK',1),(7556,'2021-02-12','NEM_DOLGOZIK','PLUSZ_NAP',14),(7557,'2021-02-12','NEM_DOLGOZIK','BETEG',4),(7558,'2021-02-12','EJJEL','DOLGOZIK',6),(7559,'2021-02-12','EJJEL','DOLGOZIK',5),(7560,'2021-02-12','EJJEL','DOLGOZIK',7),(7561,'2021-02-12','EJJEL','DOLGOZIK',13),(7562,'2021-02-12','CSOP_VEZ_NAPPAL','DOLGOZIK',17),(7563,'2021-02-12','CSOP_VEZ_EJJEL','DOLGOZIK',15),(7564,'2021-02-12','CSOP_VEZ_NAPPAL','DOLGOZIK',18),(7565,'2021-02-13','EJJEL','DOLGOZIK',3),(7566,'2021-02-13','EJJEL','DOLGOZIK',1),(7567,'2021-02-13','EJJEL','DOLGOZIK',14),(7568,'2021-02-13','NEM_DOLGOZIK','BETEG',4),(7569,'2021-02-13','NAPPAL','DOLGOZIK',12),(7570,'2021-02-13','NAPPAL','DOLGOZIK',11),(7571,'2021-02-13','NAPPAL','DOLGOZIK',16),(7572,'2021-02-13','NAPPAL','DOLGOZIK',2),(7573,'2021-02-13','PIHENO','SZABADNAP',17),(7574,'2021-02-13','PIHENO','SZABADNAP',15),(7575,'2021-02-13','PIHENO','SZABADNAP',18),(7576,'2021-02-14','NEM_DOLGOZIK','PLUSZ_NAP',8),(7577,'2021-02-14','NAPPAL','DOLGOZIK',10),(7578,'2021-02-14','NAPPAL','DOLGOZIK',9),(7579,'2021-02-14','EJJEL','DOLGOZIK',12),(7580,'2021-02-14','EJJEL','DOLGOZIK',11),(7581,'2021-02-14','EJJEL','DOLGOZIK',16),(7582,'2021-02-14','EJJEL','DOLGOZIK',2),(7583,'2021-02-14','PIHENO','SZABADNAP',17),(7584,'2021-02-14','PIHENO','SZABADNAP',15),(7585,'2021-02-14','PIHENO','SZABADNAP',18),(7586,'2021-02-15','NEM_DOLGOZIK','PLUSZ_NAP',6),(7587,'2021-02-15','NEM_DOLGOZIK','BETEG',5),(7588,'2021-02-15','NAPPAL','DOLGOZIK',7),(7589,'2021-02-15','NAPPAL','DOLGOZIK',13),(7590,'2021-02-15','EJJEL','DOLGOZIK',8),(7591,'2021-02-15','NEM_DOLGOZIK','PLUSZ_NAP',10),(7592,'2021-02-15','EJJEL','DOLGOZIK',9),(7593,'2021-02-15','CSOP_VEZ_NAPPAL','DOLGOZIK',17),(7594,'2021-02-15','CSOP_VEZ_NAPPAL','DOLGOZIK',15),(7595,'2021-02-15','CSOP_VEZ_NAPPAL','DOLGOZIK',18),(7613,'2021-02-16','NAPPAL','DOLGOZIK',3),(7614,'2021-02-16','NEM_DOLGOZIK','SZABADSAG',1),(7615,'2021-02-16','NAPPAL','DOLGOZIK',14),(7616,'2021-02-16','NEM_DOLGOZIK','BETEG',4),(7617,'2021-02-16','EJJEL','DOLGOZIK',6),(7618,'2021-02-16','NEM_DOLGOZIK','BETEG',5),(7619,'2021-02-16','EJJEL','DOLGOZIK',7),(7620,'2021-02-16','EJJEL','DOLGOZIK',13),(7621,'2021-02-16','CSOP_VEZ_NAPPAL','DOLGOZIK',17),(7622,'2021-02-16','CSOP_VEZ_NAPPAL','DOLGOZIK',15),(7623,'2021-02-16','CSOP_VEZ_NAPPAL','DOLGOZIK',18),(7635,'2021-02-17','EJJEL','DOLGOZIK',3),(7636,'2021-02-17','EJJEL','DOLGOZIK',1),(7637,'2021-02-17','EJJEL','DOLGOZIK',14),(7638,'2021-02-17','NEM_DOLGOZIK','BETEG',4),(7639,'2021-02-17','NAPPAL','DOLGOZIK',19),(7640,'2021-02-17','NAPPAL','DOLGOZIK',12),(7641,'2021-02-17','NAPPAL','DOLGOZIK',11),(7642,'2021-02-17','NAPPAL','DOLGOZIK',16),(7643,'2021-02-17','NAPPAL','DOLGOZIK',2),(7644,'2021-02-17','CSOP_VEZ_NAPPAL','DOLGOZIK',17),(7645,'2021-02-17','CSOP_VEZ_NAPPAL','DOLGOZIK',15),(7646,'2021-02-17','CSOP_VEZ_NAPPAL','DOLGOZIK',18),(7648,'2021-02-18','NAPPAL','DOLGOZIK',8),(7649,'2021-02-18','NEM_DOLGOZIK','SZABADSAG',10),(7650,'2021-02-18','NAPPAL','DOLGOZIK',9),(7651,'2021-02-18','EJJEL','DOLGOZIK',19),(7652,'2021-02-18','EJJEL','DOLGOZIK',12),(7653,'2021-02-18','EJJEL','DOLGOZIK',11),(7654,'2021-02-18','EJJEL','DOLGOZIK',16),(7655,'2021-02-18','CSOP_VEZ_NAPPAL','DOLGOZIK',17),(7656,'2021-02-18','CSOP_VEZ_NAPPAL','DOLGOZIK',15),(7657,'2021-02-18','CSOP_VEZ_NAPPAL','DOLGOZIK',18),(7662,'2021-02-19','NEM_DOLGOZIK','SZABADSAG',6),(7663,'2021-02-19','NEM_DOLGOZIK','BETEG',5),(7664,'2021-02-19','NAPPAL','DOLGOZIK',7),(7665,'2021-02-19','NAPPAL','DOLGOZIK',13),(7666,'2021-02-19','EJJEL','DOLGOZIK',8),(7667,'2021-02-19','NEM_DOLGOZIK','SZABADSAG',10),(7668,'2021-02-19','EJJEL','DOLGOZIK',9),(7669,'2021-02-19','CSOP_VEZ_NAPPAL','DOLGOZIK',17),(7670,'2021-02-19','CSOP_VEZ_NAPPAL','DOLGOZIK',15),(7671,'2021-02-19','CSOP_VEZ_NAPPAL','DOLGOZIK',18),(7672,'2021-02-20','NAPPAL','DOLGOZIK',3),(7673,'2021-02-20','NAPPAL','DOLGOZIK',1),(7674,'2021-02-20','NAPPAL','DOLGOZIK',14),(7675,'2021-02-20','NAPPAL','DOLGOZIK',4),(7676,'2021-02-20','EJJEL','DOLGOZIK',6),(7677,'2021-02-20','NEM_DOLGOZIK','BETEG',5),(7678,'2021-02-20','EJJEL','DOLGOZIK',7),(7679,'2021-02-20','PIHENO','PLUSZ_NAP',13),(7680,'2021-02-20','PIHENO','SZABADNAP',17),(7681,'2021-02-20','PIHENO','SZABADNAP',15),(7682,'2021-02-20','PIHENO','SZABADNAP',18),(7683,'2021-02-21','EJJEL','DOLGOZIK',3),(7684,'2021-02-21','EJJEL','DOLGOZIK',1),(7685,'2021-02-21','EJJEL','DOLGOZIK',14),(7686,'2021-02-21','EJJEL','DOLGOZIK',4),(7687,'2021-02-21','NAPPAL','DOLGOZIK',19),(7688,'2021-02-21','NAPPAL','DOLGOZIK',12),(7689,'2021-02-21','NAPPAL','DOLGOZIK',11),(7690,'2021-02-21','NAPPAL','DOLGOZIK',16),(7691,'2021-02-21','PIHENO','SZABADNAP',17),(7692,'2021-02-21','PIHENO','SZABADNAP',15),(7693,'2021-02-21','PIHENO','SZABADNAP',18),(7696,'2021-02-22','NAPPAL','DOLGOZIK',8),(7697,'2021-02-22','NEM_DOLGOZIK','SZABADSAG',10),(7698,'2021-02-22','NEM_DOLGOZIK','PLUSZ_NAP',9),(7699,'2021-02-22','EJJEL','DOLGOZIK',19),(7700,'2021-02-22','NEM_DOLGOZIK','SZABADSAG',12),(7701,'2021-02-22','EJJEL','DOLGOZIK',11),(7702,'2021-02-22','EJJEL','DOLGOZIK',16),(7703,'2021-02-22','CSOP_VEZ_NAPPAL','DOLGOZIK',17),(7704,'2021-02-22','CSOP_VEZ_EJJEL','DOLGOZIK',15),(7705,'2021-02-22','CSOP_VEZ_NAPPAL','DOLGOZIK',18),(7718,'2021-02-23','NAPPAL','DOLGOZIK',6),(7719,'2021-02-23','NAPPAL','DOLGOZIK',5),(7720,'2021-02-23','NAPPAL','DOLGOZIK',7),(7721,'2021-02-23','NAPPAL','DOLGOZIK',13),(7722,'2021-02-23','EJJEL','DOLGOZIK',8),(7723,'2021-02-23','NEM_DOLGOZIK','SZABADSAG',10),(7724,'2021-02-23','NEM_DOLGOZIK','SZABADSAG',9),(7725,'2021-02-23','CSOP_VEZ_NAPPAL','DOLGOZIK',17),(7726,'2021-02-23','CSOP_VEZ_EJJEL','DOLGOZIK',15),(7727,'2021-02-23','CSOP_VEZ_NAPPAL','DOLGOZIK',18),(7731,'2021-02-24','NAPPAL','DOLGOZIK',3),(7732,'2021-02-24','NAPPAL','DOLGOZIK',1),(7733,'2021-02-24','NAPPAL','DOLGOZIK',14),(7734,'2021-02-24','NAPPAL','DOLGOZIK',4),(7735,'2021-02-24','EJJEL','DOLGOZIK',6),(7736,'2021-02-24','EJJEL','DOLGOZIK',5),(7737,'2021-02-24','EJJEL','DOLGOZIK',7),(7738,'2021-02-24','EJJEL','DOLGOZIK',13),(7739,'2021-02-24','CSOP_VEZ_NAPPAL','DOLGOZIK',17),(7740,'2021-02-24','CSOP_VEZ_EJJEL','DOLGOZIK',15),(7741,'2021-02-24','CSOP_VEZ_NAPPAL','DOLGOZIK',18),(7742,'2021-02-25','NEM_DOLGOZIK','PLUSZ_NAP',3),(7743,'2021-02-25','EJJEL','DOLGOZIK',1),(7744,'2021-02-25','EJJEL','DOLGOZIK',14),(7745,'2021-02-25','EJJEL','DOLGOZIK',4),(7746,'2021-02-25','NAPPAL','DOLGOZIK',19),(7747,'2021-02-25','NAPPAL','DOLGOZIK',12),(7748,'2021-02-25','NEM_DOLGOZIK','PLUSZ_NAP',11),(7749,'2021-02-25','NAPPAL','DOLGOZIK',16),(7750,'2021-02-25','CSOP_VEZ_NAPPAL','DOLGOZIK',17),(7751,'2021-02-25','CSOP_VEZ_EJJEL','DOLGOZIK',15),(7752,'2021-02-25','CSOP_VEZ_NAPPAL','DOLGOZIK',18),(7759,'2021-02-26','NEM_DOLGOZIK','SZABADSAG',8),(7760,'2021-02-26','NEM_DOLGOZIK','SZABADSAG',10),(7761,'2021-02-26','NAPPAL','DOLGOZIK',9),(7762,'2021-02-26','EJJEL','DOLGOZIK',19),(7763,'2021-02-26','EJJEL','DOLGOZIK',12),(7764,'2021-02-26','NEM_DOLGOZIK','SZABADSAG',11),(7765,'2021-02-26','EJJEL','DOLGOZIK',16),(7766,'2021-02-26','CSOP_VEZ_NAPPAL','DOLGOZIK',17),(7767,'2021-02-26','CSOP_VEZ_EJJEL','DOLGOZIK',15),(7768,'2021-02-26','CSOP_VEZ_NAPPAL','DOLGOZIK',18),(7769,'2021-02-27','NAPPAL','DOLGOZIK',6),(7770,'2021-02-27','NAPPAL','DOLGOZIK',5),(7771,'2021-02-27','NEM_DOLGOZIK','SZABADSAG',7),(7772,'2021-02-27','NAPPAL','DOLGOZIK',13),(7773,'2021-02-27','NEM_DOLGOZIK','SZABADSAG',8),(7774,'2021-02-27','NEM_DOLGOZIK','SZABADSAG',10),(7775,'2021-02-27','EJJEL','DOLGOZIK',9),(7776,'2021-02-27','PIHENO','SZABADNAP',17),(7777,'2021-02-27','PIHENO','SZABADNAP',15),(7778,'2021-02-27','PIHENO','SZABADNAP',18),(7779,'2021-02-28','NAPPAL','DOLGOZIK',3),(7780,'2021-02-28','NAPPAL','DOLGOZIK',1),(7781,'2021-02-28','NAPPAL','DOLGOZIK',14),(7782,'2021-02-28','NAPPAL','DOLGOZIK',4),(7783,'2021-02-28','EJJEL','DOLGOZIK',6),(7784,'2021-02-28','EJJEL','DOLGOZIK',5),(7785,'2021-02-28','NEM_DOLGOZIK','SZABADSAG',7),(7786,'2021-02-28','EJJEL','DOLGOZIK',13),(7787,'2021-02-28','PIHENO','SZABADNAP',17),(7788,'2021-02-28','PIHENO','SZABADNAP',15),(7789,'2021-02-28','PIHENO','SZABADNAP',18);
/*!40000 ALTER TABLE `DolgozoNapiRekord` ENABLE KEYS */;
UNLOCK TABLES;

--
-- Table structure for table `ErintesVedelem`
--

DROP TABLE IF EXISTS `ErintesVedelem`;
/*!40101 SET @saved_cs_client     = @@character_set_client */;
/*!50503 SET character_set_client = utf8mb4 */;
CREATE TABLE `ErintesVedelem` (
  `erVedId` int NOT NULL,
  `creationDateTime` datetime(6) DEFAULT NULL,
  `ervenyes` date DEFAULT NULL,
  `jegyzokonyvSzam` varchar(255) DEFAULT NULL,
  `kelt` date DEFAULT NULL,
  `updateDateTime` datetime(6) DEFAULT NULL,
  PRIMARY KEY (`erVedId`)
) ENGINE=InnoDB DEFAULT CHARSET=utf8mb4 COLLATE=utf8mb4_0900_ai_ci;
/*!40101 SET character_set_client = @saved_cs_client */;

--
-- Dumping data for table `ErintesVedelem`
--

LOCK TABLES `ErintesVedelem` WRITE;
/*!40000 ALTER TABLE `ErintesVedelem` DISABLE KEYS */;
INSERT INTO `ErintesVedelem` VALUES (1,'2020-08-02 11:17:56.759572','2022-06-25','KöKi OK 1','2019-06-25','2021-02-17 09:01:45.363000'),(4,'2020-08-02 11:18:44.339193','2022-06-25','KöKi OK 2','2019-06-25','2021-02-17 09:02:36.692000'),(7,'2020-08-02 11:19:09.927329','2023-08-01','KöKi OK 3','2020-08-01','2021-02-17 09:03:11.751000'),(9,'2020-08-02 11:19:26.089349','2023-11-05','KöKi OK 4','2020-11-05','2021-02-17 09:04:15.622000'),(11,'2020-08-02 11:20:48.581715','2023-04-27','KöKi 7','2020-04-27','2021-02-17 09:04:49.739000'),(14,'2020-08-02 11:21:24.217470','2021-12-11','KöKi 8','2018-12-11','2021-02-17 09:05:33.953000'),(16,'2020-08-02 11:22:10.455106','2021-12-11','KöKi 9','2018-12-11','2021-02-17 09:06:31.088000'),(18,'2020-08-02 11:24:06.338172','2021-12-11','KöKi 10','2018-12-11','2021-02-17 09:07:08.134000'),(20,'2020-08-02 11:25:04.170504','2020-08-01',NULL,'2020-08-01','2020-08-02 11:25:04.170558'),(23,'2020-08-02 11:25:25.082928','2020-08-01',NULL,'2020-08-01','2020-08-02 11:25:25.082963'),(24,'2020-08-02 11:26:20.044187','2020-08-01',NULL,'2020-08-01','2020-08-02 11:26:20.044225'),(25,'2020-08-02 11:26:39.331849','2020-08-01',NULL,'2020-08-01','2020-08-02 11:26:39.331911'),(26,'2020-08-02 11:31:31.264165','2020-08-01',NULL,'2020-08-01','2020-08-02 11:31:31.264206'),(28,'2020-08-02 11:31:42.213180','2020-08-01',NULL,'2020-08-01','2020-08-02 11:31:42.213228'),(29,'2020-08-02 11:31:55.596106','2020-08-01',NULL,'2020-08-01','2020-08-02 11:31:55.596155'),(30,'2020-08-02 11:35:19.172535','2021-12-07','312 OTIS','2018-12-07','2021-02-17 09:08:16.149000'),(32,'2020-08-02 11:36:07.595050','2021-12-07','313 OTIS','2018-12-07','2021-02-17 09:09:07.306000'),(33,'2020-08-02 11:36:20.847525','2021-12-07','314 OTIS','2018-12-07','2021-02-17 09:09:43.295000'),(34,'2020-08-02 11:36:32.121946','2021-12-07','315 OTIS','2018-12-07','2021-02-17 09:10:08.706000'),(35,'2020-08-02 11:37:28.371520','2024-02-09','009/2021','2021-02-09','2021-02-10 08:42:48.749644'),(38,'2020-08-02 11:37:40.428866','2024-02-09','010/2021','2021-02-09','2021-02-10 08:44:32.339405'),(39,'2020-08-02 11:37:46.694274','2024-02-09','011/2021','2021-02-09','2021-02-10 08:45:06.556004'),(40,'2020-08-02 11:37:58.088407','2024-02-09','012/2021','2021-02-09','2021-02-10 08:45:38.691979'),(41,'2020-08-02 11:39:06.018226','2023-04-11','Stadion Thyssen','2020-04-11','2021-02-17 09:13:56.780000'),(44,'2020-08-02 11:39:17.021857','2024-02-15','014/2021','2021-02-15','2021-02-16 05:54:22.801000'),(45,'2020-08-02 11:39:52.836318','2022-12-14','CNIM Baross tér','2019-12-14','2021-02-17 09:17:03.303000'),(48,'2020-08-02 11:40:06.866722','2022-10-23','CNIM Baross tér','2019-10-23','2021-02-17 09:17:34.459000'),(49,'2020-08-02 11:40:17.131734','2024-02-11','Baross tér','2021-02-11','2021-02-11 06:30:40.148000'),(50,'2020-08-02 11:40:41.180263','2022-09-08','CNIM Baross tér','2019-09-08','2021-02-17 09:18:31.954000'),(52,'2020-08-02 11:40:48.887024','2021-04-11','CNIM Baross tér','2018-04-11','2021-02-17 09:19:00.146000'),(53,'2020-08-02 11:40:59.000750','2021-04-11','CNIM Baross tér','2018-04-11','2021-02-17 09:19:26.800000'),(54,'2020-08-02 11:41:32.272462','2023-04-19','OK Blaha','2020-04-19','2021-02-17 09:20:30.825000'),(57,'2020-08-02 11:41:45.253466','2021-04-02','OK Blaha','2018-04-02','2021-02-17 09:21:13.027000'),(58,'2020-08-02 11:41:56.325194','2021-05-21','OK Blaha','2018-05-21','2021-02-17 09:23:43.050000'),(59,'2020-08-02 11:42:04.028822','2023-04-19','OK Blaha','2020-04-19','2021-02-17 09:24:08.759000'),(60,'2020-08-02 11:42:35.030347','2024-02-12','LT-4 Astoria','2021-02-12','2021-02-17 09:24:51.673000'),(63,'2020-08-02 11:42:43.576310','2021-07-12','LT-3 Astoria','2018-07-12','2021-02-17 09:25:54.934000'),(64,'2020-08-02 11:42:49.604071','2021-04-10','LT-3 Astoria','2018-04-10','2021-02-17 09:26:36.022000'),(65,'2020-08-02 11:43:09.057813','2021-12-14','LT-3 Deák','2018-12-14','2021-02-17 09:27:10.845000'),(66,'2020-08-02 11:43:18.557099','2021-04-10','LT-3 Deák','2018-04-10','2021-02-17 09:27:32.593000'),(67,'2020-08-02 11:43:23.918881','2023-02-16','LT-3 Deák','2020-02-16','2021-02-17 09:27:59.108000'),(68,'2020-08-02 11:43:49.435130','2023-04-15','CNIM Deák tér','2020-04-15','2021-02-17 09:28:37.630000'),(69,'2020-08-02 11:43:58.497821','2024-02-06','Deák-tér','2021-02-06','2021-02-09 07:49:48.009647'),(70,'2020-08-02 11:44:07.324529','2024-02-06','Deák-tér','2021-02-06','2021-02-09 07:49:09.419570'),(71,'2020-08-02 11:44:37.324540','2022-10-23','LT-3 Kossuth tér','2019-10-23','2021-02-17 09:31:58.072000'),(73,'2020-08-02 11:44:48.110702','2021-05-21','LT-3 Kossuth tér','2018-05-21','2021-02-17 09:32:26.379000'),(74,'2020-08-02 11:44:54.075947','2023-04-03','LT-3 Kossuth tér','2020-04-03','2021-02-17 09:32:51.903000'),(75,'2020-08-02 11:45:52.392019','2021-03-30','OK Batthyány tér','2018-03-30','2021-02-17 09:33:39.569000'),(77,'2020-08-02 11:46:09.016115','2022-10-23','OK Batthyány tér','2019-10-23','2021-02-17 09:34:03.606000'),(78,'2020-08-02 11:46:18.828332','2021-03-30','OK Batthyány tér','2018-03-30','2021-02-17 09:34:26.333000'),(79,'2020-08-02 11:46:26.539536','2023-04-15','OK Batthyány tér','2020-04-15','2021-02-17 09:34:51.415000'),(80,'2020-08-02 11:46:50.939045','2024-02-02','Batthyány-tér','2021-02-02','2021-02-09 07:46:01.732964'),(81,'2020-08-02 11:47:15.664360','2024-02-02','Batthyány-tér','2021-02-02','2021-02-09 07:46:46.727722'),(82,'2020-08-02 11:47:26.774434','2024-02-02','Batthyány-tér','2021-02-02','2021-02-09 07:47:43.253593'),(85,'2020-08-03 07:34:10.622750','2024-02-05','005/2021','2021-02-05','2021-02-08 09:35:38.306322'),(87,'2020-08-03 07:35:32.154633','2024-02-05','004/2021','2021-02-05','2021-02-08 09:35:09.729073'),(92,'2020-08-03 07:42:29.558680','2023-04-08','OK Széll Kálmán tér','2020-04-08','2021-02-17 09:36:05.497000'),(97,'2020-08-03 07:53:31.890084','2023-04-12','CNIM Fővám tér','2020-04-12','2021-02-17 10:02:26.824000'),(100,'2020-08-03 07:53:57.669738','2023-04-12','CNIM Fővám tér','2020-04-12','2021-02-17 10:02:09.604000'),(101,'2020-08-03 07:54:12.276326','2023-04-12','CNIM Fővám tér','2020-04-12','2021-02-17 10:02:47.338000'),(102,'2020-08-03 07:54:23.246792','2023-04-12','CNIM Fővám tér','2020-04-12','2021-02-17 10:03:05.953000'),(106,'2020-08-03 08:05:01.273539','2022-08-16','CNIM Szt. Gellért tér','2019-08-16','2021-02-17 09:58:45.839000'),(107,'2020-08-03 08:05:50.284872','2022-08-16','CNIM Szt. Gellért tér','2019-08-16','2021-02-17 09:59:08.970000'),(109,'2020-08-03 08:08:04.130270','2022-08-16','CNIM Szt. Gellért tér','2019-08-16','2021-02-17 09:59:23.813000'),(110,'2020-08-03 08:08:17.005889','2022-08-16','CNIM Szt. Gellért tér','2019-08-16','2021-02-17 09:59:40.222000'),(111,'2020-08-03 08:08:39.449175','2022-08-08','CNIM Szt. Gellért tér','2019-08-08','2021-02-17 10:00:09.478000'),(113,'2020-08-03 08:08:53.473383','2022-08-08','CNIM Szt. Gellért tér','2019-08-08','2021-02-17 10:00:26.228000'),(114,'2020-08-03 08:09:12.954645','2023-04-15','CNIM Szt. Gellért tér','2020-04-15','2021-02-17 10:00:54.061000'),(115,'2020-08-03 08:09:43.790072','2022-08-08','CNIM Szt. Gellért tér','2019-08-08','2021-02-17 10:01:22.277000'),(116,'2020-08-03 08:10:48.668651','2023-04-16','CNIM Fővám tér','2020-04-16','2021-02-17 10:03:30.390000'),(117,'2020-08-03 08:11:01.483246','2023-04-16','CNIM Fővám tér','2020-04-16','2021-02-17 10:03:45.615000'),(118,'2020-08-03 08:11:21.132398','2023-04-16','CNIM Fővám tér','2020-04-16','2021-02-17 10:04:09.064000'),(119,'2020-08-03 08:11:39.780925','2023-04-16','CNIM Fővám tér','2020-04-16','2021-02-17 10:04:26.706000'),(120,'2020-08-03 08:13:25.243739','2022-07-27','CNIM Kelenföld','2019-07-27','2021-02-17 09:44:03.290000'),(122,'2020-08-03 08:13:37.010867','2022-07-27','CNIM Kelenföld','2019-07-27','2021-02-17 09:44:20.610000'),(123,'2020-08-03 08:13:47.637661','2022-07-27','CNIM Kelenföld','2019-07-27','2021-02-17 09:44:39.781000'),(124,'2020-08-03 08:13:57.896230','2022-08-04','CNIM Kelenföld','2019-08-04','2021-02-17 09:45:01.277000'),(125,'2020-08-03 08:14:05.596465','2022-08-04','CNIM Kelenföld','2019-08-04','2021-02-17 09:45:15.233000'),(126,'2020-08-03 08:14:13.250389','2022-07-27','CNIM Kelenföld','2019-07-27','2021-02-17 09:45:39.643000'),(127,'2020-08-03 08:14:18.579372','2022-08-04','CNIM Kelenföld','2019-08-04','2021-02-17 09:46:00.729000'),(128,'2020-08-03 08:14:27.295836','2022-08-04','CNIM Kelenföld','2019-08-04','2021-02-17 09:46:16.297000'),(129,'2020-08-03 08:14:48.257808','2021-11-21','CNIM Bikás park','2018-11-21','2021-02-17 09:47:02.824000'),(131,'2020-08-03 08:14:55.274263','2021-11-21','CNIM Bikás park','2018-11-21','2021-02-17 09:47:24.424000'),(132,'2020-08-03 08:15:00.904900','2021-11-13','CNIM Bikás park','2018-11-13','2021-02-17 09:47:53.259000'),(133,'2020-08-03 08:15:06.828841','2021-11-13','CNIM Bikás park','2018-11-13','2021-02-17 09:48:25.390000'),(134,'2020-08-03 08:15:20.622352','2021-11-21','CNIM Bikás park','2018-11-21','2021-02-17 09:48:57.262000'),(135,'2020-08-03 08:15:28.926954','2021-11-21','CNIM Bikás park','2018-11-21','2021-02-17 09:49:17.950000'),(136,'2020-08-03 08:15:48.707594','2021-12-03','CNIM Újbuda','2018-12-03','2021-02-17 09:49:58.499000'),(138,'2020-08-03 08:15:57.111097','2021-12-03','CNIM Újbuda','2018-12-03','2021-02-17 09:50:18.277000'),(139,'2020-08-03 08:16:04.535892','2021-12-03','CNIM Újbuda','2018-12-03','2021-02-17 09:50:37.340000'),(140,'2020-08-03 08:16:11.441340','2021-12-03','CNIM Újbuda','2018-12-03','2021-02-17 09:50:56.401000'),(141,'2020-08-03 08:16:16.405169','2022-02-09','CNIM Móricz Zs.körtér','2019-02-09','2021-02-17 09:51:31.784000'),(142,'2020-08-03 08:16:22.876431','2022-02-09','CNIM Móricz Zs.körtér','2019-02-09','2021-02-17 09:51:51.082000'),(144,'2020-08-03 08:18:11.892229','2022-02-09','CNIM Móricz Zs.körtér','2019-02-09','2021-02-17 09:56:02.510000'),(145,'2020-08-03 08:18:26.853912','2022-02-09','CNIM Móricz Zs.körtér','2019-02-09','2021-02-17 09:57:19.891000'),(146,'2020-08-03 08:18:41.709117','2022-02-09','CNIM Móricz Zs.körtér','2019-02-09','2021-02-17 09:57:47.534000'),(147,'2020-08-03 08:18:49.890537','2022-02-09','CNIM Móricz Zs.körtér','2019-02-09','2021-02-17 09:58:11.839000'),(148,'2020-08-03 08:19:57.975308','2022-09-13','CNIM Kálvin tér','2019-09-13','2021-02-17 10:06:15.635000'),(149,'2020-08-03 08:20:07.486063','2022-09-13','CNIM Kálvin tér','2019-09-13','2021-02-17 10:06:33.612000'),(150,'2020-08-03 08:20:21.502667','2022-09-13','CNIM Kálvin tér','2019-09-13','2021-02-17 10:06:52.014000'),(151,'2020-08-03 08:20:29.822260','2022-09-09','CNIM Kálvin tér','2019-09-09','2021-02-17 10:07:17.356000'),(152,'2020-08-03 08:20:46.832238','2022-09-09','CNIM Kálvin tér','2019-09-09','2021-02-17 10:07:35.337000'),(153,'2020-08-03 08:21:17.108369','2022-09-09','CNIM Kálvin tér','2019-09-09','2021-02-17 10:07:56.022000'),(154,'2020-08-03 08:21:26.808739','2022-09-05','CNIM Kálvin tér','2019-09-05','2021-02-17 10:08:15.552000'),(155,'2020-08-03 08:21:36.831007','2022-09-05','CNIM Kálvin tér','2019-09-05','2021-02-17 10:08:34.884000'),(156,'2020-08-03 08:21:54.759107','2022-09-05','CNIM Kálvin tér','2019-09-05','2021-02-17 10:09:00.559000'),(157,'2020-08-03 08:22:01.279264','2022-09-05','CNIM Kálvin tér','2019-09-05','2021-02-17 10:09:28.028000'),(158,'2020-08-03 08:22:13.959778','2022-08-20','CNIM Kálvin tér','2019-08-20','2021-02-17 10:09:56.234000'),(159,'2020-08-03 08:22:23.342272','2022-08-28','CNIM Kálvin tér','2019-08-28','2021-02-17 10:10:20.961000'),(160,'2020-08-03 08:22:33.111227','2022-08-28','CNIM Kálvin tér','2019-08-28','2021-02-17 10:10:42.267000'),(161,'2020-08-03 08:22:42.712163','2016-08-15','CNIM Kálvin tér','2013-08-15','2021-02-17 10:11:48.066000'),(162,'2020-08-03 08:23:01.966677','2022-02-13','CNIM Rákóczi tér','2019-02-13','2021-02-17 10:12:24.572000'),(164,'2020-08-03 08:23:16.086900','2022-02-13','CNIM Rákóczi tér','2019-02-13','2021-02-17 10:12:43.683000'),(165,'2020-08-03 08:23:22.329627','2022-02-09','CNIM Rákóczi tér','2019-02-09','2021-02-17 10:13:15.711000'),(166,'2020-08-03 08:23:30.294865','2022-02-09','CNIM Rákóczi tér','2019-02-09','2021-02-17 10:13:41.241000'),(167,'2020-08-03 08:23:37.374649','2022-02-17','CNIM Rákóczi tér','2019-02-17','2021-02-17 10:14:10.088000'),(168,'2020-08-03 08:23:49.468811','2022-02-17','CNIM Rákóczi tér','2019-02-17','2021-02-17 10:14:45.058000'),(169,'2020-08-03 08:24:09.790359','2022-02-17','CNIM Rákóczi tér','2019-02-17','2021-02-17 10:15:05.801000'),(170,'2020-08-03 08:24:15.206063','2022-02-17','CNIM Rákóczi tér','2019-02-17','2021-02-17 10:15:24.454000'),(171,'2020-08-03 08:25:01.790650','2022-05-24','CNIM II. János Pál pápa tér','2019-05-24','2021-02-17 10:16:21.175000'),(173,'2020-08-03 08:25:15.357531','2022-05-24','CNIM II. János Pál pápa tér','2019-05-24','2021-02-17 10:16:38.626000'),(174,'2020-08-03 08:25:43.381255','2022-05-28','CNIM II. János Pál pápa tér','2019-05-28','2021-02-17 10:17:01.538000'),(175,'2020-08-03 08:25:50.285040','2022-05-28','CNIM II. János Pál pápa tér','2019-05-28','2021-02-17 10:17:22.244000'),(176,'2020-08-03 08:25:56.521406','2022-05-28','CNIM II. János Pál pápa tér','2019-05-28','2021-02-17 10:17:43.276000'),(177,'2020-08-03 08:26:02.065149','2022-05-28','CNIM II. János Pál pápa tér','2019-05-28','2021-02-17 10:18:04.529000'),(178,'2020-08-03 08:26:09.328750','2022-06-01','CNIM II. János Pál pápa tér','2019-06-01','2021-02-17 10:18:31.435000'),(179,'2020-08-03 08:26:16.705621','2022-06-01','CNIM II. János Pál pápa tér','2019-06-01','2021-02-17 10:18:48.998000'),(180,'2020-08-03 08:27:53.441276','2022-06-01','CNIM Keleti pu','2019-06-01','2021-02-17 10:19:21.453000'),(182,'2020-08-03 08:28:09.862974','2022-06-01','CNIM Keleti pu','2019-06-01','2021-02-17 10:19:42.179000'),(183,'2020-08-03 08:28:21.647451','2022-06-09','CNIM Keleti pu','2019-06-09','2021-02-17 10:20:09.597000'),(184,'2020-08-03 08:28:30.726316','2022-06-09','CNIM Keleti pu','2019-06-09','2021-02-17 10:20:25.766000'),(185,'2020-08-03 08:28:55.951675','2022-06-09','CNIM Keleti pu','2019-06-09','2021-02-17 10:20:49.251000'),(186,'2020-08-03 08:29:08.896974','2022-06-09','CNIM Keleti pu','2019-06-09','2021-02-17 10:21:08.226000'),(187,'2020-08-03 08:29:16.093303','2022-07-23','CNIM Keleti pu','2019-07-23','2021-02-17 10:21:41.140000'),(188,'2020-08-03 08:29:25.584729','2022-07-23','CNIM Keleti pu','2019-07-23','2021-02-17 10:21:57.082000'),(189,'2020-08-03 08:29:33.197882','2022-07-23','CNIM Keleti pu','2019-07-23','2021-02-17 10:22:22.225000'),(190,'2020-08-03 08:33:44.896863','2023-04-08','OK Széll Kálmán tér','2020-04-08','2021-02-17 09:36:24.856000'),(191,'2020-08-03 08:34:02.965571','2023-04-08','OK Széll Kálmán tér','2020-04-08','2021-02-17 09:36:42.320000'),(192,'2020-08-03 08:34:14.320829','2023-04-08','OK Széll Kálmán tér','2020-04-08','2021-02-17 09:37:00.412000'),(193,'2020-08-03 08:34:42.252831','2021-04-19','LT-3 Déli pu','2018-04-19','2021-02-17 09:38:52.225000'),(195,'2020-08-03 08:34:50.987231','2021-04-19','LT-3 Déli pu','2018-04-19','2021-02-17 09:39:07.199000'),(196,'2020-08-03 08:35:01.943928','2021-04-19','LT-3 Déli pu','2018-04-19','2021-02-17 09:39:20.436000'),(197,'2020-08-03 08:36:57.556462','2020-08-02',NULL,'2020-08-02','2020-08-03 08:36:57.556475'),(199,'2020-08-03 08:39:36.748036','2020-08-02',NULL,'2020-08-02','2020-08-03 08:39:36.748047'),(200,'2020-08-03 08:39:45.622560','2020-08-02',NULL,'2020-08-02','2020-08-03 08:39:45.622569'),(201,'2020-08-03 08:57:36.089316','2020-08-02',NULL,'2020-08-02','2020-08-03 08:57:36.089327'),(203,'2020-08-03 08:57:47.311251','2020-08-02',NULL,'2020-08-02','2020-08-03 08:57:47.311260'),(204,'2020-08-03 08:57:57.255319','2020-08-02',NULL,'2020-08-02','2020-08-03 08:57:57.255333'),(205,'2020-08-03 08:58:03.640116','2020-08-02',NULL,'2020-08-02','2020-08-03 08:58:03.640127'),(206,'2020-08-03 08:58:12.711743','2020-08-02',NULL,'2020-08-02','2020-08-03 08:58:12.711757'),(207,'2020-08-03 08:58:23.585771','2020-08-02',NULL,'2020-08-02','2020-08-03 08:58:23.585783'),(208,'2020-08-03 08:58:32.684461','2020-08-02',NULL,'2020-08-02','2020-08-03 08:58:32.684475'),(209,'2020-08-03 09:01:20.726290','2020-08-02',NULL,'2020-08-02','2020-08-03 09:01:20.726300'),(211,'2020-08-03 09:01:31.345758','2020-08-02',NULL,'2020-08-02','2020-08-03 09:01:31.345769'),(212,'2020-08-03 09:01:42.007482','2020-08-02',NULL,'2020-08-02','2020-08-03 09:01:42.007495'),(215,'2020-08-03 09:03:37.071471','2024-02-05','006/2021','2021-02-05','2021-02-08 09:36:04.647593'),(218,'2020-08-03 09:06:27.942103','2021-05-09','LT-4 Baross tér','2018-05-09','2021-02-17 09:14:54.833000'),(219,'2020-08-03 09:06:37.334859','2021-05-09','LT-4 Baross tér','2018-05-09','2021-02-17 09:15:45.457000'),(220,'2020-08-03 09:06:47.662972','2021-05-09','LT-4 Baross tér','2018-05-09','2021-02-17 09:16:10.311000'),(221,'2020-08-03 09:08:15.876510','2022-03-09','OTIS Deák tér','2019-03-09','2021-02-17 09:29:45.201000'),(222,'2020-08-03 09:08:29.151751','2022-05-23','OTIS Deák tér','2019-05-23','2021-02-17 09:30:11.926000'),(223,'2020-08-03 09:08:36.350375','2021-01-20','OTIS Deák tér','2018-01-20','2021-02-17 09:30:42.275000'),(224,'2020-08-03 09:08:43.885297','2021-02-17','OTIS Deák tér','2018-02-17','2021-02-17 09:31:05.833000'),(225,'2020-08-03 09:10:59.980619','2023-04-07','KONE Várfok utca','2020-04-07','2021-02-17 09:37:46.275000'),(228,'2020-08-03 09:11:46.972640','2020-08-02',NULL,'2020-08-02','2020-08-03 09:11:46.972649'),(230,'2020-08-03 09:11:58.618587','2020-08-02',NULL,'2020-08-02','2020-08-03 09:11:58.618597'),(241,'2020-08-05 06:38:45.709025','2021-11-04','Thyssen Fővám tér','2018-11-04','2021-02-17 10:05:37.075000'),(242,'2020-08-05 06:38:57.534738','2022-04-21','Thyssen Fővám tér','2019-04-21','2021-02-17 10:05:14.463000'),(314,'2020-08-18 09:40:34.632000','2023-04-07','KONE Várfok utca','2020-04-07','2021-02-17 09:38:01.290000'),(485,'2020-10-26 08:02:04.968000','2020-10-26',NULL,'2020-10-26','2020-10-26 08:02:04.968000'),(5073,'2020-11-12 16:11:16.204000','2020-11-12',NULL,'2020-11-12','2020-11-12 16:11:16.204000'),(5075,'2020-11-12 16:11:47.967000','2020-11-12',NULL,'2020-11-12','2020-11-12 16:11:47.967000'),(5076,'2020-11-12 16:11:58.004000','2020-11-12',NULL,'2020-11-12','2020-11-12 16:11:58.004000'),(5077,'2020-11-12 16:12:28.628000','2020-11-12',NULL,'2020-11-12','2020-11-12 16:12:28.628000'),(5079,'2020-11-12 16:12:39.513000','2020-11-12',NULL,'2020-11-12','2020-11-12 16:12:39.513000'),(5080,'2020-11-12 16:12:54.684000','2020-11-12',NULL,'2020-11-12','2020-11-12 16:12:54.684000'),(5081,'2020-11-12 16:13:34.276000','2020-11-12',NULL,'2020-11-12','2020-11-12 16:13:34.276000'),(5082,'2020-11-12 16:14:25.124000','2020-11-12',NULL,'2020-11-12','2020-11-12 16:14:25.124000'),(5083,'2020-11-12 16:15:09.350000','2020-11-12',NULL,'2020-11-12','2020-11-12 16:15:09.350000'),(5085,'2020-11-12 16:15:28.558000','2020-11-12',NULL,'2020-11-12','2020-11-12 16:15:28.558000'),(5086,'2020-11-12 16:15:44.117000','2020-11-12',NULL,'2020-11-12','2020-11-12 16:15:44.117000'),(5087,'2020-11-12 16:17:25.263000','2020-11-12',NULL,'2020-11-12','2020-11-12 16:17:25.263000'),(5089,'2020-11-12 16:21:17.219000','2022-08-15','Árpád híd CNIM','2019-08-15','2021-02-17 09:11:28.500000'),(5090,'2020-11-12 16:21:32.305000','2022-08-15','Árpád híd CNIM','2019-08-15','2021-02-17 09:11:49.212000'),(5091,'2020-11-12 16:21:48.455000','2022-08-15','Árpád híd CNIM','2019-08-15','2021-02-17 09:12:14.739000'),(5092,'2020-11-12 16:22:00.992000','2022-08-15','Árpád híd CNIM','2019-08-15','2021-02-17 09:12:37.603000'),(5093,'2020-11-12 16:23:08.963000','2020-11-12',NULL,'2020-11-12','2020-11-12 16:23:08.963000'),(5095,'2020-11-12 16:23:24.799000','2020-11-12',NULL,'2020-11-12','2020-11-12 16:23:24.799000'),(5096,'2020-11-12 16:23:45.800000','2020-11-12',NULL,'2020-11-12','2020-11-12 16:23:45.800000'),(5097,'2020-11-12 16:27:39.562000','2020-11-12',NULL,'2020-11-12','2020-11-12 16:27:39.562000'),(5098,'2020-11-12 16:27:51.391000','2020-11-12',NULL,'2020-11-12','2020-11-12 16:27:51.391000'),(5099,'2020-11-12 16:28:02.582000','2020-11-12',NULL,'2020-11-12','2020-11-12 16:28:02.582000'),(5527,'2020-11-12 18:20:39.981000','2020-11-12',NULL,'2020-11-12','2020-11-12 18:20:39.981000'),(5528,'2020-11-12 18:20:54.405000','2020-11-12',NULL,'2020-11-12','2020-11-12 18:20:54.405000'),(6941,'2021-01-29 11:32:55.959000','2021-01-29',NULL,'2021-01-29','2021-01-29 11:32:55.959000'),(6944,'2021-01-29 11:33:57.523000','2021-01-29',NULL,'2021-01-29','2021-01-29 11:33:57.523000'),(6946,'2021-01-29 11:34:27.554000','2021-01-29',NULL,'2021-01-29','2021-01-29 11:34:27.554000'),(6947,'2021-01-29 11:35:06.182000','2021-01-29',NULL,'2021-01-29','2021-01-29 11:35:06.182000'),(6948,'2021-01-29 11:35:32.218000','2021-01-29',NULL,'2021-01-29','2021-01-29 11:35:32.218000'),(6949,'2021-01-29 11:36:21.681000','2021-01-29',NULL,'2021-01-29','2021-01-29 11:36:21.681000'),(6951,'2021-01-29 11:36:49.330000','2021-01-29',NULL,'2021-01-29','2021-01-29 11:36:49.330000'),(6953,'2021-01-29 11:37:18.610000','2021-01-29',NULL,'2021-01-29','2021-01-29 11:37:18.610000'),(6954,'2021-01-29 11:37:40.736000','2021-01-29',NULL,'2021-01-29','2021-01-29 11:37:40.736000'),(6955,'2021-01-29 11:38:16.360000','2021-01-29',NULL,'2021-01-29','2021-01-29 11:38:16.360000'),(6956,'2021-01-29 11:38:51.867000','2021-01-29',NULL,'2021-01-29','2021-01-29 11:38:51.867000'),(6957,'2021-01-29 11:40:54.401000','2021-01-29',NULL,'2021-01-29','2021-01-29 11:40:54.401000'),(6959,'2021-01-29 11:41:13.366000','2021-01-29',NULL,'2021-01-29','2021-01-29 11:41:13.366000'),(6960,'2021-01-29 11:41:29.443000','2021-01-29',NULL,'2021-01-29','2021-01-29 11:41:29.443000'),(6961,'2021-01-29 11:41:47.265000','2021-01-29',NULL,'2021-01-29','2021-01-29 11:41:47.265000'),(6962,'2021-01-29 11:42:04.065000','2021-01-29',NULL,'2021-01-29','2021-01-29 11:42:04.065000'),(6963,'2021-01-29 11:42:41.529000','2021-01-29',NULL,'2021-01-29','2021-01-29 11:42:41.529000'),(6965,'2021-01-29 11:43:16.708000','2021-01-29',NULL,'2021-01-29','2021-01-29 11:43:16.708000'),(6967,'2021-01-29 11:43:32.047000','2021-01-29',NULL,'2021-01-29','2021-01-29 11:43:32.047000'),(6968,'2021-01-29 11:43:59.530000','2021-01-29',NULL,'2021-01-29','2021-01-29 11:43:59.530000'),(6970,'2021-01-29 11:44:24.638000','2021-01-29',NULL,'2021-01-29','2021-01-29 11:44:24.638000'),(6972,'2021-01-29 11:44:41.667000','2021-01-29',NULL,'2021-01-29','2021-01-29 11:44:41.667000'),(6973,'2021-01-29 11:44:59.906000','2021-01-29',NULL,'2021-01-29','2021-01-29 11:44:59.906000'),(6974,'2021-01-29 11:45:18.299000','2021-01-29',NULL,'2021-01-29','2021-01-29 11:45:18.299000'),(6975,'2021-01-29 11:45:38.511000','2021-01-29',NULL,'2021-01-29','2021-01-29 11:45:38.511000'),(6976,'2021-01-29 11:46:43.503000','2021-01-29',NULL,'2021-01-29','2021-01-29 11:46:43.503000'),(6977,'2021-01-29 11:46:59.742000','2021-01-29',NULL,'2021-01-29','2021-01-29 11:46:59.743000'),(6978,'2021-01-29 11:47:29.282000','2021-01-29',NULL,'2021-01-29','2021-01-29 11:47:29.282000'),(6979,'2021-01-29 11:47:43.510000','2021-01-29',NULL,'2021-01-29','2021-01-29 11:47:43.510000'),(6980,'2021-01-29 11:48:13.426000','2021-01-29',NULL,'2021-01-29','2021-01-29 11:48:13.426000'),(6981,'2021-01-29 11:48:31.974000','2021-01-29',NULL,'2021-01-29','2021-01-29 11:48:31.974000'),(6982,'2021-01-29 11:49:10.925000','2021-01-29',NULL,'2021-01-29','2021-01-29 11:49:10.925000'),(6983,'2021-01-29 11:49:30.138000','2021-01-29',NULL,'2021-01-29','2021-01-29 11:49:30.138000'),(6984,'2021-01-29 11:49:50.126000','2021-01-29',NULL,'2021-01-29','2021-01-29 11:49:50.126000'),(6985,'2021-01-29 11:50:06.999000','2021-02-11','Teszt Erintesvedelem','2021-01-29','2021-02-11 06:31:49.532000'),(7714,'2021-02-24 07:24:00.679106','2021-02-24',NULL,'2021-02-24','2021-02-24 07:24:00.679135');
/*!40000 ALTER TABLE `ErintesVedelem` ENABLE KEYS */;
UNLOCK TABLES;

--
-- Table structure for table `Hiba`
--

DROP TABLE IF EXISTS `Hiba`;
/*!40101 SET @saved_cs_client     = @@character_set_client */;
/*!50503 SET character_set_client = utf8mb4 */;
CREATE TABLE `Hiba` (
  `hibaId` int NOT NULL,
  `creationDateTime` datetime(6) DEFAULT NULL,
  `leiras` varchar(16000) DEFAULT NULL,
  `updateDateTime` datetime(6) DEFAULT NULL,
  `datum` date DEFAULT NULL,
  `lepcso_lepcsoSzama` int DEFAULT NULL,
  PRIMARY KEY (`hibaId`),
  KEY `FKjhdcto7k2vfbqj3ajfco4pjv` (`lepcso_lepcsoSzama`),
  CONSTRAINT `FKjhdcto7k2vfbqj3ajfco4pjv` FOREIGN KEY (`lepcso_lepcsoSzama`) REFERENCES `Lepcso` (`lepcsoSzama`)
) ENGINE=InnoDB DEFAULT CHARSET=utf8mb4 COLLATE=utf8mb4_0900_ai_ci;
/*!40101 SET character_set_client = @saved_cs_client */;

--
-- Dumping data for table `Hiba`
--

LOCK TABLES `Hiba` WRITE;
/*!40000 ALTER TABLE `Hiba` DISABLE KEYS */;
INSERT INTO `Hiba` VALUES (7011,'2021-02-02 19:24:53.955000','Alsó fedőlemez elmozdult hiba.','2021-02-02 19:24:53.955000',NULL,NULL),(7499,'2021-02-11 06:26:09.773000','Fék nem emel ki.','2021-02-11 06:26:09.773000',NULL,NULL),(7502,'2021-02-12 05:56:40.724701','Hibajel nélkül áll.','2021-02-12 05:56:40.724792',NULL,NULL),(7596,'2021-02-16 10:06:14.236000','16-os hiba. (Inverter hiba)','2021-02-16 10:06:14.236000',NULL,NULL),(7625,'2021-02-17 07:48:23.703000','Új Hiba','2021-02-17 07:48:23.703000',NULL,NULL),(7628,'2021-02-17 07:54:37.069000','Teszt Hiba','2021-02-17 07:54:37.070000',NULL,NULL);
/*!40000 ALTER TABLE `Hiba` ENABLE KEYS */;
UNLOCK TABLES;

--
-- Table structure for table `hibernate_sequence`
--

DROP TABLE IF EXISTS `hibernate_sequence`;
/*!40101 SET @saved_cs_client     = @@character_set_client */;
/*!50503 SET character_set_client = utf8mb4 */;
CREATE TABLE `hibernate_sequence` (
  `next_val` bigint DEFAULT NULL
) ENGINE=InnoDB DEFAULT CHARSET=utf8mb4 COLLATE=utf8mb4_0900_ai_ci;
/*!40101 SET character_set_client = @saved_cs_client */;

--
-- Dumping data for table `hibernate_sequence`
--

LOCK TABLES `hibernate_sequence` WRITE;
/*!40000 ALTER TABLE `hibernate_sequence` DISABLE KEYS */;
INSERT INTO `hibernate_sequence` VALUES (8150),(8150),(8150),(8150),(8150);
/*!40000 ALTER TABLE `hibernate_sequence` ENABLE KEYS */;
UNLOCK TABLES;

--
-- Table structure for table `Javitas`
--

DROP TABLE IF EXISTS `Javitas`;
/*!40101 SET @saved_cs_client     = @@character_set_client */;
/*!50503 SET character_set_client = utf8mb4 */;
CREATE TABLE `Javitas` (
  `javitasId` int NOT NULL,
  `creationDateTime` datetime(6) DEFAULT NULL,
  `javitasKelte` date DEFAULT NULL,
  `leiras` varchar(16000) DEFAULT NULL,
  `muszakSzama` int NOT NULL,
  `updateDateTime` datetime(6) DEFAULT NULL,
  `lepcso_lepcsoSzama` int DEFAULT NULL,
  `hibaId` int DEFAULT NULL,
  `hiba_hibaId` int DEFAULT NULL,
  PRIMARY KEY (`javitasId`),
  KEY `FKbyck1anumnficqba6s0gt6m2p` (`lepcso_lepcsoSzama`),
  KEY `FKcfp9m7u71mef2bwx2eyjrtueq` (`hibaId`),
  KEY `FK7nkk2ilolsqttovt8j97lmhjg` (`hiba_hibaId`),
  CONSTRAINT `FK7nkk2ilolsqttovt8j97lmhjg` FOREIGN KEY (`hiba_hibaId`) REFERENCES `Hiba` (`hibaId`),
  CONSTRAINT `FKbyck1anumnficqba6s0gt6m2p` FOREIGN KEY (`lepcso_lepcsoSzama`) REFERENCES `Lepcso` (`lepcsoSzama`),
  CONSTRAINT `FKcfp9m7u71mef2bwx2eyjrtueq` FOREIGN KEY (`hibaId`) REFERENCES `Hiba` (`hibaId`)
) ENGINE=InnoDB DEFAULT CHARSET=utf8mb4 COLLATE=utf8mb4_0900_ai_ci;
/*!40101 SET character_set_client = @saved_cs_client */;

--
-- Dumping data for table `Javitas`
--

LOCK TABLES `Javitas` WRITE;
/*!40000 ALTER TABLE `Javitas` DISABLE KEYS */;
INSERT INTO `Javitas` VALUES (84,'2020-08-03 07:29:29.951584','2020-08-02','Tápegység modul érintkezők tisztítása, kontaktspray.',2,'2020-08-03 07:29:29.951615',5114059,NULL,NULL),(89,'2020-08-03 07:37:23.740273','2020-08-02','Alsó felső trepni mechanika javítás, beállítás',3,'2020-08-03 07:37:23.740303',5099,NULL,NULL),(91,'2020-08-03 07:41:24.809469','2020-08-02','Biztonsági áramkörben hibakeresés. Alsó szervizcsatlakozó vakdugó ellenőrzés.\nFelső szerelőakna végálláskapcsolók ellenőrzése',3,'2020-08-03 07:41:24.809492',4745,NULL,NULL),(95,'2020-08-03 07:45:30.345464','2020-08-01','Szakadt iniciátor cseréje, iniciátorok beállítása.',4,'2020-08-03 07:45:30.345484',4848,NULL,NULL),(232,'2020-08-04 06:36:08.527207','2020-08-03','K73 relé vizsgálata, reléérintkezők tisztítása',1,'2020-08-04 06:36:08.527237',5101,NULL,NULL),(233,'2020-08-05 06:07:58.028423','2020-08-03','PLC elem csere',1,'2020-08-05 06:07:58.028496',3713,NULL,NULL),(234,'2020-08-05 06:09:38.287580','2020-08-04','Motor kiemelése',4,'2020-08-05 06:09:38.287600',5114058,NULL,NULL),(236,'2020-08-05 06:13:21.863721','2020-08-04','Biztonsági kör ellenőrzés, sorkapocsléc, kötések ellenőrzése.\nJavítás folyamatban, Metrószerviz értesítve.',1,'2020-08-05 06:13:21.863760',4745,NULL,NULL),(237,'2020-08-05 06:15:29.192647','2020-08-03','Kishajtó végálláskapcsoló javítása',2,'2020-08-05 06:15:29.192677',809,NULL,NULL),(238,'2020-08-05 06:18:54.175822','2020-08-02','Újraindítás után a kar üzemképes.',2,'2020-08-05 06:18:54.175876',5100,NULL,NULL),(240,'2020-08-05 06:37:44.835539','2020-08-04','Radar pozíciójának beállítása,az alsó szerelőaknában DB jelű relé érintkezőinek tisztítása',1,'2020-08-05 06:37:44.835594',4039,NULL,NULL),(244,'2020-08-05 06:43:52.348197','2020-08-04','Végálláskapcsoló vezeték levágás, újrakötés',2,'2020-08-05 06:43:52.348229',1523,NULL,NULL),(245,'2020-08-05 06:45:41.986821','2020-07-29','Felső piktogram konzol javítása.',2,'2020-08-05 06:45:41.986851',3995,NULL,NULL),(246,'2020-08-05 06:47:00.632161','2020-07-29','Vezérlőszekrény főkapcsoló mechanikai javítása',2,'2020-08-05 06:47:00.632190',4053,NULL,NULL),(247,'2020-08-05 06:49:25.102436','2020-08-04','Lépcsőkocsi hiány érzékelő csatlakozó cseréje, radar felszerelése. Végálláskapcsolók ellenőrzése, kijelző elem csere.',2,'2020-08-05 06:49:25.102459',1523,NULL,NULL),(248,'2020-08-05 06:52:46.953411','2020-07-28','Vezérlőszekrény 24 V-os relék cseréje.',3,'2020-08-07 06:15:30.574233',4039,NULL,NULL),(250,'2020-08-05 06:54:42.299323','2020-07-28','AU relé cseréje.',3,'2020-08-05 06:54:42.299349',4053,NULL,NULL),(252,'2020-08-05 06:55:49.047867','2020-07-26','AU relé cseréje',3,'2020-08-05 10:47:21.933640',4046,NULL,NULL),(254,'2020-08-05 06:57:42.716425','2020-07-27','Alsó radar kábel szigetelése.',4,'2020-08-05 06:57:42.716446',1523,NULL,NULL),(256,'2020-08-05 07:01:19.051284','2020-08-04','vezérlőszekrény csatlakozások ellenőrzése, K73 mágneskapcsoló ellenőrzése.',4,'2020-08-05 07:01:19.051306',5101,NULL,NULL),(257,'2020-08-05 07:02:43.552408','2020-07-28','Olajzó impulzus jeladó kártya cseréje',3,'2020-08-05 07:02:43.552452',5114059,NULL,NULL),(258,'2020-08-05 07:03:58.276165','2020-07-27','Olajzó impulzus jeladó kártya cseréje',4,'2020-08-05 07:03:58.276189',5114060,NULL,NULL),(259,'2020-08-05 07:06:20.921683','2020-07-26','felső lépcsősüllyedés végálláskapcsoló beállítása',1,'2020-08-05 07:06:20.921705',9,NULL,NULL),(261,'2020-08-05 07:09:59.533369','2020-07-24','Tachogenerátor vizsgálata, bordásszíj cseréje.',4,'2020-08-05 07:09:59.533457',3711,NULL,NULL),(262,'2020-08-05 07:11:44.466008','2020-07-23','Alsó szerelőakna kizáró kapcsoló javítása',4,'2020-08-05 07:11:44.466029',5114060,NULL,NULL),(263,'2020-08-05 07:13:08.450110','2020-07-23','Felső utasérzékelő radar javítása',4,'2020-08-05 07:13:08.450130',4014,NULL,NULL),(264,'2020-08-05 07:16:11.885068','2020-07-21','Gumikorlát görgő visszaszerelés, iniciátor beállítás',3,'2020-08-05 07:16:11.885088',4145,NULL,NULL),(265,'2020-08-05 07:17:58.690278','2020-07-19','távvezérlő áramkör átvizsgálása',1,'2020-08-05 07:17:58.690308',1522,NULL,NULL),(266,'2020-08-05 07:20:36.281802','2020-07-16','Csipogó javításra elküldve Kelenföldre',2,'2020-08-13 04:44:10.876447',4046,NULL,NULL),(268,'2020-08-07 06:10:25.606286','2020-08-05','Motorburkolat végálláskapcsoló kábele sérült, új szigeteléssel ellátva',3,'2020-08-07 06:10:25.606329',4745,NULL,NULL),(270,'2020-08-07 06:12:29.552179','2020-08-05','Fékmágnes ütközési hézagok beállítása, iniciátorok ellenőrzése.',3,'2020-08-07 06:12:29.552215',4049,NULL,NULL),(272,'2020-08-07 09:04:02.254427','2020-07-22','Fésűvilágítás javítása',1,'2020-08-07 09:04:02.254496',5114061,NULL,NULL),(273,'2020-08-07 09:04:52.049393','2020-07-22','Fésűvilágítás javítása',1,'2020-08-07 09:04:52.049425',5114060,NULL,NULL),(274,'2020-08-07 09:05:52.549696','2020-07-22','Alsó utasérzékelés javítása',1,'2020-08-07 09:05:52.549729',4039,NULL,NULL),(276,'2020-08-07 09:11:00.857758','2020-07-16','Rálépésgátló vezérlő panel hibakeresés',2,'2020-08-13 04:45:08.663376',4046,NULL,NULL),(277,'2020-08-07 09:21:10.372898','2020-07-16','vezérlőáramkör hibakeresés, világítás táp 10 A biztosíték',3,'2020-08-07 09:21:10.372922',4050,NULL,NULL),(278,'2020-08-07 09:22:22.206534','2020-07-15','K50 relé segédérintkező cseréje',4,'2020-08-07 09:22:22.206580',4143,NULL,NULL),(280,'2020-08-07 09:25:11.675618','2020-07-12','Stop nyomógomb cseréje, a többi gomb vizsgálata.',3,'2020-08-07 09:25:11.675640',5099,NULL,NULL),(281,'2020-08-07 09:27:42.030298','2020-07-11','vezérlőszekrény ventilátor csere.',4,'2020-08-07 09:27:42.030353',4050,NULL,NULL),(283,'2020-08-07 09:33:37.771791','2020-07-09','balusztrádban a stop kapcsoló át lett kapcsolva, ez okozta a hibát.',2,'2020-08-07 09:33:37.771827',3709,NULL,NULL),(285,'2020-08-07 09:36:57.594601','2020-07-08','Mágneskapcsolók tisztítása, vezérlőszekrény tisztítása, csatlakozások ellenőrzése.',3,'2020-08-07 09:39:40.115152',5114059,NULL,NULL),(286,'2020-08-10 06:55:53.359845','2020-08-08','távvezérlés átvizsgálás, relék ellenőrzése.',4,'2020-08-10 06:56:28.222681',3712,NULL,NULL),(288,'2020-08-10 07:01:25.733771','2020-08-06','K20, K21 relé, mérés, ellenőrzés, fékmágnes mérés, ellenőrzés. Fék levegős lehet.',3,'2020-08-10 07:01:25.733802',4848,NULL,NULL),(289,'2020-08-10 07:02:24.963472','2020-08-09','K 169 időrelé cseréje.',1,'2020-08-10 07:02:24.963501',4848,NULL,NULL),(290,'2020-08-11 04:41:09.936869','2020-08-09','forgalmi távvezérlés jelző izzó csere',3,'2020-08-11 04:41:09.936959',4142,NULL,NULL),(291,'2020-08-11 04:42:25.092857','2020-08-09','forgalmi távezérlés jelzőizzó csere',3,'2020-08-11 04:42:25.092888',4848,NULL,NULL),(292,'2020-08-11 04:43:22.064169','2020-08-09','Fésűvilágítás tápcsere',4,'2020-08-11 04:43:22.064336',3998,NULL,NULL),(293,'2020-08-11 04:43:50.271799','2020-08-09','Fésűvilágítás tápcsere',4,'2020-08-11 04:43:50.271835',4027,NULL,NULL),(294,'2020-08-11 04:44:57.613636','2020-08-09','Fésűvilágítás tápcsere',4,'2020-08-11 04:44:57.613667',4073,NULL,NULL),(296,'2020-08-12 08:10:12.418952','2020-08-11','K 155 relé cseréje (időzítő)',1,'2020-08-13 04:40:56.077579',4143,NULL,NULL),(297,'2020-08-13 04:39:33.173999','2020-08-09','motor csere, csúszógyűrűk ellenőrzése',2,'2020-08-14 10:07:12.619000',482,NULL,NULL),(298,'2020-08-13 04:46:12.401765','2020-08-12',' \"\"',5,'2020-08-13 10:43:31.278000',10,NULL,NULL),(299,'2020-08-13 10:43:51.172000','2020-08-12','\'\'',5,'2020-08-13 10:43:51.172000',10,NULL,NULL),(300,'2020-08-13 10:45:24.709000','2020-08-12','Csipogó csatlakozó kiváltása sorkapoccsal.',5,'2020-08-13 10:45:24.709000',4046,NULL,NULL),(301,'2020-08-13 11:02:56.537000','2020-08-12','!!!',5,'2020-08-13 11:02:56.537000',10,NULL,NULL),(302,'2020-08-14 10:04:15.217000','2020-08-13','Főmotor cseréje, próbajáratás',3,'2020-08-14 10:06:37.743000',482,NULL,NULL),(305,'2020-08-14 10:15:23.427000','2020-08-13','Segédrelék érintkezőinek tisztítása, távvezérlés PLC újraindítása.',3,'2020-08-14 10:15:23.427000',1522,NULL,NULL),(306,'2020-08-17 06:06:53.212000','2020-08-15','Felső rálépésgátló és felső utasérzékelő javítása, beállítása',2,'2020-08-17 06:06:53.212000',4046,NULL,NULL),(308,'2020-08-17 06:17:25.315000','2020-08-13','Felső lépcsőkocsihiány érzékelő cseréje, beállítása, próbajáratás',3,'2020-08-17 06:17:25.315000',3997,NULL,NULL),(311,'2020-08-18 09:35:08.391000','2020-08-18','Fék végálláskapcsoló beázás javítása',3,'2020-08-18 09:35:08.391000',4745,NULL,NULL),(313,'2020-08-18 09:40:14.074000','2020-08-18','Vezérlőszekrény áramtalanítás, portalanítás, visszakapcsolás',3,'2020-08-18 09:40:14.074000',713,NULL,NULL),(316,'2020-08-19 03:22:22.337000','2020-08-18','F41 kiiktatva, olajszivattyú zárlatos. Alsó aknában hibakeresés, indításkor azonnal leold a Fi-relé. Javítás folyamatban.',3,'2020-08-19 03:22:22.337000',714,NULL,NULL),(317,'2020-08-19 03:28:18.489000','2020-08-17','Motor felújítva, bekötés, próbajáratás',4,'2020-08-19 03:28:18.489000',5114058,NULL,NULL),(319,'2020-08-19 03:29:37.480000','2020-08-19','------',5,'2020-08-19 03:29:37.480000',9,NULL,NULL),(320,'2020-08-19 09:54:53.378000','2020-08-19','Fék áramkör hibakeresés. Megégett csatlakozó beázás miatt zárlat. Fékmágnes kicserélve BRA 600 típus',2,'2020-08-19 09:54:53.378000',714,NULL,NULL),(322,'2020-08-24 05:56:56.485000','2020-08-23','Fék iniciátor beállítása',3,'2020-08-24 05:56:56.485000',4049,NULL,NULL),(323,'2020-08-24 06:03:21.409000','2020-08-20','Lépcsőkocsi hiány érzékelő konzol átalakítás, érzékelők beállítása',1,'2020-08-24 06:03:21.409000',4075,NULL,NULL),(324,'2020-08-25 04:40:00.324000','2020-08-24','Kontakthiba megszüntetése',2,'2020-08-25 04:40:00.324000',4049,NULL,NULL),(326,'2020-08-25 07:22:45.945000','2020-08-25','2K7 jelű relé kiváltása. 3 darab MR 42 impulzusrelével és egy Finder 24V AC relével.',4,'2020-08-25 07:22:45.945000',3709,NULL,NULL),(340,'2020-08-31 10:43:22.868000','2020-08-31','Vezérlő áramkör hibakeresés. Felső vészleállító gomb tisztítás',3,'2020-08-31 10:43:22.868000',4742,NULL,NULL),(343,'2020-08-31 10:50:25.601000','2020-08-31','Víztelenítés után a kar rendben üzemel.',1,'2020-08-31 10:50:25.601000',5100,NULL,NULL),(344,'2020-08-31 10:57:02.144000','2020-08-27','Felső akna taposólemez alatti kábelek utólagos szigetelése. Fordított irány hiba megszüntetése a fordulatszám érzékelő pozíciójának beállításával',2,'2020-08-31 10:57:02.144000',4038,NULL,NULL),(345,'2020-08-31 10:58:02.952000','2020-08-27','PLC tápegység csere',3,'2020-08-31 10:58:02.952000',4020,NULL,NULL),(346,'2020-08-31 10:59:16.910000','2020-08-26','felső menetirányfény javítása',3,'2020-08-31 10:59:16.910000',4048,NULL,NULL),(347,'2020-08-31 11:00:02.108000','2020-08-26','Felső utasérzékelő beállítás, javítás',4,'2020-08-31 11:00:02.108000',4072,NULL,NULL),(350,'2020-09-02 10:02:18.556000','2020-09-01','Motor áramfelvétel mérése: 1.fázis 17 A, 2.fázis 16 A, 3.fázis 16 A.\nNyugtázás után forgalomnak átadva',1,'2020-09-02 10:02:18.556000',5114058,NULL,NULL),(351,'2020-09-02 10:13:11.049000','2020-09-02','felső irányjelző bura rögzítés rongálás miatt',2,'2020-09-02 10:13:11.049000',4743,NULL,NULL),(352,'2020-09-02 10:14:32.779000','2020-09-02','Felső utasérzékelő panel csatlakozók újraforrasztása.',2,'2020-09-02 10:14:32.779000',4742,NULL,NULL),(354,'2020-09-02 10:17:14.983000','2020-09-01','Kijelző panel átvizsgálása, áramtalanítás után normál üzemben működik.',1,'2020-09-02 10:17:14.983000',713,NULL,NULL),(510,'2020-11-03 16:10:19.806000','2020-11-03',' ',1,'2020-11-03 16:10:19.806000',8,NULL,NULL),(511,'2020-11-03 16:10:59.725000','2020-11-03',' ',1,'2020-11-03 16:10:59.725000',7,NULL,NULL),(5584,'2020-11-28 12:58:27.942000','2020-11-28','Teszt Hiba 9',2,'2020-11-28 12:58:27.942000',9,NULL,NULL),(5585,'2020-11-28 13:08:49.075000','2020-11-28','Teszt javitas 9. kar felujitas',0,'2020-11-28 13:08:49.076000',9,NULL,NULL),(5586,'2020-11-28 13:09:46.931000','2020-11-28','Teszt fojavitas',0,'2020-11-28 13:09:46.931000',9,NULL,NULL),(5587,'2020-11-28 13:12:26.507000','2020-11-28','Teszt muszak',1,'2020-11-28 13:12:26.507000',9,NULL,NULL),(5588,'2020-11-28 18:22:59.124000','2020-11-28','Teszt fojavitas 9. kar',2,'2020-11-28 18:22:59.125000',9,NULL,NULL),(5589,'2020-11-28 18:25:50.631000','2020-11-29','Teszt megint alkatresz 1.muszak',1,'2020-11-28 18:25:50.631000',9,NULL,NULL),(5915,'2020-12-04 06:31:24.129926','2020-12-03','Alsó infra beállítása. Próbajáratás.',4,'2020-12-04 06:31:24.136225',9,NULL,NULL),(5916,'2020-12-04 06:35:21.307923','2020-12-03','Árammérő felszerelés felügyelet.',1,'2020-12-04 06:35:21.307975',322,NULL,NULL),(5917,'2020-12-04 06:36:58.623331','2020-12-01','Áramváltó fogyasztásmérő beépítés felügyelet.',3,'2020-12-04 06:44:39.882242',4068,NULL,NULL),(5918,'2020-12-04 06:50:18.203449','2020-12-01','Frekvenciaváltó karbantartás Cesare Kft-vel.',3,'2020-12-04 06:50:18.203568',4076,NULL,NULL),(5919,'2020-12-10 12:21:06.255661','2020-12-06','Teszt javítás 10-es karon',1,'2020-12-10 12:32:05.500712',10,NULL,NULL),(5920,'2020-12-11 06:05:30.543661','2020-12-10','Aknában lévő szivattyú zárlatos, szivattyú vezérlés kismegszakítója leoldott. A MÁV felőli betáplálás megszűnt. Ideiglenes tápot kapott, hogy a karok tudjanak működni. Molnár Gábor művezető utasítására. 4742-4744 karok álltak 20.30-tól 24.00-ig.',2,'2020-12-11 06:05:30.543780',4742,NULL,NULL),(5921,'2020-12-11 06:07:02.552477','2020-12-10','Motor ki-és bekötés csere miatt.',2,'2020-12-11 06:07:02.552554',4577,NULL,NULL),(5923,'2020-12-11 06:10:52.620027','2020-12-09','Vezérlés vizsgálata, fék áramkör hibakeresés, fék iniciátorok kimérése, beállítása. Próbajáratás után forgalomnak átadva 12.25-kor',2,'2020-12-11 06:12:38.366273',4848,NULL,NULL),(5924,'2020-12-11 06:12:04.072926','2020-12-09','Vezérlő áramkör hibakeresés, RU relé cseréje.',3,'2020-12-11 06:12:04.072981',4034,NULL,NULL),(5925,'2020-12-11 07:15:25.141738','2020-12-08','Vészfék kondenzátor cseréje',3,'2020-12-11 07:15:25.141784',4027,NULL,NULL),(5926,'2020-12-11 07:18:41.641547','2020-12-08','Vezérlőáramkör hibakeresés. Fékáramkör átvizsgálása, fékmágnesek mechanikus mozgatása. Elektromos hibát nem tapasztaltunk. 13.45-től próbajáratás után forgalomnak üzemképesen átadva.',3,'2020-12-11 07:18:41.641597',5114060,NULL,NULL),(5927,'2020-12-11 07:20:46.064897','2020-12-08','Mérőóra beszerelése, próbajáratás-',4,'2020-12-11 07:20:46.066211',4848,NULL,NULL),(5928,'2020-12-11 07:20:55.580352','2020-12-08','Mérőóra beszerelése, próbajáratás-',4,'2020-12-11 07:20:55.582875',4849,NULL,NULL),(5929,'2020-12-11 07:21:03.044770','2020-12-08','Mérőóra beszerelése, próbajáratás-',4,'2020-12-11 07:21:03.044821',4850,NULL,NULL),(5930,'2020-12-11 07:21:08.568766','2020-12-08','Mérőóra beszerelése, próbajáratás-',4,'2020-12-11 07:21:08.568901',4851,NULL,NULL),(5931,'2020-12-11 07:22:15.347741','2020-12-08','Fékmágnesek átvizsgálása, mozgatása, segítségnyújtás a gépészeknek.',4,'2020-12-11 07:22:15.347797',5114060,NULL,NULL),(5932,'2020-12-11 07:25:19.674158','2020-12-07','Lépcsőkar áramtalanítás, visszakapcsolás.',4,'2020-12-11 07:25:19.674236',4742,NULL,NULL),(5933,'2020-12-11 07:25:25.346171','2020-12-07','Lépcsőkar áramtalanítás, visszakapcsolás.',4,'2020-12-11 07:25:25.346224',4743,NULL,NULL),(5934,'2020-12-11 07:25:30.184593','2020-12-07','Lépcsőkar áramtalanítás, visszakapcsolás.',4,'2020-12-11 07:25:30.184641',4744,NULL,NULL),(5935,'2020-12-11 07:25:44.197482','2020-12-07','Lépcsőkar áramtalanítás, visszakapcsolás.',4,'2020-12-11 07:25:44.197528',4745,NULL,NULL),(5936,'2020-12-11 07:35:57.805148','2020-12-04','Vészfék kondenzátor cseréje.',3,'2020-12-11 07:35:57.806044',4071,NULL,NULL),(5937,'2020-12-11 07:37:25.600506','2020-12-04','RVF mágneskapcsoló (DIL 00-52d tip.) cseréje.',3,'2020-12-11 07:37:25.600553',322,NULL,NULL),(5938,'2020-12-11 07:38:22.895647','2020-12-04','Árammérő felszerelés felügyelete.',4,'2020-12-11 07:38:22.895695',351,NULL,NULL),(5939,'2020-12-11 07:38:28.700486','2020-12-04','Árammérő felszerelés felügyelete.',4,'2020-12-11 07:38:28.700529',352,NULL,NULL),(5940,'2020-12-11 07:38:37.180015','2020-12-04','Árammérő felszerelés felügyelete.',4,'2020-12-11 07:38:37.180058',353,NULL,NULL),(5941,'2020-12-11 07:40:23.110846','2020-12-04','Frekvenciaváltó karbantartása Cesare Kft-vel.',4,'2020-12-11 07:40:23.110927',4038,NULL,NULL),(5942,'2020-12-11 07:40:33.732244','2020-12-04','Frekvenciaváltó karbantartása Cesare Kft-vel.',4,'2020-12-11 07:40:33.732287',4039,NULL,NULL),(5943,'2020-12-11 07:40:38.573289','2020-12-04','Frekvenciaváltó karbantartása Cesare Kft-vel.',4,'2020-12-11 07:40:38.573336',4040,NULL,NULL),(5944,'2020-12-11 07:40:45.180138','2020-12-04','Frekvenciaváltó karbantartása Cesare Kft-vel.',4,'2020-12-11 07:40:45.180185',4041,NULL,NULL),(5945,'2020-12-11 07:40:51.742117','2020-12-04','Frekvenciaváltó karbantartása Cesare Kft-vel.',4,'2020-12-11 07:40:51.746254',4042,NULL,NULL),(5946,'2020-12-11 07:41:00.471788','2020-12-04','Frekvenciaváltó karbantartása Cesare Kft-vel.',4,'2020-12-11 07:41:00.471832',4043,NULL,NULL),(5947,'2020-12-11 07:41:15.076567','2020-12-04','Frekvenciaváltó karbantartása Cesare Kft-vel.',4,'2020-12-11 07:41:15.076638',4044,NULL,NULL),(5948,'2020-12-11 07:41:21.927155','2020-12-04','Frekvenciaváltó karbantartása Cesare Kft-vel.',4,'2020-12-11 07:41:21.927198',4045,NULL,NULL),(5949,'2020-12-11 07:44:00.023919','2020-12-03','Frekvenciaváltó karbantartás Cesare Kft-vel.',1,'2020-12-11 07:44:00.023988',4068,NULL,NULL),(5950,'2020-12-11 07:44:08.759361','2020-12-03','Frekvenciaváltó karbantartás Cesare Kft-vel.',1,'2020-12-11 07:44:08.759399',4069,NULL,NULL),(5951,'2020-12-11 07:44:13.682027','2020-12-03','Frekvenciaváltó karbantartás Cesare Kft-vel.',1,'2020-12-11 07:44:13.682072',4070,NULL,NULL),(5952,'2020-12-11 07:44:20.325078','2020-12-03','Frekvenciaváltó karbantartás Cesare Kft-vel.',1,'2020-12-11 07:44:20.325117',4071,NULL,NULL),(5953,'2020-12-11 07:44:25.644109','2020-12-03','Frekvenciaváltó karbantartás Cesare Kft-vel.',1,'2020-12-11 07:44:25.644968',4072,NULL,NULL),(5954,'2020-12-11 07:44:31.640052','2020-12-03','Frekvenciaváltó karbantartás Cesare Kft-vel.',1,'2020-12-11 07:44:31.640092',4073,NULL,NULL),(5955,'2020-12-11 07:44:38.916631','2020-12-03','Frekvenciaváltó karbantartás Cesare Kft-vel.',1,'2020-12-11 07:44:38.916694',4074,NULL,NULL),(5956,'2020-12-11 07:44:44.881210','2020-12-03','Frekvenciaváltó karbantartás Cesare Kft-vel.',1,'2020-12-11 07:44:44.881243',4075,NULL,NULL),(5957,'2020-12-11 07:50:11.144633','2020-12-02','Fék áramkör átvizsgálása, iniciátor beállítása.',1,'2020-12-11 07:50:11.144667',4142,NULL,NULL),(5958,'2020-12-11 07:53:10.693552','2020-12-02','Árammérő beépítés felügyelet.',2,'2020-12-11 07:53:10.693591',480,NULL,NULL),(5959,'2020-12-11 07:53:16.380946','2020-12-02','Árammérő beépítés felügyelet.',2,'2020-12-11 07:53:16.380981',481,NULL,NULL),(5960,'2020-12-11 07:53:21.352531','2020-12-02','Árammérő beépítés felügyelet.',2,'2020-12-11 07:53:21.352565',482,NULL,NULL),(5961,'2020-12-11 07:55:06.723634','2020-12-02','Frekvenciavátó karbantartás Cesare Kft-vel.',2,'2020-12-11 07:55:06.723668',4060,NULL,NULL),(5962,'2020-12-11 07:55:10.901922','2020-12-02','Frekvenciavátó karbantartás Cesare Kft-vel.',2,'2020-12-11 07:55:10.901955',4061,NULL,NULL),(5963,'2020-12-11 07:55:16.676808','2020-12-02','Frekvenciavátó karbantartás Cesare Kft-vel.',2,'2020-12-11 07:55:16.676866',4062,NULL,NULL),(5964,'2020-12-11 07:55:20.959166','2020-12-02','Frekvenciavátó karbantartás Cesare Kft-vel.',2,'2020-12-11 07:55:20.959225',4063,NULL,NULL),(5965,'2020-12-11 07:55:25.967763','2020-12-02','Frekvenciavátó karbantartás Cesare Kft-vel.',2,'2020-12-11 07:55:25.967798',4064,NULL,NULL),(5966,'2020-12-11 07:55:31.573655','2020-12-02','Frekvenciavátó karbantartás Cesare Kft-vel.',2,'2020-12-11 07:55:31.573694',4065,NULL,NULL),(5967,'2020-12-11 07:55:44.842817','2020-12-02','Frekvenciavátó karbantartás Cesare Kft-vel.',2,'2020-12-11 07:55:44.842854',4066,NULL,NULL),(5968,'2020-12-11 07:55:49.787466','2020-12-02','Frekvenciavátó karbantartás Cesare Kft-vel.',2,'2020-12-11 07:55:49.787505',4067,NULL,NULL),(5969,'2020-12-11 07:58:33.003181','2020-12-01','Korlátfertőtlenítő felszerelés felügyelet, majd áramtalanítás',2,'2020-12-11 07:58:33.003216',309,NULL,NULL),(5970,'2020-12-11 07:58:47.679666','2020-12-01','Korlátfertőtlenítő felszerelés felügyelet, majd áramtalanítás',2,'2020-12-11 07:58:47.679705',310,NULL,NULL),(5971,'2020-12-11 08:00:58.623066','2020-12-01','Fogyasztásmérő beépítés felügyelet.',3,'2020-12-11 08:00:58.623101',284,NULL,NULL),(5972,'2020-12-11 08:01:03.744426','2020-12-01','Fogyasztásmérő beépítés felügyelet.',3,'2020-12-11 08:01:03.744460',285,NULL,NULL),(5973,'2020-12-11 08:01:09.541790','2020-12-01','Fogyasztásmérő beépítés felügyelet.',3,'2020-12-11 08:01:09.541829',286,NULL,NULL),(5974,'2020-12-11 08:02:36.060595','2020-12-01','Fogyasztásmérő beépítés felügyelet.',3,'2020-12-11 08:02:36.060631',501,NULL,NULL),(5975,'2020-12-11 08:02:40.509040','2020-12-01','Fogyasztásmérő beépítés felügyelet.',3,'2020-12-11 08:02:40.509074',502,NULL,NULL),(5976,'2020-12-11 08:02:45.381162','2020-12-01','Fogyasztásmérő beépítés felügyelet.',3,'2020-12-11 08:02:45.381196',503,NULL,NULL),(5977,'2020-12-11 08:03:57.479348','2020-11-30','Fogyasztásmérő beépítés felügyelet.',4,'2020-12-11 08:03:57.479387',501,NULL,NULL),(5978,'2020-12-11 08:04:02.277794','2020-11-30','Fogyasztásmérő beépítés felügyelet.',4,'2020-12-11 08:04:02.277830',502,NULL,NULL),(5979,'2020-12-11 08:04:07.764817','2020-11-30','Fogyasztásmérő beépítés felügyelet.',4,'2020-12-11 08:04:07.764956',503,NULL,NULL),(5980,'2020-12-11 08:06:18.765728','2020-11-30','Frekvenciaváltó karbantartás Cesare Kft-vel.',4,'2020-12-11 08:06:18.765764',4046,NULL,NULL),(5981,'2020-12-11 08:06:27.682391','2020-11-30','Frekvenciaváltó karbantartás Cesare Kft-vel.',4,'2020-12-11 08:06:27.682425',4047,NULL,NULL),(5982,'2020-12-11 08:06:32.416896','2020-11-30','Frekvenciaváltó karbantartás Cesare Kft-vel.',4,'2020-12-11 08:06:32.417013',4048,NULL,NULL),(5983,'2020-12-11 08:06:37.014666','2020-11-30','Frekvenciaváltó karbantartás Cesare Kft-vel.',4,'2020-12-11 08:06:37.014694',4049,NULL,NULL),(5984,'2020-12-11 08:06:43.236037','2020-11-30','Frekvenciaváltó karbantartás Cesare Kft-vel.',4,'2020-12-11 08:06:43.236066',4050,NULL,NULL),(5985,'2020-12-11 08:06:47.404581','2020-11-30','Frekvenciaváltó karbantartás Cesare Kft-vel.',4,'2020-12-11 08:06:47.404636',4051,NULL,NULL),(5986,'2020-12-11 08:06:52.422535','2020-11-30','Frekvenciaváltó karbantartás Cesare Kft-vel.',4,'2020-12-11 08:06:52.422587',4052,NULL,NULL),(5987,'2020-12-11 08:06:56.938989','2020-11-30','Frekvenciaváltó karbantartás Cesare Kft-vel.',4,'2020-12-11 08:06:56.939017',4053,NULL,NULL),(5988,'2020-12-11 08:07:03.236505','2020-11-30','Frekvenciaváltó karbantartás Cesare Kft-vel.',4,'2020-12-11 08:07:03.236536',4054,NULL,NULL),(5989,'2020-12-11 08:07:08.778300','2020-11-30','Frekvenciaváltó karbantartás Cesare Kft-vel.',4,'2020-12-11 08:07:08.778332',4055,NULL,NULL),(5991,'2020-12-11 08:11:49.567273','2020-11-30','Lépcső befutás alsó hiba. Fésű VÁK ellenőrzése. 17.10-17.30-ig állt, helyette a 4849-es kar ment.',3,'2020-12-11 08:11:49.567305',4851,NULL,NULL),(5992,'2020-12-12 10:45:36.149489','2020-12-11','Frekvenciaváltó kalibrálása motorcsere miatt.',4,'2020-12-12 10:45:36.149609',4577,NULL,NULL),(5993,'2020-12-12 10:47:24.774599','2020-12-11','Búvárszivattyú vezeték cseréje.',4,'2020-12-12 10:47:24.774646',4742,NULL,NULL),(5994,'2020-12-12 10:48:45.242525','2020-12-11','Elektromos átvizsgálás a kar újraindítása előtt.(Alkatrészre várt kb. 1 éve)',1,'2020-12-12 10:48:45.242578',4044,NULL,NULL),(5995,'2020-12-17 07:15:56.081280','2020-12-16','Déli pályaudvar 501 kar főhajtómotor, segédhajtómotor, fékek és csapágyhőmérők kikötése.',3,'2020-12-17 07:15:56.081403',501,NULL,NULL),(5997,'2020-12-17 07:19:45.526035','2020-12-16','1 darab lépcsőkocsi cseréje segédgörgő törése miatt. Próbajáratás után a forgalomnak átadva.',3,'2020-12-17 07:19:45.526082',4849,NULL,NULL),(5998,'2020-12-17 07:21:05.855788','2020-12-16','Felső lépcsőkocsihiány-érzékelő beállítása.',4,'2020-12-17 07:21:05.855842',4074,NULL,NULL),(5999,'2020-12-17 07:24:17.845871','2020-12-16','Motorkábel sarujának újrapréselése.',4,'2020-12-17 07:24:17.845921',481,NULL,NULL),(6012,'2020-12-17 07:45:09.982395','2020-12-15','Gumikorlát vulkanizáló tápcsatlakozó kibontása, új csatlakozó beépítése, az eszköz ÉV mérése, tesztelése.',4,'2020-12-17 07:45:09.982513',1105,NULL,NULL),(6013,'2020-12-17 07:46:15.206407','2020-12-15','Árammérő berendezések újraprogramozás idejére ügyelet.',4,'2020-12-17 07:46:15.207677',284,NULL,NULL),(6014,'2020-12-17 07:46:21.482452','2020-12-15','Árammérő berendezések újraprogramozás idejére ügyelet.',4,'2020-12-17 07:46:21.482527',285,NULL,NULL),(6015,'2020-12-17 07:46:28.536857','2020-12-15','Árammérő berendezések újraprogramozás idejére ügyelet.',4,'2020-12-17 07:46:28.536931',286,NULL,NULL),(6016,'2020-12-17 07:47:35.979817','2020-12-15','Irányjelző fény (piktogram) bekötése.',4,'2020-12-17 07:47:35.979905',4579,NULL,NULL),(6017,'2020-12-17 07:50:53.420419','2020-12-15','37-es hibakód (eltérő motorsebesség hiba) megszüntetése. Sebességérzékelő iniciátorok pozicionálása, tartókonzol rögzítése. Főjavítónak átadva próbajáratásra.',4,'2020-12-17 07:50:53.420549',4579,NULL,NULL),(6026,'2020-12-17 07:55:47.122678','2020-12-15','Kossuth tér szervizkábel javítása',1,'2020-12-17 07:55:47.122725',1105,NULL,NULL),(6028,'2020-12-17 07:59:26.671960','2020-12-14','Vezérlés vizsgálata, felső kulcsos kapcsoló visszaállítása, frekvenciaváltó Auto Tuning elvégzése. Próbajáratás után 20.45-től lejtmenetben üzemel.',1,'2020-12-17 07:59:26.672359',4579,NULL,NULL),(6037,'2020-12-17 08:05:33.025378','2020-12-14','Biztonságtechnikai átvizsgálás és átadás, iniciátor kábelek és fékcsövek rögzítése, rendezése.',1,'2020-12-17 08:05:33.025420',4579,NULL,NULL),(6038,'2020-12-17 08:07:51.324745','2020-12-14','Motor fedél VÁK kontakthiba megszüntetése.',1,'2020-12-17 08:07:51.324788',4044,NULL,NULL),(6039,'2020-12-17 08:08:35.280888','2020-12-14','Lépcsőkocsihiány érzékelő beállítása',1,'2020-12-17 08:08:35.280930',4074,NULL,NULL),(6041,'2020-12-17 08:15:25.740927','2020-12-12','3 db lépcsőkocsi kiszerelése, felső lépcsőkocsihiány érzékelő iniciátorok cseréje. Csoportvezető értesítve, javítás folyamatban.',3,'2020-12-17 08:15:25.740965',4074,NULL,NULL),(6042,'2020-12-17 08:17:07.398047','2020-12-12','Felső lépcsőkocsihiány érzékelő beszerelésének befejezése (elektronika beszerelése). A kar próbajáratás után a forgalomnak átadva.',4,'2020-12-17 08:17:07.399346',4074,NULL,NULL),(6043,'2020-12-17 08:17:59.430114','2020-12-12','ÉV vizsgálat elvégzése.',4,'2020-12-17 08:17:59.430149',4579,NULL,NULL),(6044,'2020-12-17 08:20:59.229283','2020-12-11','Frekvenciaváltó újraprogramozása motorcsere miatt.',4,'2020-12-17 08:20:59.229320',4577,NULL,NULL),(6045,'2020-12-17 08:22:11.524283','2020-12-11','Nyugati pályaudvar búvárszivattyú vezeték cseréje.',4,'2020-12-17 08:22:11.524343',1105,NULL,NULL),(6046,'2020-12-17 10:12:04.144334','2020-12-17','T 1-es tápegység csere',2,'2020-12-17 10:12:04.144451',4029,NULL,NULL),(6047,'2020-12-19 03:51:27.959762','2020-12-18','Fék áramkör átvizsgálása ,érzékelők beállítása\n',2,'2020-12-19 03:51:27.959880',4083,NULL,NULL),(6048,'2020-12-19 03:53:28.418468','2020-12-18','Felső lépcsőkocsi hiány érzékelők cseréje.\nvezérlés átkötése,24V Dc relék beépítése.',2,'2020-12-19 03:53:28.420608',4084,NULL,NULL),(6049,'2020-12-21 07:51:02.272058','2020-12-20','Fékiniciátor beállítása, próbajáratás.',3,'2020-12-21 07:51:02.275613',4083,NULL,NULL),(6050,'2020-12-21 07:52:20.230493','2020-12-20','Kalocsa szekrény lebontása, szállításra összekészítése.',3,'2020-12-21 07:52:20.230591',4579,NULL,NULL),(6054,'2020-12-21 08:12:46.469992','2020-12-20','lépcsőkocsihiány érzékelő cseréje, vezérlés átalakítása, 2db relé beszerelése, átvezetékelés,érzékelő beállítása,  próbajáratás. Próbajáratás során a kar többször megállt. Vezérlés újbóli átvizsgálása, a lépcsőkocsik átvizsgálása. 1 db lépcsőkocsi a jobb felső sarkánál törött, lépcsőkocsi cseréje. Ismételt próbajáratás után a forgalomnak átadva.',4,'2020-12-21 08:12:46.470115',4083,NULL,NULL),(6055,'2020-12-21 08:14:30.907941','2020-12-18','Fordulatszám iniciátorok beállítása, próbajáratás.',1,'2020-12-21 08:14:30.908049',4579,NULL,NULL),(6056,'2020-12-21 08:15:16.911906','2020-12-18','Vízszivattyú csere.',1,'2020-12-21 08:15:16.911987',4742,NULL,NULL),(6057,'2020-12-21 08:16:07.414732','2020-12-18','Motorok, nyomógombok, VÁK-ok bekötése hajtómű csere miatt.',1,'2020-12-21 08:16:07.414807',501,NULL,NULL),(6058,'2020-12-21 08:17:41.356388','2020-12-18','Fékáramkör átvizsgálása, iniciátorok beállítása, kontakthiba megszüntetése.',2,'2020-12-21 08:17:41.357336',4083,NULL,NULL),(6059,'2020-12-21 08:19:17.734459','2020-12-18','Felső lépcsőkocsihiány érzékelők cseréje, átvezetékelés, relék beépítése.',2,'2020-12-21 08:19:17.734534',4084,NULL,NULL),(6060,'2020-12-21 08:20:54.189881','2020-12-17','Fésűvilágítás javítása.',2,'2020-12-21 08:20:54.189935',4579,NULL,NULL),(6062,'2020-12-21 16:28:15.840492','2020-12-21','lépcsőkocsi süllyedés vákok beállítása. Lépcsőkocso hiány érzékrlő beállítása,le kellet\npárhuzamosítani a reléket mert nem lehet beállítani a pálya csavarodása miatt.',2,'2020-12-21 16:28:15.841792',4083,NULL,NULL),(6063,'2020-12-22 08:57:11.552889','2020-12-21','Lépcsőkocsi süllyedés VÁK beállítása. Felső lépcsőkocsihiány érzékelő beállítása, párhuzamosítása, mivel nem lehet beállítani az érzékelőket. A lyukat figyelő érzékelő kiáll hibával. Párhuzamosítás után próbajáratás, forgalomnak átadva.',2,'2020-12-22 08:57:11.553008',4083,NULL,NULL),(6064,'2020-12-22 08:59:30.057781','2020-12-21','Bal oldai főhajtómotor kikötése, bekötése motor csere miatt. Kábelek rendezése, iniciátorok le-és felszerelése. Bal oldali fékmágnes ki-és bekötése. Iniciátorok beállítása. Próbajáratás.',3,'2020-12-22 08:59:30.057903',4579,NULL,NULL),(6065,'2020-12-23 05:49:24.814865','2020-12-22','Frekvenciaváltó program frissítés, motor ellenállás-és szigetelésértékek ellenőrzése. Próbajáratás után a forgalomnak átadva.',1,'2020-12-23 05:49:24.814983',4579,NULL,NULL),(6066,'2020-12-23 05:51:38.246590','2020-12-22','Vezérlőpanel hibakeresés, RU relé cseréje. Csere után a forgalomnak átadva.',1,'2020-12-23 05:51:38.246657',4023,NULL,NULL),(6067,'2020-12-23 05:58:32.341531','2020-12-22','Féknyitás VÁK beállítása',1,'2020-12-23 05:58:32.341653',4743,NULL,NULL),(6068,'2020-12-23 06:00:59.545378','2020-12-22','Vízszivattyú betáplálás véglegesítése.',1,'2020-12-23 06:00:59.545426',4742,NULL,NULL),(6069,'2021-01-04 07:03:02.404719','2020-12-23','Vízszivattyú betáp visszakötése',1,'2021-01-04 07:03:02.404797',4742,NULL,NULL),(6070,'2021-01-04 07:05:34.321045','2020-12-24','Motorfék VÁK ellenőrzése, próbajáratás',3,'2021-01-04 08:13:22.833000',4743,NULL,NULL),(6071,'2021-01-04 07:07:50.947205','2020-12-25','Vezérlés vizsgálata, 37-es hiba nyugtázása. Távvezérlés visszajelző cseréje. A kar állt 5.45-től 6.45-ig. Helyette a 4849-es kar üzemelt.',2,'2021-01-04 07:07:50.947252',4848,NULL,NULL),(6072,'2021-01-04 07:09:50.918569','2020-12-25','Vezérlés vizsgálata, irány keresztreteszelés javítása. A kar állt 10.15-től 12.35-ig, helyette a 4144. kar üzemelt.',2,'2021-01-04 07:09:50.918614',4145,NULL,NULL),(6073,'2021-01-04 07:12:16.115709','2020-12-26','Rögzítőfék és vészfék átvizsgálása, vészfék szorulás megszüntetése.',1,'2021-01-04 07:12:16.115759',3711,NULL,NULL),(6074,'2021-01-04 07:21:58.858441','2020-12-28','Alsó lépcsősüllyedés VÁK áthidalása javítás idejéig.',3,'2021-01-04 07:21:58.858496',5114061,NULL,NULL),(6075,'2021-01-04 07:25:27.581339','2020-12-28','A kar vezérlés hibával áll. Vezérlőáramkörben hibakeresés. Javítása folyamatban.',4,'2021-01-04 07:25:27.581389',1522,NULL,NULL),(6076,'2021-01-04 07:25:39.252485','2020-12-28','A kar vezérlés hibával áll. Vezérlőáramkörben hibakeresés. Javítása folyamatban.',4,'2021-01-04 07:25:39.252534',1523,NULL,NULL),(6077,'2021-01-04 07:27:14.659746','2020-12-29','Vezérlés javítása, lépcsőkocsihiány érzékelők tisztítása. Próbajáratás után a forgalomnak üzemképesen átadva.',2,'2021-01-04 07:27:14.659834',1523,NULL,NULL),(6078,'2021-01-04 07:27:21.056567','2020-12-29','Vezérlés javítása, lépcsőkocsihiány érzékelők tisztítása. Próbajáratás után a forgalomnak üzemképesen átadva.',2,'2021-01-04 07:27:21.056623',1522,NULL,NULL),(6080,'2021-01-04 07:30:49.088720','2020-12-30','Sebességfigyelő iniciátor tisztítása után a kar üzemképes. Próbajáratás után a forgalomnak átadva.A kar állt 04.17-től 07.50-ig.',1,'2021-01-04 07:30:49.088767',3713,NULL,NULL),(6081,'2021-01-04 07:33:28.982367','2021-01-01','Alsó vészleállító tisztítása.',3,'2021-01-04 08:10:55.888000',4577,NULL,NULL),(6824,'2021-01-05 07:30:31.150796','2021-01-02','Rögzítőfék VÁK ellenőrzése. Próbajáratás után forgalomnak átadva.',3,'2021-01-05 07:30:31.150844',3711,NULL,NULL),(6825,'2021-01-05 07:30:51.398954','2021-01-03','Rögzítőfék VÁK ellenőrzése. Próbajáratás után forgalomnak átadva.',1,'2021-01-05 07:30:51.398997',3711,NULL,NULL),(6826,'2021-01-05 07:33:00.246155','2021-01-03','TH3 jelű hőkioldó javítás idejére átkötve. A kar fordított menetirány hibával állt. Gépészeknek átadva korlát hajtólánc szakadás miatt.',2,'2021-01-05 07:33:00.246197',4029,NULL,NULL),(6827,'2021-01-05 07:35:05.221952','2021-01-04','Felső fésű hiba. A kar állt 07.15-től 10.15-ig. Kavicsok eltávolítása, fésű szekció beállítása után a forgalomnak átadva.',4,'2021-01-05 07:35:05.221995',4848,NULL,NULL),(6828,'2021-01-05 07:38:26.723803','2021-01-04','PLC program mentése, PLC cseréje a Siemens-technikussal.',4,'2021-01-05 07:39:04.568879',1522,NULL,NULL),(6829,'2021-01-05 07:38:45.346406','2021-01-04','PLC program mentése, PLC cseréje a Siemens-technikussal.',4,'2021-01-05 07:38:45.346451',1523,NULL,NULL),(6830,'2021-01-06 08:50:03.866962','2021-01-05','Kalocsa szekrény telepítése, jelzőkürt telepítése. Mobilarmatúra telepítés, szerelőjárati világítás javítása. Fénycső és -gyújtó pótlás.',3,'2021-01-06 08:50:03.867031',351,NULL,NULL),(6831,'2021-01-06 08:51:57.591969','2021-01-05','Biztonsági áramkör hiba. Hibakeresés, vezérlés vizsgálata. Javítása folyamatban.',4,'2021-01-06 08:51:57.592018',3709,NULL,NULL),(6832,'2021-01-06 08:54:19.186621','2021-01-06','Vezérlés hibakeresés, kontakthiba megszüntetése. A kar állt 04.17-től 07.53-ig. Helyette a 3708-as kar üzemelt.',2,'2021-01-06 08:54:19.186713',3709,NULL,NULL),(6833,'2021-01-06 08:55:50.712510','2021-01-06','Rögzítőfék VÁK ellenőrzése - rendben üzemelt, a kar állt 07.55.-től 08.14-ig. Próbajáratás után a forgalomnak átadva.',2,'2021-01-06 08:55:50.712559',3711,NULL,NULL),(6834,'2021-01-08 08:45:43.099690','2021-01-07','Fékmágnes kimérése, cseréje.',1,'2021-01-08 08:45:43.099736',4743,NULL,NULL),(6835,'2021-01-08 09:04:26.753366','2021-01-08','kartervédő légzsák pumpálása ',4,'2021-01-08 09:04:26.753483',7,NULL,NULL),(6836,'2021-01-11 05:22:33.930773','2021-01-08','Motorok, eldrók, csapágyhőmérők, VÁK-ok, ROU relé kikötése, fóliázás',4,'2021-01-11 05:22:33.930931',351,NULL,NULL),(6837,'2021-01-11 05:27:15.999227','2021-01-08','Fékmodul cseréje, VÁK-ok ellenőrzése, próbája.',4,'2021-01-11 05:27:15.999302',4743,NULL,NULL),(6838,'2021-01-11 05:28:05.346045','2021-01-08','Olajzókártya cseréje.',4,'2021-01-11 05:28:05.346124',5114059,NULL,NULL),(6839,'2021-01-11 05:28:16.752374','2021-01-08','Olajzókártya cseréje.',4,'2021-01-11 05:28:16.752448',5114060,NULL,NULL),(6840,'2021-01-11 05:29:34.593219','2021-01-08','PLC szoftver kiolvasása, újraírása',4,'2021-01-11 05:29:34.593342',1522,NULL,NULL),(6841,'2021-01-11 05:29:40.521837','2021-01-08','PLC szoftver kiolvasása, újraírása',4,'2021-01-11 05:29:40.521911',1523,NULL,NULL),(6842,'2021-01-11 05:32:44.242764','2021-01-08','Fék áramkör átvizsgálása, hőkioldó beállítása, próbajáratás.',1,'2021-01-11 05:32:44.242819',4743,NULL,NULL),(6843,'2021-01-11 05:34:58.997841','2021-01-09','VÁK fóliázása, ROU relé beállítása, tisztítása, plombálása.',3,'2021-01-11 05:34:58.997888',351,NULL,NULL),(6844,'2021-01-11 05:42:01.084550','2021-01-09','Vezérlés átvizsgálása, hibakeresés. Rögzítőfék áramkörben hibakeresés. TH1 hőkioldó cseréje.',4,'2021-01-11 05:42:01.084598',4743,NULL,NULL),(6845,'2021-01-11 05:43:45.692065','2021-01-10','ROU relé mérése, bevizsgálása, plombálása. Próbajáratás után a forgalomnak átadva.',3,'2021-01-11 05:43:45.692155',480,NULL,NULL),(6846,'2021-01-12 05:34:04.426487','2021-01-11','Fék áramkör átvizsgálása, hibakeresés.',1,'2021-01-12 05:34:04.426569',4743,NULL,NULL),(6847,'2021-01-12 05:34:45.229838','2021-01-11','Felső trepni VÁK cseréje.',1,'2021-01-12 05:34:45.229926',4758,NULL,NULL),(6848,'2021-01-13 07:21:31.045911','2021-01-12','PLC csere. A kar az eredeti PLC-vel üzemel.',4,'2021-01-13 07:21:31.045974',1522,NULL,NULL),(6849,'2021-01-13 07:21:37.711197','2021-01-12','PLC csere. A kar az eredeti PLC-vel üzemel.',4,'2021-01-13 07:21:37.711283',1523,NULL,NULL),(6850,'2021-01-13 07:22:17.504281','2021-01-12','Felső fésű VÁK javítása.',4,'2021-01-13 07:22:17.504336',1522,NULL,NULL),(6851,'2021-01-14 06:31:21.893369','2021-01-13','OTIS betápszekrény szakaszoló kapcsoló cseréje',4,'2021-01-14 06:31:21.893453',308,NULL,NULL),(6852,'2021-01-14 06:32:30.244728','2021-01-13','ROU relé tisztítása, bevizsgálása, plombálása.',3,'2021-01-14 06:32:30.244776',351,NULL,NULL),(6853,'2021-01-18 08:45:09.700335','2021-01-14','Kossuth téri tartózkodó világításkapcsoló csere.',2,'2021-01-18 08:45:09.700415',480,NULL,NULL),(6854,'2021-01-18 08:47:12.536207','2021-01-14','Kocsikiszedő világítás, \"A\" zóna világítás 8 db fénycső-gyújtó csere. Lejtakna világítás javítás 62 db kompaktizzó 15W csere.',2,'2021-01-18 08:47:12.536258',480,NULL,NULL),(6855,'2021-01-18 08:49:44.619071','2021-01-15','Kossuth téri lejtakna világítás javítása, 58 db kompakt fénycső csere.',1,'2021-01-18 08:49:44.619117',480,NULL,NULL),(6856,'2021-01-18 08:51:12.825884','2021-01-15','Alacsony fordulat hibával állt. Átvizsgálás, próbajáratás után a forgalomnak átadva.',1,'2021-01-18 08:52:12.342048',1523,NULL,NULL),(6858,'2021-01-18 08:53:09.212980','2021-01-16','Motorfék VÁK cseréje. Próbajáratás után a forgalomnak átadva.',4,'2021-01-18 08:53:09.213027',3711,NULL,NULL),(6860,'2021-01-18 08:56:35.778429','2021-01-17','Vezérlés átvizsgálása után próbajáratás, forgalomnak átadva.',4,'2021-01-18 08:56:35.778475',1523,NULL,NULL),(6861,'2021-01-18 08:58:53.099487','2021-01-17','Távvezérlés kapcsoló vezeték újrakötése, próbajáratás.',4,'2021-01-18 08:58:53.099530',353,NULL,NULL),(6862,'2021-01-18 08:59:38.055968','2021-01-17','Menetirányváltó hibával áll, javítása folyamatban.',4,'2021-01-18 08:59:38.056013',4143,NULL,NULL),(6863,'2021-01-19 09:17:15.697987','2021-01-18','Vezérlés vizsgálata. A kar fordított menetirány hibával állt. Kontakthiba megszüntetése. A kar próbajáratás után a forgalomnak üzemképesen átadva.',2,'2021-01-19 09:17:15.698105',4143,NULL,NULL),(6864,'2021-01-19 09:18:41.921580','2021-01-18','Távezérlőszekrények bemutatása külsős cégnek.',2,'2021-01-19 09:18:41.921635',748,NULL,NULL),(6865,'2021-01-19 09:19:04.903446','2021-01-18','Távezérlőszekrények bemutatása külsős cégnek.',2,'2021-01-19 09:19:04.903491',808,NULL,NULL),(6866,'2021-01-19 09:19:25.736596','2021-01-18','Távezérlőszekrények bemutatása külsős cégnek.',2,'2021-01-19 09:19:25.736646',789,NULL,NULL),(6867,'2021-01-19 09:20:31.562455','2021-01-18','Fogyasztásmérők ellenőrzése Déli pályaudvar gépházban.',2,'2021-01-19 09:20:31.562501',501,NULL,NULL),(6868,'2021-01-19 09:21:16.210169','2021-01-18','Hiba nyugtázás, próbajáratás után forgalomnak átadva.',2,'2021-01-19 09:21:16.210217',1523,NULL,NULL),(6869,'2021-01-19 09:22:42.673164','2021-01-18','Motorfék hiba. Fék iniciátorok beállítása. Próbajáratás után a forgalomnak átadva. A kar állt 16:25-től 17:15-ig.',2,'2021-01-19 09:22:42.673212',4042,NULL,NULL),(6870,'2021-01-19 09:24:26.778847','2021-01-18','F02 hiba (fordulatszám-felügyelet). Nyugtázás után próbajáratás, forgalomnak átadva.',3,'2021-01-19 09:24:26.778892',1523,NULL,NULL),(6873,'2021-01-20 06:00:24.000844','2021-01-19','Vezérlés vizsgálata. Motor fordulatszám-érzékelő csatlakozója törött, kontakthibás. Javítva, csere szükséges.',1,'2021-01-20 06:00:24.000942',1523,NULL,NULL),(6874,'2021-01-20 06:01:17.526966','2021-01-19','ÁDI pult bontása, kikötés.',1,'2021-01-20 06:01:17.527015',1042,NULL,NULL),(6875,'2021-01-20 06:01:45.479029','2021-01-19','ÁDI pult bontása, kikötés.',1,'2021-01-20 06:01:45.479080',764,NULL,NULL),(6876,'2021-01-20 06:02:10.295878','2021-01-19','ÁDI pult bontása, kikötés.',1,'2021-01-20 06:02:10.295927',783,NULL,NULL),(6878,'2021-01-22 07:33:05.131872','2021-01-21','Vezérlőszekrény portalanítása.',3,'2021-01-22 07:33:05.131916',4056,NULL,NULL),(6880,'2021-01-22 07:33:13.472412','2021-01-21','Vezérlőszekrény portalanítása.',3,'2021-01-22 07:33:13.472446',4057,NULL,NULL),(6882,'2021-01-22 07:33:18.507710','2021-01-21','Vezérlőszekrény portalanítása.',3,'2021-01-22 07:33:18.507755',4058,NULL,NULL),(6884,'2021-01-22 07:33:25.695270','2021-01-21','Vezérlőszekrény portalanítása.',3,'2021-01-22 07:33:25.695326',4059,NULL,NULL),(6886,'2021-01-22 07:37:22.248502','2021-01-21','Szakfelügyelet adása',4,'2021-01-22 07:37:22.248527',4748,NULL,NULL),(6888,'2021-01-22 08:21:50.066757','2021-01-22','Új javítás',2,'2021-01-22 08:21:50.066805',7,NULL,NULL),(6890,'2021-01-25 08:11:39.136473','2021-01-22','Vezérlőáramkör vizsgálata, K100 mágneskapcsoló (Moeller) cseréje.',2,'2021-01-25 08:11:39.136516',4577,NULL,NULL),(6892,'2021-01-25 08:18:47.000399','2021-01-23','Vezérlés vizsgálata, iniciátorok ellenőrzése, beállítása. A kar állt 22:41-től 23:20-ig. Helyette a 4143-as kar üzemelt.',2,'2021-01-25 08:18:47.000441',4144,NULL,NULL),(6894,'2021-01-25 08:19:58.621451','2021-01-24','Fék iniciátorok átvizsgálása, beállítása.',1,'2021-01-25 08:19:58.621479',4580,NULL,NULL),(6896,'2021-01-25 08:22:38.176870','2021-01-25','Teszt',3,'2021-01-25 08:25:21.532071',7,NULL,NULL),(6899,'2021-01-26 05:24:52.843243','2021-01-25','Vezérlőáramkörben hibakeresés, vészfék kondenzátor csere, vészfék-VÁK beállítása, próbajáratás.',3,'2021-01-26 05:24:52.843300',4040,NULL,NULL),(6901,'2021-01-26 05:25:21.665841','2021-01-25','PLC elem csere',3,'2021-01-26 05:25:21.665893',4037,NULL,NULL),(6903,'2021-01-26 05:27:50.134238','2021-01-25','RF-01 kártya csere. Próbajáratás után a forgalomnak átadva.',4,'2021-01-26 05:27:50.134276',5114058,NULL,NULL),(6905,'2021-01-27 11:01:55.456605','2021-01-26','Motor bekötése, VÁK-ok, eldrók bekötése, felszerelése. ROU relé felszerelése, vezetéke rövidrezárva. Kocsikiemelő VÁK cseréje. Főhajtó-és segédhajtó motor próbája. A kar üzemképesen átadva a főjavítónak.',2,'2021-01-27 11:01:55.456653',351,NULL,NULL),(6907,'2021-01-27 11:06:46.049642','2021-01-26','Batthyány tér gépház világítás javítás. 36 W-os fénycső 10 db, 18 W-os fénycső 8 db, 4-65W-os 18 db.',3,'2021-01-27 11:06:46.049685',4577,NULL,NULL),(6914,'2021-01-28 06:47:58.693955','2021-01-27','Infrasorompó beállítása.',1,'2021-01-28 06:47:58.694007',9,NULL,NULL),(6916,'2021-01-28 06:48:30.250340','2021-01-27','Távvezérlő szekrények ellenőrzése.',1,'2021-01-28 06:48:30.250396',9,NULL,NULL),(6918,'2021-01-28 06:48:38.092544','2021-01-27','Távvezérlő szekrények ellenőrzése.',1,'2021-01-28 06:48:38.092584',10,NULL,NULL),(6920,'2021-01-28 06:48:45.454082','2021-01-27','Távvezérlő szekrények ellenőrzése.',1,'2021-01-28 06:48:45.454147',7,NULL,NULL),(6922,'2021-01-28 06:48:51.661244','2021-01-27','Távvezérlő szekrények ellenőrzése.',1,'2021-01-28 06:48:51.661305',8,NULL,NULL),(6924,'2021-01-28 06:50:03.040992','2021-01-27','DIL 052 mágneskapcsoló cseréje.',1,'2021-02-03 10:30:04.279000',351,NULL,NULL),(6926,'2021-01-28 06:50:42.703421','2021-01-27','Zárlat keresés, zárlat megszüntetése.',1,'2021-01-28 06:50:42.703472',1522,NULL,NULL),(6928,'2021-01-28 06:52:46.799162','2021-01-27','DBR betáp kimaradás miatt EDI értesítve. Betáp szekrényben kismegszakító visszakapcsolása, feszültség meglétének ellenőrzése. A feszültség visszatérése után a forgalomnak visszaadva.',2,'2021-01-28 06:52:46.799199',4064,NULL,NULL),(6930,'2021-01-28 06:52:57.363012','2021-01-27','DBR betáp kimaradás miatt EDI értesítve. Betáp szekrényben kismegszakító visszakapcsolása, feszültség meglétének ellenőrzése. A feszültség visszatérése után a forgalomnak visszaadva.',2,'2021-01-28 06:52:57.363079',4066,NULL,NULL),(6932,'2021-01-28 06:55:04.176681','2021-01-27','Vezérlés vizsgálata, kötések, mágneskacsolók ellenőrzése. A1 alaplapon rugós sorkapcsok átkötése. Próbajáratás után a forgalomnak átadva 22:45-kor.',2,'2021-01-28 06:55:04.176718',5099,NULL,NULL),(6934,'2021-01-28 06:57:46.681519','2021-01-27','Vezérlőszekrények lekapcsolása a betápszekrények átalakítása miatt. Felügyelet, visszakapcsolás.',2,'2021-01-28 06:57:46.681576',4755,NULL,NULL),(6936,'2021-01-28 06:57:53.835323','2021-01-27','Vezérlőszekrények lekapcsolása a betápszekrények átalakítása miatt. Felügyelet, visszakapcsolás.',2,'2021-01-28 06:57:53.835364',4756,NULL,NULL),(6938,'2021-01-28 06:57:59.762870','2021-01-27','Vezérlőszekrények lekapcsolása a betápszekrények átalakítása miatt. Felügyelet, visszakapcsolás.',2,'2021-01-28 06:57:59.762915',4757,NULL,NULL),(6940,'2021-01-28 06:58:06.934005','2021-01-27','Vezérlőszekrények lekapcsolása a betápszekrények átalakítása miatt. Felügyelet, visszakapcsolás.',2,'2021-01-28 06:58:06.934059',4758,NULL,NULL),(6987,'2021-01-29 11:51:51.971000','2021-01-28','Oszlopos fúrógép motorvédő relé és kulcsos kapcsoló felszerelése és bekötése.',4,'2021-01-29 11:51:51.971000',20000,NULL,NULL),(6989,'2021-01-29 11:54:45.790000','2021-01-28','Világítás javítás 10 db 18 W-os, 10 db 36 W-os fénycső + 20 db 4-65 W-os gyújtó, 5 db 15 W kompakt fénycső cseréje.',1,'2021-01-29 11:54:45.790000',20003,NULL,NULL),(6993,'2021-02-01 07:42:33.646476','2021-01-29','Vezérlőáramkör zárlat keresés, javítása folyamatban.',3,'2021-02-01 07:42:33.646548',5114058,NULL,NULL),(6995,'2021-02-01 07:45:53.503622','2021-01-29','Vezérlés vizsgálata, tachogenerátor ékszíj cseréje.',3,'2021-02-01 07:45:53.503685',3713,NULL,NULL),(6997,'2021-02-01 07:49:07.445996','2021-01-30','Vezérlés vizsgálata, VÁK-ok, biztosítékok ellenőrzése, biztonsági áramkör mérése.Alsó aknában az indítást kizáró kapcsoló visszakapcsolása után a kar üzemkész.',2,'2021-02-01 07:49:39.542576',5114058,NULL,NULL),(7000,'2021-02-01 07:51:29.518011','2021-01-30','A kar földzárlat hibával állt. Távvezérlő kulcsos kapcsoló kontakthiba megszüntetése.',2,'2021-02-01 07:51:29.518048',5114058,NULL,NULL),(7002,'2021-02-01 07:52:50.019943','2021-01-30','Vezérlés vizsgálata, VÁK-ok, Stop-gombok ellenőrzése. A kar javítása folyamatban.',2,'2021-02-01 07:52:50.019974',5114058,NULL,NULL),(7004,'2021-02-01 07:54:23.982378','2021-01-30','Vezérlőszekrény tömszelence és kábelek ellenőrése, vezérlés vizsgálata. Javítása folyamatban.',3,'2021-02-01 07:54:23.982417',5114058,NULL,NULL),(7006,'2021-02-01 07:55:45.157467','2021-01-31','Vezérlés vizsgálata, hibakeresés, kontakthiba megszüntetése. RF kártya cseréje után a forgalomnak üzemképesen átadva.',1,'2021-02-01 07:55:45.157507',5114058,NULL,NULL),(7008,'2021-02-01 07:59:38.386834','2021-01-31','Hajólámpákban izzó csere. Köszörűnél izzó pótlás, motoroknál hajólámpákban izzó csere. Törött vezetékek újrakötése.',2,'2021-02-01 07:59:38.386910',20004,NULL,NULL),(7010,'2021-02-02 19:00:15.107000','2021-02-02','Nyugtázás, sorompó vezérlés újraindítása',3,'2021-02-02 19:00:15.107000',3713,NULL,NULL),(7012,'2021-02-02 19:24:53.981000','2021-02-02','Nyugtázás, sorompó PLC újraindítás',3,'2021-02-02 19:24:53.981000',3713,7011,NULL),(7013,'2021-02-02 19:26:18.606000','2021-02-02','Újabb hiba',3,'2021-02-02 19:26:18.606000',3711,7011,NULL),(7392,'2021-02-04 08:23:06.149737','2021-02-03','VÁK-ok visszakötése, ROU relé bekötése, áthidalások kikötése, korlátfigyelő PLC áthidalása',2,'2021-02-04 08:23:06.149798',351,NULL,NULL),(7394,'2021-02-04 08:28:27.677397','2021-02-03','PLC szoftver biztonsági mentés készítése memóriakártyára. Memóriakártya installálva a PLC foglalatába.',2,'2021-02-04 08:28:27.677448',1353,NULL,NULL),(7396,'2021-02-04 08:28:37.815212','2021-02-03','PLC szoftver biztonsági mentés készítése memóriakártyára. Memóriakártya installálva a PLC foglalatába.',2,'2021-02-04 08:28:37.815268',1361,NULL,NULL),(7398,'2021-02-08 07:23:34.065527','2021-02-04','Vezérlés vizsgálata. Fék 1. hiba és frekvenciaváltó hibával állt. Próbajáratás után a forgalomnak átadva. Helyette a 4579-es kar üzemelt 10:00-tól 10:50-ig.',1,'2021-02-08 07:23:34.065575',4580,NULL,NULL),(7400,'2021-02-08 07:24:24.061833','2021-02-04','Fordulatszám-érzékelő tisztítása.',1,'2021-02-08 07:24:24.061872',5099,NULL,NULL),(7402,'2021-02-08 07:25:05.383809','2021-02-04','106 raktár vészvilágítás javítása.',1,'2021-02-08 07:25:05.383853',20010,NULL,NULL),(7404,'2021-02-08 07:27:10.335924','2021-02-04','Vezérlés vizsgálata, iniciátorok ellenőrzése, A1 alaplap iniciátorok bekötésének ellenőrzése, iniciátorok beállítása. Próbajáratás után a forgalomnak átadva 22:55-kor.',2,'2021-02-08 07:27:10.335958',5099,NULL,NULL),(7410,'2021-02-08 07:34:10.805921','2021-02-05','ÉV mérés.',4,'2021-02-08 07:34:10.805961',5099,NULL,NULL),(7412,'2021-02-08 07:34:17.165404','2021-02-05','ÉV mérés.',4,'2021-02-08 07:34:17.165447',5100,NULL,NULL),(7414,'2021-02-08 07:34:23.848827','2021-02-05','ÉV mérés.',4,'2021-02-08 07:34:23.848854',5101,NULL,NULL),(7416,'2021-02-08 07:35:24.405333','2021-02-05','Vezérlőáramkör hibakeresés, fék áramkörének átvizsgálása',4,'2021-02-08 07:35:24.405364',5099,NULL,NULL),(7418,'2021-02-08 07:37:05.296644','2021-02-05','Korlátfűzés miatt ügyelet adása, PLC áthidalása.',1,'2021-02-08 07:37:46.710868',4577,NULL,NULL),(7421,'2021-02-08 07:39:12.084276','2021-02-06','ÉV mérés elvégezve.',4,'2021-02-08 07:39:12.084311',4737,NULL,NULL),(7423,'2021-02-08 07:39:19.510158','2021-02-06','ÉV mérés elvégezve.',4,'2021-02-08 07:39:19.510187',4738,NULL,NULL),(7425,'2021-02-08 07:41:19.816475','2021-02-06','Távezérlés javítása.',4,'2021-02-08 07:41:19.816503',3995,NULL,NULL),(7481,'2021-02-10 08:38:21.806365','2021-02-09','Infrasorompó hibakeresés, beállítás. Próbajáratás után átadva a forgalomnak.',4,'2021-02-10 08:38:21.806426',7,NULL,NULL),(7483,'2021-02-10 08:40:08.296457','2021-02-09','Vízbetörés hiba. Szivattyú átvizsgálva, vízszintjelzők beállítva. Próbajáratás után átadva a forgalomnak.',4,'2021-02-10 08:40:08.296522',4742,NULL,NULL),(7485,'2021-02-10 08:40:59.893520','2021-02-09','Érintésvédelmi felülvizsgálat. 009/2021',4,'2021-02-10 08:40:59.893587',4742,NULL,NULL),(7487,'2021-02-10 08:41:17.403379','2021-02-09','Érintésvédelmi felülvizsgálat. 010/2021',4,'2021-02-10 08:41:17.403436',4743,NULL,NULL),(7489,'2021-02-10 08:41:29.768658','2021-02-09','Érintésvédelmi felülvizsgálat. 011/2021',4,'2021-02-10 08:41:29.768722',4744,NULL,NULL),(7491,'2021-02-10 08:41:42.430607','2021-02-09','Érintésvédelmi felülvizsgálat. 012/2021',4,'2021-02-10 08:41:42.430654',4745,NULL,NULL),(7493,'2021-02-10 08:46:34.428679','2021-02-09','Batthyány-tér gépház: Dugalj áramkörben hibakeresés, javítás.',1,'2021-02-10 11:26:53.395605',20009,NULL,NULL),(7500,'2021-02-11 06:26:10.526000','2021-02-10','ELDRO - fék áramkör ellenőrzése, mérése. ELDRO csere után ellenőrzés.',3,'2021-02-11 06:26:10.526000',351,7499,NULL),(7501,'2021-02-11 06:29:57.519000','2021-02-10','ÉV mérés.',3,'2021-02-11 06:29:57.519000',3710,NULL,NULL),(7503,'2021-02-12 05:56:41.084458','2021-02-11','Vezérlő áramkör vizsgálata, biztonsági áramkör mérése. Távvezérlő szekrényben STOP relé cseréje. A kar állt 14:15-től 15:40-ig. Próbajáratás után a forgalomnak átadva.',2,'2021-02-12 05:56:41.084551',4848,7502,NULL),(7504,'2021-02-12 05:58:21.013732','2021-02-11','Korlátfigyelő iniciátorok, PLC áramkörök ellenőrzése, vizsgálata. Jobb korlát görgő cseréje.',3,'2021-02-22 12:09:01.384848',4750,NULL,NULL),(7536,'2021-02-15 09:18:34.392000','2021-02-12','Lépcsőkocsihiány-érzékelő ellenőrzése és tisztítása, hibakeresés, javítása folyamatban.',1,'2021-02-15 09:18:34.392000',4035,NULL,NULL),(7538,'2021-02-15 09:27:06.064000','2021-02-12','Hibakeresés, tachogenerátor cseréje. A hiba továbbra is fennáll. SOUV alacsony sebesség érzékelő relé cseréje után a kar üzemképes.',1,'2021-02-15 09:27:06.064000',3713,NULL,NULL),(7539,'2021-02-15 09:28:05.875000','2021-02-12','Korlátfigyelő-PLC visszakötése.',1,'2021-02-15 09:28:05.875000',351,NULL,NULL),(7540,'2021-02-15 09:32:18.806000','2021-02-12','Vezérlés vizsgálata, lépcsőkocsihiány-érzékelők cseréje, lépcsőkocsihiány-érzékelő vezérlés átalakítása relés kivitelre. Fék iniciátorok beállítása. A kar üzemképesen átadva a gépészeknek 21.45-kor.',2,'2021-02-19 09:10:39.602769',4035,NULL,NULL),(7541,'2021-02-15 09:32:56.176000','2021-02-12','Betáp 1-es szekrény visszakapcsolása.',1,'2021-02-15 09:32:56.176000',351,NULL,NULL),(7542,'2021-02-15 09:34:34.065000','2021-02-13','Inverter hibával áll. Hibakeresés, javítás után a forgalomnak átadva.',4,'2021-02-16 10:06:14.744000',5099,7596,NULL),(7543,'2021-02-15 09:35:57.604000','2021-02-13','Motorhibával a kar ismételten megállt. Hibakeresés, javítás után a kar üzemképesen a forgalomnak átadva.',4,'2021-02-15 09:35:57.604000',5099,NULL,NULL),(7544,'2021-02-15 09:36:37.041000','2021-02-13','ÉV mérés, felülvizsgálat: 014/2021',4,'2021-02-15 09:36:37.041000',1361,NULL,NULL),(7545,'2021-02-15 09:38:10.276000','2021-02-13','Vészleállító a vezérlőszekrényen hibával állt. A STOP-gomb kihúzása után próbajáratás. A forgalomnak üzemképesen átadva.',4,'2021-02-15 09:38:10.277000',4749,NULL,NULL),(7550,'2021-02-16 05:49:23.043000','2021-02-15','Biztonságtechnikai átadás.',2,'2021-02-16 05:49:23.043000',351,NULL,NULL),(7551,'2021-02-16 05:50:21.098000','2021-02-15','Vezérlőáramkör hibakeresés, 1 db Finder időrelé cseréje.',2,'2021-02-16 05:50:21.098000',351,NULL,NULL),(7552,'2021-02-16 05:51:04.766000','2021-02-15','Kalocsa szekrény bontása, szállításra előkészítése.',2,'2021-02-16 05:51:04.766000',351,NULL,NULL),(7553,'2021-02-16 05:52:12.960000','2021-02-15','Astoria gépház világítás javítás. 5 db 18W-os fénycső cseréje.',2,'2021-02-16 05:52:12.961000',20005,NULL,NULL),(7609,'2021-02-17 07:27:06.779000','2021-02-16','Bal alsó ujjvédő VÁK tömszelence cseréje.',1,'2021-02-17 07:27:06.779000',5114059,NULL,NULL),(7610,'2021-02-17 07:29:16.493000','2021-02-16','Vezérlőszekrény áramtalanítása, motor kikötése, fékkopás érzékelők, féknyitás érzékelők, üzemi fék kikötése. Motor dekli VÁK leszerelése.',2,'2021-02-17 12:02:29.376000',4073,NULL,NULL),(7611,'2021-02-17 07:30:25.424000','2021-02-16','Deák tér OTIS gépház: OTIS gépnapló nem található.',1,'2021-02-17 07:30:25.424000',20007,NULL,NULL),(7612,'2021-02-17 07:31:51.360000','2021-02-16','Széll Kálmán tér gépház: Távvezérlő szekrény visszajelző lámpa cseréje (4851)',2,'2021-02-17 10:35:18.188000',20010,NULL,NULL),(7631,'2021-02-18 05:27:53.002000','2021-02-17','Vezérlőáramkör vizsgálata. Beesett pénzérme miatt a fésű mechanika sérült, a kar hibajel nélkül megáll, nyugtázás nélkül újraindítható.',4,'2021-02-18 05:27:53.002000',4579,7502,NULL),(7632,'2021-02-18 05:28:43.245000','2021-02-17','Alsó vészleállító STOP-gomb javítása.',4,'2021-02-18 05:28:43.245000',4016,NULL,NULL),(7633,'2021-02-18 05:29:47.573000','2021-02-17','Vészfék-VÁK takarítása, ellenőrzése.',1,'2021-02-18 05:29:47.573000',353,NULL,NULL),(7634,'2021-02-18 05:30:34.356000','2021-02-17','Alső fésű VÁK cseréje (Bernstein)',1,'2021-02-18 05:30:34.356000',4579,7502,NULL),(7647,'2021-02-19 08:50:37.411350','2021-02-18','Fésűvilágítás kompakt fénycső csere',3,'2021-02-19 08:50:37.411410',5114058,NULL,NULL),(7658,'2021-02-22 05:29:59.474335','2021-02-19','Műszaki átadás.',2,'2021-02-22 05:29:59.474410',351,NULL,NULL),(7659,'2021-02-22 05:32:29.960828','2021-02-19','Vezérlő áramkör átvizsgálása, nagyáramú áramkör ellenőrzése. Nyugtázás, próbajáratás után a forgalomnak átadva.',3,'2021-02-22 05:32:29.960856',4042,NULL,NULL),(7661,'2021-02-22 05:40:46.934378','2021-02-21','Korlát iniciátorok tisztítása beállítása.',4,'2021-02-22 05:40:46.934473',503,NULL,NULL),(7694,'2021-02-23 07:09:24.259974','2021-02-22','Kalocsa szekrény telepítése.',3,'2021-02-23 07:09:24.260042',4577,NULL,NULL),(7695,'2021-02-23 07:11:16.399317','2021-02-22','RJFE időrelé cseréje. (Finder)',4,'2021-02-23 07:11:16.399359',352,NULL,NULL),(7706,'2021-02-24 07:15:46.357196','2021-02-23','Fésűvilágítás tápegység csere (felújított tápegység beépítve)',2,'2021-02-24 07:15:46.357241',4069,NULL,NULL),(7707,'2021-02-24 07:16:02.284050','2021-02-23','Fésűvilágítás tápegység csere (felújított tápegység beépítve)',2,'2021-02-24 07:16:02.284080',4074,NULL,NULL),(7708,'2021-02-24 07:16:23.311521','2021-02-23','PLC elem cseréje.',2,'2021-02-24 07:16:23.311552',4074,NULL,NULL),(7709,'2021-02-24 07:16:42.605041','2021-02-23','PLC elem cseréje.',2,'2021-02-24 07:16:42.605065',4075,NULL,NULL),(7710,'2021-02-24 07:18:22.210107','2021-02-23','Vezérlőszekrény alkatrészeinek átvizsgálása, TH1,2,3 hőrelék típusának meghatározása, megrendelés.',2,'2021-02-24 07:18:22.210143',4029,NULL,NULL),(7711,'2021-02-24 07:19:26.168897','2021-02-23','Gépészeknek segítségnyújtás.',2,'2021-02-24 07:19:26.168936',5114060,NULL,NULL),(7712,'2021-02-24 07:20:54.257337','2021-02-23','Vezérlőszekrény felügyelete a lánckifűzés idejére, szükség szerinti beavatkozás.',2,'2021-02-24 07:32:09.906351',4577,NULL,NULL),(7713,'2021-02-24 07:22:25.658634','2021-02-23','Belépőtér világítás javítása.',2,'2021-02-24 07:22:25.658671',5114060,NULL,NULL),(7717,'2021-02-24 07:25:43.925063','2021-02-23','Kőér utcai műhely: Hidraulikus présgép javítása folyamatban.',2,'2021-02-24 07:31:29.786646',10000,NULL,NULL),(7728,'2021-02-25 05:39:41.850583','2021-02-24','Kőér utcai műhely: Hidraulikus présgép javítása és tesztelése.',1,'2021-02-25 08:30:28.018000',10000,NULL,NULL),(7729,'2021-02-25 05:40:43.748748','2021-02-24','Világítás javítás. 2 x 36W elektronikus előtét és 3 db fénycső cserélve.',1,'2021-02-25 05:40:43.748786',20009,NULL,NULL),(7730,'2021-02-25 05:42:41.212344','2021-02-24','Vezérlőszekrény felügyelete. nyugtázása a főjavítási munkálatok idejére.',2,'2021-02-25 05:42:41.212375',4577,NULL,NULL),(7753,'2021-02-26 11:08:33.528772','2021-02-25','Vezérlés ellenőrzése, távfelügyelet hibakeresés, szakfelügyelet adása külső cég számára.',4,'2021-02-26 11:08:33.528856',4742,NULL,NULL),(7754,'2021-02-26 11:08:41.651385','2021-02-25','Vezérlés ellenőrzése, távfelügyelet hibakeresés, szakfelügyelet adása külső cég számára.',4,'2021-02-26 11:08:41.651424',4743,NULL,NULL),(7755,'2021-02-26 11:08:47.337132','2021-02-25','Vezérlés ellenőrzése, távfelügyelet hibakeresés, szakfelügyelet adása külső cég számára.',4,'2021-02-26 11:08:47.337171',4744,NULL,NULL),(7756,'2021-02-26 11:08:53.000809','2021-02-25','Vezérlés ellenőrzése, távfelügyelet hibakeresés, szakfelügyelet adása külső cég számára.',4,'2021-02-26 11:08:53.000850',4745,NULL,NULL),(7757,'2021-02-26 11:09:37.450902','2021-02-25','Felső belépőtér irányfény javítása.',1,'2021-02-26 11:09:37.450945',353,NULL,NULL),(7758,'2021-02-26 11:10:17.017741','2021-02-25','Astoria gépház világítás javítása.',1,'2021-02-26 11:10:17.017783',20005,NULL,NULL),(7790,'2021-03-01 05:51:55.933910','2021-02-26','Hajtómotor kikötése, VÁK-ok leszerelése. fóliázás. Betáp szekrényből a biztosítékok kiszedve.',3,'2021-03-01 05:51:55.933982',4577,NULL,NULL),(7791,'2021-03-01 05:52:38.868278','2021-02-26','VÁK-ok fóliázása.',4,'2021-03-01 05:52:38.868310',4577,NULL,NULL),(7792,'2021-03-01 05:56:01.714587','2021-02-26','Vezérlőáramkör hibakeresés, féknyitás VÁK-ok tisztítása, javítása.',4,'2021-03-01 05:56:01.714626',285,NULL,NULL),(7793,'2021-03-01 05:58:11.658495','2021-02-27','\"A\" zóna VÁK-ok, sávcsatlakozók. fésűvilágítás, kulcsos kapcsoló fóliázása. \"M\" zóna iniciátor leszerelése, fordulat iniciátor leszerelés, elektromos fék kikötése.',2,'2021-03-01 05:58:11.658531',4577,NULL,NULL),(7794,'2021-03-01 05:59:22.551930','2021-02-27','Széll Kálmán téri gépház takarítás, rendezés.',3,'2021-03-01 05:59:22.551963',20010,NULL,NULL),(7795,'2021-03-01 06:00:35.736055','2021-02-28','Astoria gépház: világítás javítása.',1,'2021-03-01 06:00:35.736089',20005,NULL,NULL),(7796,'2021-03-01 06:01:23.303178','2021-02-28','Lépcsőkar ellenőrzése.',2,'2021-03-01 06:01:23.303235',312,NULL,NULL),(7797,'2021-03-01 06:01:32.125191','2021-02-28','Lépcsőkar ellenőrzése.',2,'2021-03-01 06:01:32.125221',313,NULL,NULL),(7798,'2021-03-01 06:01:38.224976','2021-02-28','Lépcsőkar ellenőrzése.',2,'2021-03-01 06:01:38.225011',314,NULL,NULL),(7799,'2021-03-01 06:01:46.620468','2021-02-28','Lépcsőkar ellenőrzése.',2,'2021-03-01 06:01:46.620531',315,NULL,NULL),(7800,'2021-03-01 06:02:53.672057','2021-02-28','Széll Kálmán tér gépház: Tartózkodó és gépház takarítás.',2,'2021-03-01 06:02:53.672087',20010,NULL,NULL);
/*!40000 ALTER TABLE `Javitas` ENABLE KEYS */;
UNLOCK TABLES;

--
-- Table structure for table `Karbantartas`
--

DROP TABLE IF EXISTS `Karbantartas`;
/*!40101 SET @saved_cs_client     = @@character_set_client */;
/*!50503 SET character_set_client = utf8mb4 */;
CREATE TABLE `Karbantartas` (
  `karbantartasId` int NOT NULL,
  `elvegezve` bit(1) NOT NULL,
  `karbantartasDatum` date DEFAULT NULL,
  `karbTipusId` int DEFAULT NULL,
  `lepcsoSzama` int DEFAULT NULL,
  `muszakSzama` int NOT NULL,
  `creationDateTime` datetime(6) DEFAULT NULL,
  `updateDateTime` datetime(6) DEFAULT NULL,
  PRIMARY KEY (`karbantartasId`),
  KEY `FK8e68gctd7g5tku34r3mmfqs83` (`karbTipusId`),
  KEY `FKbthnc4entfk26mhgtg8xro0lb` (`lepcsoSzama`),
  CONSTRAINT `FK8e68gctd7g5tku34r3mmfqs83` FOREIGN KEY (`karbTipusId`) REFERENCES `KarbantartasTipus` (`karbTipusId`),
  CONSTRAINT `FKbthnc4entfk26mhgtg8xro0lb` FOREIGN KEY (`lepcsoSzama`) REFERENCES `Lepcso` (`lepcsoSzama`)
) ENGINE=InnoDB DEFAULT CHARSET=utf8mb4 COLLATE=utf8mb4_hu_0900_as_cs;
/*!40101 SET character_set_client = @saved_cs_client */;

--
-- Dumping data for table `Karbantartas`
--

LOCK TABLES `Karbantartas` WRITE;
/*!40000 ALTER TABLE `Karbantartas` DISABLE KEYS */;
INSERT INTO `Karbantartas` VALUES (5103,_binary '','2020-12-01',7,8,2,'2020-11-12 16:41:57.618000','2020-12-01 11:55:53.477000'),(5104,_binary '','2020-12-01',13,8,2,'2020-11-12 16:41:57.625000','2020-12-01 17:12:33.164000'),(5105,_binary '','2020-12-01',1,8,2,'2020-11-12 16:41:57.640000','2020-12-01 11:55:53.443000'),(5106,_binary '','2020-11-06',7,9,3,'2020-11-12 16:41:57.654000','2020-11-16 11:00:41.627014'),(5107,_binary '','2020-11-06',13,9,3,'2020-11-12 16:41:57.662000','2020-11-16 11:00:41.689515'),(5108,_binary '','2020-11-06',1,9,3,'2020-11-12 16:41:57.672000','2020-11-16 11:00:41.564513'),(5109,_binary '','2020-11-06',7,10,3,'2020-11-12 16:41:57.680000','2020-11-16 11:00:56.283264'),(5110,_binary '','2020-11-06',13,10,3,'2020-11-12 16:41:57.689000','2020-11-16 11:00:56.330135'),(5111,_binary '','2020-11-06',1,10,3,'2020-11-12 16:41:57.697000','2020-11-16 11:00:56.223254'),(5112,_binary '','2020-11-05',9,284,1,'2020-11-12 16:41:57.704000','2020-11-16 11:03:32.252018'),(5113,_binary '','2020-11-05',16,284,1,'2020-11-12 16:41:57.711000','2020-11-16 11:03:32.377015'),(5114,_binary '','2020-11-05',5,284,1,'2020-11-12 16:41:57.718000','2020-11-16 11:03:32.189508'),(5115,_binary '','2020-11-05',10,284,1,'2020-11-12 16:41:57.724000','2020-11-16 11:03:32.314511'),(5116,_binary '','2020-11-05',9,285,1,'2020-11-12 16:41:57.732000','2020-11-16 11:03:41.330136'),(5117,_binary '','2020-11-05',16,285,1,'2020-11-12 16:41:57.746000','2020-11-16 11:03:41.470762'),(5118,_binary '','2020-11-05',5,285,1,'2020-11-12 16:41:57.770000','2020-11-16 11:03:41.267648'),(5119,_binary '','2020-11-05',10,285,1,'2020-11-12 16:41:57.792000','2020-11-16 11:03:41.408264'),(5120,_binary '','2020-11-05',9,286,1,'2020-11-12 16:41:57.810000','2020-11-16 11:03:50.423891'),(5121,_binary '','2020-11-05',16,286,1,'2020-11-12 16:41:57.828000','2020-11-16 11:03:50.611385'),(5122,_binary '','2020-11-05',5,286,1,'2020-11-12 16:41:57.844000','2020-11-16 11:03:50.361382'),(5123,_binary '','2020-11-05',10,286,1,'2020-11-12 16:41:57.860000','2020-11-16 11:03:50.548884'),(5148,_binary '','2020-11-20',9,322,2,'2020-11-12 16:41:58.279000','2020-11-26 08:06:53.078305'),(5149,_binary '','2020-11-20',16,322,2,'2020-11-12 16:41:58.286000','2020-11-26 08:06:53.234556'),(5150,_binary '','2020-11-20',5,322,2,'2020-11-12 16:41:58.292000','2020-11-26 08:06:53.000181'),(5151,_binary '','2020-11-20',10,322,2,'2020-11-12 16:41:58.299000','2020-11-26 08:06:53.125179'),(5152,_binary '','2020-11-20',9,323,2,'2020-11-12 16:41:58.304000','2020-11-26 08:07:01.109556'),(5153,_binary '','2020-11-20',16,323,2,'2020-11-12 16:41:58.315000','2020-11-26 08:07:01.234563'),(5154,_binary '','2020-11-20',5,323,2,'2020-11-12 16:41:58.321000','2020-11-26 08:07:01.031434'),(5155,_binary '','2020-11-20',10,323,2,'2020-11-12 16:41:58.332000','2020-11-26 08:07:01.187691'),(5156,_binary '','2020-11-20',9,324,2,'2020-11-12 16:41:58.338000','2020-11-26 08:07:06.718930'),(5157,_binary '','2020-11-20',16,324,2,'2020-11-12 16:41:58.344000','2020-11-26 08:07:06.843932'),(5158,_binary '','2020-11-20',5,324,2,'2020-11-12 16:41:58.350000','2020-11-26 08:07:06.672055'),(5159,_binary '','2020-11-20',10,324,2,'2020-11-12 16:41:58.357000','2020-11-26 08:07:06.781432'),(5160,_binary '','2020-11-12',9,351,2,'2020-11-12 16:41:58.363000','2020-11-16 10:47:52.470763'),(5161,_binary '','2020-11-12',16,351,2,'2020-11-12 16:41:58.370000','2020-11-16 10:47:52.580139'),(5162,_binary '','2020-11-12',5,351,2,'2020-11-12 16:41:58.377000','2020-11-16 10:47:52.392647'),(5163,_binary '','2020-11-12',10,351,2,'2020-11-12 16:41:58.384000','2020-11-16 10:47:52.533263'),(5164,_binary '','2020-11-12',9,352,2,'2020-11-12 16:41:58.391000','2020-11-16 10:48:01.064516'),(5165,_binary '','2020-11-12',16,352,2,'2020-11-12 16:41:58.396000','2020-11-16 10:48:01.189509'),(5166,_binary '','2020-11-12',5,352,2,'2020-11-12 16:41:58.403000','2020-11-16 10:48:00.986384'),(5167,_binary '','2020-11-12',10,352,2,'2020-11-12 16:41:58.410000','2020-11-16 10:48:01.127012'),(5168,_binary '','2020-11-12',9,353,2,'2020-11-12 16:41:58.417000','2020-11-16 10:48:06.408258'),(5169,_binary '','2020-11-12',16,353,2,'2020-11-12 16:41:58.425000','2020-11-16 10:48:06.517640'),(5170,_binary '','2020-11-12',5,353,2,'2020-11-12 16:41:58.438000','2020-11-16 10:48:06.330142'),(5171,_binary '','2020-11-12',10,353,2,'2020-11-12 16:41:58.465000','2020-11-16 10:48:06.455137'),(5176,_binary '','2020-11-01',9,481,1,'2020-11-12 16:41:58.587000','2020-11-16 11:20:12.236385'),(5177,_binary '','2020-11-01',16,481,1,'2020-11-12 16:41:58.595000','2020-11-16 11:20:12.345763'),(5178,_binary '','2020-11-01',5,481,1,'2020-11-12 16:41:58.602000','2020-11-16 11:20:12.189516'),(5179,_binary '','2020-11-01',10,481,1,'2020-11-12 16:41:58.610000','2020-11-16 11:20:12.283265'),(5180,_binary '','2020-11-01',9,482,1,'2020-11-12 16:41:58.618000','2020-11-16 11:20:21.877013'),(5181,_binary '','2020-11-01',16,482,1,'2020-11-12 16:41:58.625000','2020-11-16 11:20:21.986389'),(5182,_binary '','2020-11-01',5,482,1,'2020-11-12 16:41:58.632000','2020-11-16 11:20:21.814523'),(5183,_binary '','2020-11-01',10,482,1,'2020-11-12 16:41:58.637000','2020-11-16 11:20:21.923894'),(5184,_binary '','2020-11-08',1,501,2,'2020-11-12 16:41:58.643000','2020-11-16 10:57:31.095767'),(5185,_binary '','2020-11-08',2,501,2,'2020-11-12 16:41:58.650000','2020-11-16 10:57:31.173890'),(5186,_binary '','2020-11-08',1,502,2,'2020-11-12 16:41:58.657000','2020-11-16 10:57:39.689513'),(5187,_binary '','2020-11-08',2,502,2,'2020-11-12 16:41:58.664000','2020-11-16 10:57:39.783266'),(5188,_binary '','2020-11-05',7,713,4,'2020-11-12 16:41:58.669000','2020-11-16 11:02:23.736390'),(5189,_binary '','2020-11-05',13,713,4,'2020-11-12 16:41:58.676000','2020-11-16 11:02:23.783260'),(5190,_binary '','2020-11-05',1,713,4,'2020-11-12 16:41:58.682000','2020-11-16 11:02:23.673892'),(5191,_binary '','2020-11-05',7,714,4,'2020-11-12 16:41:58.688000','2020-11-16 11:02:38.111387'),(5192,_binary '','2020-11-05',13,714,4,'2020-11-12 16:41:58.694000','2020-11-16 11:02:38.220761'),(5193,_binary '','2020-11-05',1,714,4,'2020-11-12 16:41:58.702000','2020-11-16 11:02:38.064528'),(5281,_binary '','2020-11-02',7,1353,3,'2020-11-12 16:41:59.353000','2020-11-16 11:17:49.627012'),(5282,_binary '','2020-11-02',13,1353,3,'2020-11-12 16:41:59.358000','2020-11-16 11:17:49.689522'),(5283,_binary '','2020-11-02',1,1353,3,'2020-11-12 16:41:59.364000','2020-11-16 11:17:49.580141'),(5284,_binary '','2020-11-02',7,1361,3,'2020-11-12 16:41:59.370000','2020-11-16 11:17:58.548893'),(5285,_binary '','2020-11-02',13,1361,3,'2020-11-12 16:41:59.375000','2020-11-16 11:17:58.611388'),(5286,_binary '','2020-11-02',1,1361,3,'2020-11-12 16:41:59.385000','2020-11-16 11:17:58.486383'),(5287,_binary '','2020-11-19',7,1522,2,'2020-11-12 16:41:59.391000','2020-11-26 08:08:35.140804'),(5288,_binary '','2020-11-19',13,1522,2,'2020-11-12 16:41:59.401000','2020-11-26 08:08:35.203305'),(5289,_binary '','2020-11-19',1,1522,2,'2020-11-12 16:41:59.406000','2020-11-26 08:08:35.093931'),(5290,_binary '','2020-11-19',7,1523,2,'2020-11-12 16:41:59.412000','2020-11-26 08:08:41.468930'),(5291,_binary '','2020-11-19',13,1523,2,'2020-11-12 16:41:59.418000','2020-11-26 08:08:41.531435'),(5292,_binary '','2020-11-19',1,1523,2,'2020-11-12 16:41:59.424000','2020-11-26 08:08:41.406433'),(5293,_binary '','2020-11-06',9,3708,4,'2020-11-12 16:41:59.430000','2020-11-16 11:01:28.236390'),(5294,_binary '','2020-11-06',16,3708,4,'2020-11-12 16:41:59.437000','2020-11-16 11:01:28.345765'),(5295,_binary '','2020-11-06',5,3708,4,'2020-11-12 16:41:59.444000','2020-11-16 11:01:28.173891'),(5296,_binary '','2020-11-06',10,3708,4,'2020-11-12 16:41:59.451000','2020-11-16 11:01:28.298891'),(5297,_binary '','2020-11-06',9,3709,4,'2020-11-12 16:41:59.456000','2020-11-16 11:01:36.205136'),(5298,_binary '','2020-11-06',16,3709,4,'2020-11-12 16:41:59.464000','2020-11-16 11:01:36.377013'),(5299,_binary '','2020-11-06',5,3709,4,'2020-11-12 16:41:59.470000','2020-11-16 11:01:36.153249'),(5300,_binary '','2020-11-06',10,3709,4,'2020-11-12 16:41:59.476000','2020-11-16 11:01:36.283263'),(5301,_binary '','2020-11-06',9,3710,4,'2020-11-12 16:41:59.481000','2020-11-16 11:01:45.455133'),(5302,_binary '','2020-11-06',16,3710,4,'2020-11-12 16:41:59.487000','2020-11-16 11:01:45.564511'),(5303,_binary '','2020-11-06',5,3710,4,'2020-11-12 16:41:59.493000','2020-11-16 11:01:45.398617'),(5304,_binary '','2020-11-06',10,3710,4,'2020-11-12 16:41:59.498000','2020-11-16 11:01:45.517633'),(5305,_binary '','2020-11-17',9,3711,1,'2020-11-12 16:41:59.503000','2020-11-26 08:20:27.390804'),(5306,_binary '','2020-11-17',16,3711,1,'2020-11-12 16:41:59.510000','2020-11-26 08:20:27.515806'),(5307,_binary '','2020-11-17',5,3711,1,'2020-11-12 16:41:59.517000','2020-11-26 08:20:27.312678'),(5308,_binary '','2020-11-17',10,3711,1,'2020-11-12 16:41:59.522000','2020-11-26 08:20:27.453307'),(5309,_binary '','2020-11-17',9,3712,1,'2020-11-12 16:41:59.528000','2020-11-26 08:20:34.718940'),(5310,_binary '','2020-11-17',16,3712,1,'2020-11-12 16:41:59.536000','2020-11-26 08:20:34.875179'),(5311,_binary '','2020-11-17',5,3712,1,'2020-11-12 16:41:59.541000','2020-11-26 08:20:34.640804'),(5312,_binary '','2020-11-17',10,3712,1,'2020-11-12 16:41:59.546000','2020-11-26 08:20:34.828304'),(5313,_binary '','2020-11-17',9,3713,1,'2020-11-12 16:41:59.552000','2020-11-26 08:20:40.875182'),(5314,_binary '','2020-11-17',16,3713,1,'2020-11-12 16:41:59.557000','2020-11-26 08:20:41.015805'),(5315,_binary '','2020-11-17',5,3713,1,'2020-11-12 16:41:59.562000','2020-11-26 08:20:40.812682'),(5316,_binary '','2020-11-17',10,3713,1,'2020-11-12 16:41:59.567000','2020-11-26 08:20:40.937680'),(5317,_binary '','2020-11-13',7,4020,1,'2020-11-12 16:41:59.572000','2020-11-16 10:46:50.830138'),(5318,_binary '','2020-11-13',8,4020,1,'2020-11-12 16:41:59.578000','2020-11-16 10:46:50.892639'),(5319,_binary '','2020-11-13',16,4020,1,'2020-11-12 16:41:59.584000','2020-11-16 10:46:51.033264'),(5320,_binary '','2020-11-13',2,4020,1,'2020-11-12 16:41:59.590000','2020-11-16 10:46:50.705147'),(5321,_binary '','2020-11-13',5,4020,1,'2020-11-12 16:41:59.596000','2020-11-16 10:46:50.783265'),(5322,_binary '','2020-11-13',10,4020,1,'2020-11-12 16:41:59.602000','2020-11-16 10:46:50.955141'),(5323,_binary '','2020-11-13',7,4021,1,'2020-11-12 16:41:59.607000','2020-11-16 10:46:57.173889'),(5324,_binary '','2020-11-13',8,4021,1,'2020-11-12 16:41:59.612000','2020-11-16 10:46:57.220766'),(5325,_binary '','2020-11-13',16,4021,1,'2020-11-12 16:41:59.617000','2020-11-16 10:46:57.314508'),(5326,_binary '','2020-11-13',2,4021,1,'2020-11-12 16:41:59.622000','2020-11-16 10:46:57.010338'),(5327,_binary '','2020-11-13',5,4021,1,'2020-11-12 16:41:59.627000','2020-11-16 10:46:57.080137'),(5328,_binary '','2020-11-13',10,4021,1,'2020-11-12 16:41:59.632000','2020-11-16 10:46:57.267640'),(5329,_binary '','2020-11-13',7,4022,1,'2020-11-12 16:41:59.638000','2020-11-16 10:47:05.236389'),(5330,_binary '','2020-11-13',8,4022,1,'2020-11-12 16:41:59.653000','2020-11-16 10:47:05.314517'),(5331,_binary '','2020-11-13',16,4022,1,'2020-11-12 16:41:59.658000','2020-11-16 10:47:05.439514'),(5332,_binary '','2020-11-13',2,4022,1,'2020-11-12 16:41:59.664000','2020-11-16 10:47:05.080146'),(5333,_binary '','2020-11-13',5,4022,1,'2020-11-12 16:41:59.669000','2020-11-16 10:47:05.189515'),(5334,_binary '','2020-11-13',10,4022,1,'2020-11-12 16:41:59.674000','2020-11-16 10:47:05.377015'),(5335,_binary '','2020-11-13',7,4023,1,'2020-11-12 16:41:59.685000','2020-11-16 10:47:11.330141'),(5336,_binary '','2020-11-13',8,4023,1,'2020-11-12 16:41:59.705000','2020-11-16 10:47:11.408258'),(5337,_binary '','2020-11-13',16,4023,1,'2020-11-12 16:41:59.731000','2020-11-16 10:47:11.548901'),(5338,_binary '','2020-11-13',2,4023,1,'2020-11-12 16:41:59.756000','2020-11-16 10:47:11.173890'),(5339,_binary '','2020-11-13',5,4023,1,'2020-11-12 16:41:59.778000','2020-11-16 10:47:11.236383'),(5340,_binary '','2020-11-13',10,4023,1,'2020-11-12 16:41:59.803000','2020-11-16 10:47:11.455132'),(5341,_binary '','2021-01-21',7,4024,4,'2020-11-12 16:41:59.822000','2021-01-22 07:34:47.381506'),(5342,_binary '','2021-01-21',8,4024,4,'2020-11-12 16:41:59.839000','2021-01-22 07:34:47.488150'),(5343,_binary '','2021-01-21',16,4024,4,'2020-11-12 16:41:59.856000','2021-01-22 07:34:47.777653'),(5344,_binary '','2021-01-21',2,4024,4,'2020-11-12 16:41:59.867000','2021-01-22 07:34:47.117684'),(5345,_binary '','2021-01-21',5,4024,4,'2020-11-12 16:41:59.878000','2021-01-22 07:34:47.251959'),(5346,_binary '','2021-01-21',10,4024,4,'2020-11-12 16:41:59.889000','2021-01-22 07:34:47.598331'),(5347,_binary '','2021-01-21',7,4025,4,'2020-11-12 16:41:59.901000','2021-01-22 07:34:54.198264'),(5348,_binary '','2021-01-21',8,4025,4,'2020-11-12 16:41:59.914000','2021-01-22 07:34:54.353554'),(5349,_binary '','2021-01-21',16,4025,4,'2020-11-12 16:41:59.929000','2021-01-22 07:34:54.621275'),(5350,_binary '','2021-01-21',2,4025,4,'2020-11-12 16:41:59.947000','2021-01-22 07:34:53.898801'),(5351,_binary '','2021-01-21',5,4025,4,'2020-11-12 16:41:59.971000','2021-01-22 07:34:54.031870'),(5352,_binary '','2021-01-21',10,4025,4,'2020-11-12 16:41:59.984000','2021-01-22 07:34:54.471076'),(5353,_binary '','2021-01-21',7,4026,4,'2020-11-12 16:42:00.003000','2021-01-22 07:34:58.958604'),(5354,_binary '','2021-01-21',8,4026,4,'2020-11-12 16:42:00.027000','2021-01-22 07:34:59.067229'),(5355,_binary '','2021-01-21',16,4026,4,'2020-11-12 16:42:00.052000','2021-01-22 07:34:59.342596'),(5356,_binary '','2021-01-21',2,4026,4,'2020-11-12 16:42:00.075000','2021-01-22 07:34:58.449640'),(5357,_binary '','2021-01-21',5,4026,4,'2020-11-12 16:42:00.090000','2021-01-22 07:34:58.616728'),(5358,_binary '','2021-01-21',10,4026,4,'2020-11-12 16:42:00.103000','2021-01-22 07:34:59.203199'),(5359,_binary '','2020-11-18',7,4027,4,'2020-11-12 16:42:00.115000','2020-11-26 08:10:15.968941'),(5360,_binary '','2020-11-18',8,4027,4,'2020-11-12 16:42:00.125000','2020-11-26 08:10:16.234561'),(5361,_binary '','2020-11-18',16,4027,4,'2020-11-12 16:42:00.137000','2020-11-26 08:10:16.406433'),(5362,_binary '','2020-11-18',2,4027,4,'2020-11-12 16:42:00.148000','2020-11-26 08:10:15.593935'),(5363,_binary '','2020-11-18',5,4027,4,'2020-11-12 16:42:00.157000','2020-11-26 08:10:15.890807'),(5364,_binary '','2020-11-18',10,4027,4,'2020-11-12 16:42:00.169000','2020-11-26 08:10:16.297053'),(5365,_binary '','2020-11-18',7,4028,4,'2020-11-12 16:42:00.180000','2020-11-26 08:10:28.812679'),(5366,_binary '','2020-11-18',8,4028,4,'2020-11-12 16:42:00.194000','2020-11-26 08:10:28.875179'),(5367,_binary '','2020-11-18',16,4028,4,'2020-11-12 16:42:00.207000','2020-11-26 08:10:28.984554'),(5368,_binary '','2020-11-18',2,4028,4,'2020-11-12 16:42:00.221000','2020-11-26 08:10:28.703305'),(5369,_binary '','2020-11-18',5,4028,4,'2020-11-12 16:42:00.234000','2020-11-26 08:10:28.750179'),(5370,_binary '','2020-11-18',10,4028,4,'2020-11-12 16:42:00.244000','2020-11-26 08:10:28.937680'),(5371,_binary '','2020-11-18',7,4029,4,'2020-11-12 16:42:00.255000','2020-11-26 08:10:36.875181'),(5372,_binary '','2020-11-18',8,4029,4,'2020-11-12 16:42:00.267000','2020-11-26 08:10:36.937679'),(5373,_binary '','2020-11-18',16,4029,4,'2020-11-12 16:42:00.277000','2020-11-26 08:10:37.093939'),(5374,_binary '','2020-11-18',2,4029,4,'2020-11-12 16:42:00.287000','2020-11-26 08:10:36.734559'),(5375,_binary '','2020-11-18',5,4029,4,'2020-11-12 16:42:00.299000','2020-11-26 08:10:36.797053'),(5376,_binary '','2020-11-18',10,4029,4,'2020-11-12 16:42:00.306000','2020-11-26 08:10:36.984554'),(5377,_binary '','2020-11-09',7,4052,1,'2020-11-12 16:42:00.324000','2020-11-16 10:56:01.830134'),(5378,_binary '','2020-11-09',8,4052,1,'2020-11-12 16:42:00.338000','2020-11-16 10:56:01.877012'),(5379,_binary '','2020-11-09',16,4052,1,'2020-11-12 16:42:00.349000','2020-11-16 10:56:02.017638'),(5380,_binary '','2020-11-09',2,4052,1,'2020-11-12 16:42:00.361000','2020-11-16 10:56:01.705139'),(5381,_binary '','2020-11-09',5,4052,1,'2020-11-12 16:42:00.372000','2020-11-16 10:56:01.767638'),(5382,_binary '','2020-11-09',10,4052,1,'2020-11-12 16:42:00.387000','2020-11-16 10:56:01.955139'),(5383,_binary '','2020-11-09',7,4053,1,'2020-11-12 16:42:00.399000','2020-11-16 10:56:12.267638'),(5384,_binary '','2020-11-09',8,4053,1,'2020-11-12 16:42:00.413000','2020-11-16 10:56:12.314508'),(5385,_binary '','2020-11-09',16,4053,1,'2020-11-12 16:42:00.428000','2020-11-16 10:56:12.408260'),(5386,_binary '','2020-11-09',2,4053,1,'2020-11-12 16:42:00.441000','2020-11-16 10:56:12.098924'),(5387,_binary '','2020-11-09',5,4053,1,'2020-11-12 16:42:00.465000','2020-11-16 10:56:12.189509'),(5388,_binary '','2020-11-09',10,4053,1,'2020-11-12 16:42:00.477000','2020-11-16 10:56:12.361383'),(5389,_binary '','2020-11-09',7,4054,1,'2020-11-12 16:42:00.486000','2020-11-16 10:56:25.002011'),(5390,_binary '','2020-11-09',8,4054,1,'2020-11-12 16:42:00.497000','2020-11-16 10:56:25.064509'),(5391,_binary '','2020-11-09',16,4054,1,'2020-11-12 16:42:00.505000','2020-11-16 10:56:25.189514'),(5392,_binary '','2020-11-09',2,4054,1,'2020-11-12 16:42:00.511000','2020-11-16 10:56:24.877014'),(5393,_binary '','2020-11-09',5,4054,1,'2020-11-12 16:42:00.518000','2020-11-16 10:56:24.939509'),(5394,_binary '','2020-11-09',10,4054,1,'2020-11-12 16:42:00.529000','2020-11-16 10:56:25.127011'),(5395,_binary '','2020-11-09',7,4055,1,'2020-11-12 16:42:00.539000','2020-11-16 10:56:37.455137'),(5396,_binary '','2020-11-09',8,4055,1,'2020-11-12 16:42:00.552000','2020-11-16 10:56:37.517639'),(5397,_binary '','2020-11-09',16,4055,1,'2020-11-12 16:42:00.559000','2020-11-16 10:56:37.642644'),(5398,_binary '','2020-11-09',2,4055,1,'2020-11-12 16:42:00.572000','2020-11-16 10:56:37.236389'),(5399,_binary '','2020-11-09',5,4055,1,'2020-11-12 16:42:00.586000','2020-11-16 10:56:37.392633'),(5400,_binary '','2020-11-09',10,4055,1,'2020-11-12 16:42:00.591000','2020-11-16 10:56:37.580148'),(5401,_binary '','2020-11-28',7,4068,2,'2020-11-12 16:42:00.596000','2020-12-03 06:08:35.272000'),(5402,_binary '','2020-11-28',1,4068,2,'2020-11-12 16:42:00.602000','2020-12-03 06:08:35.256000'),(5403,_binary '','2020-11-28',7,4069,2,'2020-11-12 16:42:00.608000','2020-12-03 06:08:41.324000'),(5404,_binary '','2020-11-28',1,4069,2,'2020-11-12 16:42:00.613000','2020-12-03 06:08:41.318000'),(5405,_binary '','2020-11-28',7,4070,2,'2020-11-12 16:42:00.618000','2020-12-03 06:08:47.265000'),(5406,_binary '','2020-11-28',1,4070,2,'2020-11-12 16:42:00.623000','2020-12-03 06:08:47.260000'),(5407,_binary '','2020-11-28',7,4071,2,'2020-11-12 16:42:00.628000','2020-12-03 06:08:53.239000'),(5408,_binary '','2020-11-28',1,4071,2,'2020-11-12 16:42:00.633000','2020-12-03 06:08:53.234000'),(5409,_binary '','2020-11-14',7,4072,4,'2020-11-12 16:42:00.638000','2020-11-16 10:45:42.423891'),(5410,_binary '','2020-11-14',1,4072,4,'2020-11-12 16:42:00.643000','2020-11-16 10:45:42.345763'),(5411,_binary '','2020-11-14',7,4073,4,'2020-11-12 16:42:00.648000','2020-11-16 10:45:51.455139'),(5412,_binary '','2020-11-14',1,4073,4,'2020-11-12 16:42:00.653000','2020-11-16 10:45:51.393211'),(5413,_binary '','2020-11-14',7,4074,4,'2020-11-12 16:42:00.658000','2020-11-16 10:45:59.189513'),(5414,_binary '','2020-11-14',1,4074,4,'2020-11-12 16:42:00.663000','2020-11-16 10:45:58.752014'),(5415,_binary '','2020-11-14',7,4075,4,'2020-11-12 16:42:00.667000','2020-11-16 10:46:07.892638'),(5416,_binary '','2020-11-14',1,4075,4,'2020-11-12 16:42:00.673000','2020-11-16 10:46:07.768341'),(5417,_binary '','2020-11-16',7,4076,2,'2020-11-12 16:42:00.678000','2020-11-17 11:55:16.245000'),(5418,_binary '','2020-11-16',1,4076,2,'2020-11-12 16:42:00.682000','2020-11-17 11:55:16.026000'),(5419,_binary '','2020-11-16',7,4077,2,'2020-11-12 16:42:00.687000','2020-11-17 11:55:23.870000'),(5420,_binary '','2020-11-16',1,4077,2,'2020-11-12 16:42:00.693000','2020-11-17 11:55:23.635000'),(5421,_binary '','2020-11-16',7,4078,2,'2020-11-12 16:42:00.699000','2020-11-17 11:55:31.416000'),(5422,_binary '','2020-11-16',1,4078,2,'2020-11-12 16:42:00.705000','2020-11-17 11:55:31.338000'),(5423,_binary '','2020-11-03',9,4142,3,'2020-11-12 16:42:00.715000','2020-11-16 11:16:36.830141'),(5424,_binary '','2020-11-03',16,4142,3,'2020-11-12 16:42:00.723000','2020-11-16 11:16:37.017636'),(5425,_binary '','2020-11-03',5,4142,3,'2020-11-12 16:42:00.728000','2020-11-16 11:16:36.767635'),(5426,_binary '','2020-11-03',9,4143,3,'2020-11-12 16:42:00.735000','2020-11-16 11:16:50.861384'),(5427,_binary '','2020-11-03',16,4143,3,'2020-11-12 16:42:00.740000','2020-11-16 11:16:50.923891'),(5428,_binary '','2020-11-03',5,4143,3,'2020-11-12 16:42:00.746000','2020-11-16 11:16:50.814508'),(5429,_binary '','2020-11-03',9,4144,3,'2020-11-12 16:42:00.752000','2020-11-16 11:17:01.361389'),(5430,_binary '','2020-11-03',16,4144,3,'2020-11-12 16:42:00.758000','2020-11-16 11:17:01.408262'),(5431,_binary '','2020-11-03',5,4144,3,'2020-11-12 16:42:00.764000','2020-11-16 11:17:01.306444'),(5432,_binary '','2020-11-03',9,4145,3,'2020-11-12 16:42:00.770000','2020-11-16 11:17:11.642638'),(5433,_binary '','2020-11-03',16,4145,3,'2020-11-12 16:42:00.776000','2020-11-16 11:17:11.689516'),(5434,_binary '','2020-11-03',5,4145,3,'2020-11-12 16:42:00.782000','2020-11-16 11:17:11.601287'),(5435,_binary '','2020-11-04',9,4577,2,'2020-11-12 16:42:00.789000','2020-11-16 11:13:10.111384'),(5436,_binary '','2020-11-04',16,4577,2,'2020-11-12 16:42:00.796000','2020-11-16 11:13:10.205133'),(5437,_binary '','2020-11-04',5,4577,2,'2020-11-12 16:42:00.803000','2020-11-16 11:13:09.970764'),(5438,_binary '','2020-11-04',9,4578,2,'2020-11-12 16:42:00.809000','2020-11-16 11:13:34.048884'),(5439,_binary '','2020-11-04',16,4578,2,'2020-11-12 16:42:00.815000','2020-11-16 11:13:34.158262'),(5440,_binary '','2020-11-04',5,4578,2,'2020-11-12 16:42:00.821000','2020-11-16 11:13:34.002012'),(5441,_binary '','2020-11-04',9,4579,2,'2020-11-12 16:42:00.827000','2020-11-16 11:14:01.752008'),(5442,_binary '','2020-11-04',16,4579,2,'2020-11-12 16:42:00.835000','2020-11-16 11:14:01.955147'),(5443,_binary '','2020-11-04',5,4579,2,'2020-11-12 16:42:00.845000','2020-11-16 11:14:01.705136'),(5444,_binary '','2020-11-04',9,4580,2,'2020-11-12 16:42:00.858000','2020-11-16 11:14:14.502012'),(5445,_binary '','2020-11-04',16,4580,2,'2020-11-12 16:42:00.884000','2020-11-16 11:14:14.673888'),(5446,_binary '','2020-11-04',5,4580,2,'2020-11-12 16:42:00.891000','2020-11-16 11:14:14.455139'),(5447,_binary '','2020-11-24',14,4736,2,'2020-11-12 16:42:00.896000','2020-11-26 08:01:48.968931'),(5448,_binary '','2020-11-24',7,4736,2,'2020-11-12 16:42:00.905000','2020-11-26 08:01:48.765807'),(5449,_binary '','2020-11-24',1,4736,2,'2020-11-12 16:42:00.928000','2020-11-26 08:01:48.656443'),(5450,_binary '','2020-11-24',14,4737,2,'2020-11-12 16:42:00.950000','2020-11-26 08:01:57.437682'),(5451,_binary '','2020-11-24',7,4737,2,'2020-11-12 16:42:00.976000','2020-11-26 08:01:57.375178'),(5452,_binary '','2020-11-24',1,4737,2,'2020-11-12 16:42:00.993000','2020-11-26 08:01:57.312679'),(5453,_binary '','2020-11-24',14,4738,2,'2020-11-12 16:42:01.010000','2020-11-26 08:02:05.093929'),(5454,_binary '','2020-11-24',7,4738,2,'2020-11-12 16:42:01.027000','2020-11-26 08:02:05.015806'),(5455,_binary '','2020-11-24',1,4738,2,'2020-11-12 16:42:01.044000','2020-11-26 08:02:04.960433'),(5456,_binary '','2020-11-25',14,4739,1,'2020-11-12 16:42:01.065000','2020-11-26 07:59:40.156437'),(5457,_binary '','2020-11-25',7,4739,1,'2020-11-12 16:42:01.083000','2020-11-26 07:59:40.031431'),(5458,_binary '','2020-11-25',1,4739,1,'2020-11-12 16:42:01.100000','2020-11-26 07:59:39.765806'),(5459,_binary '','2020-11-25',14,4740,1,'2020-11-12 16:42:01.114000','2020-11-26 07:59:51.593926'),(5460,_binary '','2020-11-25',7,4740,1,'2020-11-12 16:42:01.127000','2020-11-26 07:59:51.531429'),(5461,_binary '','2020-11-25',1,4740,1,'2020-11-12 16:42:01.143000','2020-11-26 07:59:51.437681'),(5462,_binary '','2020-11-25',14,4741,1,'2020-11-12 16:42:01.162000','2020-11-26 07:59:58.156432'),(5463,_binary '','2020-11-25',7,4741,1,'2020-11-12 16:42:01.174000','2020-11-26 07:59:58.109555'),(5464,_binary '','2020-11-25',1,4741,1,'2020-11-12 16:42:01.189000','2020-11-26 07:59:57.953308'),(5465,_binary '','2020-11-16',9,4748,1,'2020-11-12 16:42:01.203000','2020-11-17 11:54:22.432000'),(5466,_binary '','2020-11-16',12,4748,1,'2020-11-12 16:42:01.216000','2020-11-17 11:54:22.479000'),(5467,_binary '','2020-11-16',2,4748,1,'2020-11-12 16:42:01.228000','2020-11-17 11:54:22.135000'),(5468,_binary '','2020-11-16',9,4749,1,'2020-11-12 16:42:01.241000','2020-11-17 11:54:29.760000'),(5469,_binary '','2020-11-16',12,4749,1,'2020-11-12 16:42:01.256000','2020-11-17 11:54:29.948000'),(5470,_binary '','2020-11-16',2,4749,1,'2020-11-12 16:42:01.274000','2020-11-17 11:54:29.448000'),(5471,_binary '','2020-11-17',9,4750,4,'2020-11-12 16:42:01.289000','2020-11-26 08:18:40.140805'),(5472,_binary '','2020-11-17',12,4750,4,'2020-11-12 16:42:01.305000','2020-11-26 08:18:40.172054'),(5473,_binary '','2020-11-17',2,4750,4,'2020-11-12 16:42:01.321000','2020-11-26 08:18:40.078304'),(5474,_binary '','2020-11-17',9,4751,4,'2020-11-12 16:42:01.336000','2020-11-26 08:18:47.468930'),(5475,_binary '','2020-11-17',12,4751,4,'2020-11-12 16:42:01.348000','2020-11-26 08:18:47.531430'),(5476,_binary '','2020-11-17',2,4751,4,'2020-11-12 16:42:01.362000','2020-11-26 08:18:47.406437'),(5477,_binary '','2020-11-17',9,4752,4,'2020-11-12 16:42:01.375000','2020-11-26 08:18:55.359554'),(5478,_binary '','2020-11-17',12,4752,4,'2020-11-12 16:42:01.389000','2020-11-26 08:18:55.437688'),(5479,_binary '','2020-11-17',2,4752,4,'2020-11-12 16:42:01.408000','2020-11-26 08:18:55.047055'),(5480,_binary '','2020-11-15',9,4755,2,'2020-11-12 16:42:01.423000','2020-11-16 10:42:43.900235'),(5481,_binary '','2020-11-15',12,4755,2,'2020-11-12 16:42:01.439000','2020-11-16 10:42:44.087732'),(5482,_binary '','2020-11-15',2,4755,2,'2020-11-12 16:42:01.453000','2020-11-16 10:42:43.775233'),(5483,_binary '','2020-11-15',9,4756,2,'2020-11-12 16:42:01.470000','2020-11-16 10:42:17.462734'),(5484,_binary '','2020-11-15',12,4756,2,'2020-11-12 16:42:01.479000','2020-11-16 10:42:17.759616'),(5485,_binary '','2020-11-15',2,4756,2,'2020-11-12 16:42:01.495000','2020-11-16 10:42:17.337735'),(5486,_binary '','2020-11-15',9,4757,2,'2020-11-12 16:42:01.508000','2020-11-16 10:43:01.540851'),(5487,_binary '','2020-11-15',12,4757,2,'2020-11-12 16:42:01.521000','2020-11-16 10:43:01.587727'),(5488,_binary '','2020-11-15',2,4757,2,'2020-11-12 16:42:01.540000','2020-11-16 10:43:01.415859'),(5489,_binary '','2020-11-15',9,4758,2,'2020-11-12 16:42:01.555000','2020-11-16 10:43:08.181483'),(5490,_binary '','2020-11-15',12,4758,2,'2020-11-12 16:42:01.564000','2020-11-16 10:43:08.259602'),(5491,_binary '','2020-11-15',2,4758,2,'2020-11-12 16:42:01.576000','2020-11-16 10:43:08.108345'),(5492,_binary '','2020-11-10',13,4848,4,'2020-11-12 16:42:01.586000','2020-11-16 10:49:55.252012'),(5493,_binary '','2020-11-10',1,4848,4,'2020-11-12 16:42:01.598000','2020-11-16 10:49:55.142633'),(5494,_binary '','2020-11-10',2,4848,4,'2020-11-12 16:42:01.613000','2020-11-16 10:49:55.205142'),(5495,_binary '','2020-11-10',13,4849,4,'2020-11-12 16:42:01.624000','2020-11-16 10:50:01.439508'),(5496,_binary '','2020-11-10',1,4849,4,'2020-11-12 16:42:01.635000','2020-11-16 10:50:01.267639'),(5497,_binary '','2020-11-10',2,4849,4,'2020-11-12 16:42:01.648000','2020-11-16 10:50:01.377026'),(5498,_binary '','2020-11-10',13,4850,4,'2020-11-12 16:42:01.660000','2020-11-16 10:50:09.673889'),(5499,_binary '','2020-11-10',1,4850,4,'2020-11-12 16:42:01.676000','2020-11-16 10:50:09.502016'),(5500,_binary '','2020-11-10',2,4850,4,'2020-11-12 16:42:01.687000','2020-11-16 10:50:09.548886'),(5501,_binary '','2020-11-10',13,4851,4,'2020-11-12 16:42:01.698000','2020-11-16 10:50:15.002016'),(5502,_binary '','2020-11-10',1,4851,4,'2020-11-12 16:42:01.713000','2020-11-16 10:50:14.783266'),(5503,_binary '','2020-11-10',2,4851,4,'2020-11-12 16:42:01.721000','2020-11-16 10:50:14.845758'),(5504,_binary '','2020-11-07',7,5099,2,'2020-11-12 16:42:01.732000','2020-11-16 10:59:20.033262'),(5505,_binary '','2020-11-07',13,5099,2,'2020-11-12 16:42:01.743000','2020-11-16 10:59:20.189508'),(5506,_binary '','2020-11-07',1,5099,2,'2020-11-12 16:42:01.748000','2020-11-16 10:59:19.988131'),(5507,_binary '','2020-11-04',7,5100,1,'2020-11-12 16:42:01.757000','2020-11-16 11:04:32.564507'),(5508,_binary '','2020-11-04',13,5100,1,'2020-11-12 16:42:01.762000','2020-11-16 11:04:32.627016'),(5509,_binary '','2020-11-04',1,5100,1,'2020-11-12 16:42:01.767000','2020-11-16 11:04:32.502021'),(5510,_binary '','2020-11-04',7,5101,1,'2020-11-12 16:42:01.782000','2020-11-16 11:04:40.642635'),(5511,_binary '','2020-11-04',13,5101,1,'2020-11-12 16:42:01.792000','2020-11-16 11:04:40.783265'),(5512,_binary '','2020-11-04',1,5101,1,'2020-11-12 16:42:01.803000','2020-11-16 11:04:40.595762'),(5513,_binary '','2020-11-02',9,5114058,4,'2020-11-12 16:42:01.814000','2020-11-16 11:18:43.939512'),(5514,_binary '','2020-11-02',12,5114058,4,'2020-11-12 16:42:01.822000','2020-11-16 11:18:44.048887'),(5515,_binary '','2020-11-02',2,5114058,4,'2020-11-12 16:42:01.827000','2020-11-16 11:18:43.908266'),(5516,_binary '','2020-11-02',9,5114059,4,'2020-11-12 16:42:01.831000','2020-11-16 11:18:53.955138'),(5517,_binary '','2020-11-02',12,5114059,4,'2020-11-12 16:42:01.837000','2020-11-16 11:18:54.017643'),(5518,_binary '','2020-11-02',2,5114059,4,'2020-11-12 16:42:01.841000','2020-11-16 11:18:53.908273'),(5519,_binary '','2020-11-02',9,5114060,4,'2020-11-12 16:42:01.846000','2020-11-16 11:18:59.002017'),(5520,_binary '','2020-11-02',12,5114060,4,'2020-11-12 16:42:01.852000','2020-11-16 11:18:59.064508'),(5521,_binary '','2020-11-02',2,5114060,4,'2020-11-12 16:42:01.859000','2020-11-16 11:18:58.939519'),(5522,_binary '','2020-11-02',9,5114061,4,'2020-11-12 16:42:01.865000','2020-11-16 11:19:04.861388'),(5523,_binary '','2020-11-02',12,5114061,4,'2020-11-12 16:42:01.871000','2020-11-16 11:19:04.923887'),(5524,_binary '','2020-11-02',2,5114061,4,'2020-11-12 16:42:01.876000','2020-11-16 11:19:04.814520'),(5537,_binary '','2020-11-09',2,4753,4,'2020-11-16 10:54:40.455147','2020-11-16 10:55:01.720769'),(5538,_binary '','2020-11-09',9,4753,4,'2020-11-16 10:54:40.658259','2020-11-16 10:55:01.783263'),(5539,_binary '','2020-11-09',12,4753,4,'2020-11-16 10:54:40.798887','2020-11-16 10:55:01.877016'),(5540,_binary '','2020-11-09',2,4754,4,'2020-11-16 10:55:16.080144','2020-11-16 10:55:20.345767'),(5541,_binary '','2020-11-09',9,4754,4,'2020-11-16 10:55:16.189514','2020-11-16 10:55:20.408262'),(5542,_binary '','2020-11-09',12,4754,4,'2020-11-16 10:55:16.283263','2020-11-16 10:55:20.517642'),(5543,_binary '','2020-11-08',1,503,2,'2020-11-16 10:58:19.892639','2020-11-16 10:58:28.767645'),(5544,_binary '','2020-11-08',2,503,2,'2020-11-16 10:58:20.017633','2020-11-16 10:58:28.861390'),(5545,_binary '','2020-11-04',1,4577,2,'2020-11-16 11:08:25.627008','2020-11-16 11:12:57.002016'),(5546,_binary '','2020-11-04',2,4577,2,'2020-11-16 11:08:25.752009','2020-11-16 11:12:57.064509'),(5547,_binary '','2020-11-04',13,4577,2,'2020-11-16 11:08:25.861383','2020-11-16 11:12:57.142635'),(5548,_binary '','2020-11-04',1,4578,2,'2020-11-16 11:13:29.548887','2020-11-16 11:13:33.861388'),(5549,_binary '','2020-11-04',2,4578,2,'2020-11-16 11:13:29.689514','2020-11-16 11:13:33.939512'),(5550,_binary '','2020-11-04',13,4578,2,'2020-11-16 11:13:29.798890','2020-11-16 11:13:34.111389'),(5551,_binary '','2020-11-04',1,4579,2,'2020-11-16 11:13:57.189521','2020-11-16 11:14:01.596473'),(5552,_binary '','2020-11-04',2,4579,2,'2020-11-16 11:13:57.298884','2020-11-16 11:14:01.642636'),(5553,_binary '','2020-11-04',13,4579,2,'2020-11-16 11:13:57.408263','2020-11-16 11:14:01.877008'),(5554,_binary '','2020-11-04',1,4580,2,'2020-11-16 11:14:10.502009','2020-11-16 11:14:14.345768'),(5555,_binary '','2020-11-04',2,4580,2,'2020-11-16 11:14:10.830148','2020-11-16 11:14:14.408258'),(5556,_binary '','2020-11-04',13,4580,2,'2020-11-16 11:14:10.970766','2020-11-16 11:14:14.564515'),(5557,_binary '','2020-11-22',2,4034,4,'2020-11-26 08:03:29.578311','2020-11-26 08:05:22.346442'),(5558,_binary '','2020-11-22',5,4034,4,'2020-11-26 08:03:29.875180','2020-11-26 08:05:22.468926'),(5559,_binary '','2020-11-22',7,4034,4,'2020-11-26 08:03:30.031432','2020-11-26 08:05:22.547058'),(5560,_binary '','2020-11-22',8,4034,4,'2020-11-26 08:03:30.156432','2020-11-26 08:05:22.687687'),(5561,_binary '','2020-11-22',10,4034,4,'2020-11-26 08:03:30.328306','2020-11-26 08:05:22.797059'),(5562,_binary '','2020-11-22',16,4034,4,'2020-11-26 08:03:30.484556','2020-11-26 08:05:22.875186'),(5563,_binary '','2020-11-22',2,4035,4,'2020-11-26 08:03:51.687682','2020-11-26 08:05:13.922054'),(5564,_binary '','2020-11-22',5,4035,4,'2020-11-26 08:03:52.140804','2020-11-26 08:05:14.000186'),(5565,_binary '','2020-11-22',7,4035,4,'2020-11-26 08:03:52.297059','2020-11-26 08:05:14.062679'),(5566,_binary '','2020-11-22',8,4035,4,'2020-11-26 08:03:52.406430','2020-11-26 08:05:14.125179'),(5567,_binary '','2020-11-22',10,4035,4,'2020-11-26 08:03:52.547062','2020-11-26 08:05:14.172053'),(5568,_binary '','2020-11-22',16,4035,4,'2020-11-26 08:03:52.687679','2020-11-26 08:05:14.234552'),(5569,_binary '','2020-11-22',2,4036,4,'2020-11-26 08:04:10.343930','2020-11-26 08:05:03.468931'),(5570,_binary '','2020-11-22',5,4036,4,'2020-11-26 08:04:10.484554','2020-11-26 08:05:03.515808'),(5571,_binary '','2020-11-22',7,4036,4,'2020-11-26 08:04:10.797053','2020-11-26 08:05:03.578305'),(5572,_binary '','2020-11-22',8,4036,4,'2020-11-26 08:04:11.000182','2020-11-26 08:05:03.640805'),(5573,_binary '','2020-11-22',10,4036,4,'2020-11-26 08:04:11.109555','2020-11-26 08:05:03.687680'),(5574,_binary '','2020-11-22',16,4036,4,'2020-11-26 08:04:11.234554','2020-11-26 08:05:03.750180'),(5575,_binary '','2020-11-22',2,4037,4,'2020-11-26 08:04:25.781429','2020-11-26 08:04:54.609564'),(5576,_binary '','2020-11-22',5,4037,4,'2020-11-26 08:04:25.890802','2020-11-26 08:04:54.656428'),(5577,_binary '','2020-11-22',7,4037,4,'2020-11-26 08:04:26.015802','2020-11-26 08:04:54.718930'),(5578,_binary '','2020-11-22',8,4037,4,'2020-11-26 08:04:26.125177','2020-11-26 08:04:54.781429'),(5579,_binary '','2020-11-22',10,4037,4,'2020-11-26 08:04:26.343928','2020-11-26 08:04:54.843930'),(5580,_binary '','2020-11-22',16,4037,4,'2020-11-26 08:04:26.453303','2020-11-26 08:04:54.890805'),(5590,_binary '','2020-12-14',9,7,1,'2020-12-03 18:44:32.098000','2020-12-17 08:06:27.669736'),(5591,_binary '','2020-12-14',2,7,1,'2020-12-03 18:44:32.125000','2020-12-17 08:06:27.569770'),(5592,_binary '','2020-12-14',10,7,1,'2020-12-03 18:44:32.143000','2020-12-17 08:06:27.792224'),(5593,_binary '','2020-12-14',9,8,1,'2020-12-03 18:44:32.155000','2020-12-17 08:06:35.967376'),(5594,_binary '','2020-12-14',2,8,1,'2020-12-03 18:44:32.166000','2020-12-17 08:06:35.879002'),(5595,_binary '','2020-12-14',10,8,1,'2020-12-03 18:44:32.178000','2020-12-17 08:06:36.062182'),(5596,_binary '','2020-12-14',9,9,1,'2020-12-03 18:44:32.190000','2020-12-17 08:06:41.954973'),(5597,_binary '','2020-12-14',2,9,1,'2020-12-03 18:44:32.203000','2020-12-17 08:06:41.854782'),(5598,_binary '','2020-12-14',10,9,1,'2020-12-03 18:44:32.216000','2020-12-17 08:06:42.053069'),(5599,_binary '','2020-12-14',9,10,1,'2020-12-03 18:44:32.228000','2020-12-17 08:06:47.207891'),(5600,_binary '','2020-12-14',2,10,1,'2020-12-03 18:44:32.244000','2020-12-17 08:06:47.086666'),(5601,_binary '','2020-12-14',10,10,1,'2020-12-03 18:44:32.256000','2020-12-17 08:06:47.315633'),(5602,_binary '','2020-12-22',15,284,2,'2020-12-03 18:44:32.273000','2020-12-23 06:01:39.656645'),(5603,_binary '','2020-12-22',7,284,2,'2020-12-03 18:44:32.285000','2020-12-23 06:01:39.358438'),(5604,_binary '','2020-12-22',8,284,2,'2020-12-03 18:44:32.298000','2020-12-23 06:01:39.499239'),(5605,_binary '','2020-12-22',15,285,2,'2020-12-03 18:44:32.311000','2020-12-23 06:01:46.741856'),(5606,_binary '','2020-12-22',7,285,2,'2020-12-03 18:44:32.321000','2020-12-23 06:01:46.555543'),(5607,_binary '','2020-12-22',8,285,2,'2020-12-03 18:44:32.333000','2020-12-23 06:01:46.650900'),(5608,_binary '','2020-12-22',15,286,2,'2020-12-03 18:44:32.344000','2020-12-23 06:01:54.389650'),(5609,_binary '','2020-12-22',7,286,2,'2020-12-03 18:44:32.355000','2020-12-23 06:01:54.161588'),(5610,_binary '','2020-12-22',8,286,2,'2020-12-03 18:44:32.367000','2020-12-23 06:01:54.287401'),(5611,_binary '','2020-12-12',15,322,4,'2020-12-03 18:44:32.379000','2020-12-17 08:19:02.191344'),(5612,_binary '','2020-12-12',7,322,4,'2020-12-03 18:44:32.388000','2020-12-17 08:19:01.962856'),(5613,_binary '','2020-12-12',8,322,4,'2020-12-03 18:44:32.401000','2020-12-17 08:19:02.068371'),(5614,_binary '','2020-12-12',15,323,4,'2020-12-03 18:44:32.411000','2020-12-17 08:19:09.021045'),(5615,_binary '','2020-12-12',7,323,4,'2020-12-03 18:44:32.420000','2020-12-17 08:19:08.734903'),(5616,_binary '','2020-12-12',8,323,4,'2020-12-03 18:44:32.431000','2020-12-17 08:19:08.863798'),(5617,_binary '','2020-12-12',15,324,4,'2020-12-03 18:44:32.441000','2020-12-17 08:19:15.114032'),(5618,_binary '','2020-12-12',7,324,4,'2020-12-03 18:44:32.449000','2020-12-17 08:19:14.910926'),(5619,_binary '','2020-12-12',8,324,4,'2020-12-03 18:44:32.458000','2020-12-17 08:19:15.003303'),(5620,_binary '','2020-12-07',15,351,1,'2020-12-03 18:44:32.467000','2020-12-11 07:27:03.600351'),(5621,_binary '','2020-12-07',7,351,1,'2020-12-03 18:44:32.478000','2020-12-11 07:27:03.434187'),(5622,_binary '','2020-12-07',8,351,1,'2020-12-03 18:44:32.489000','2020-12-11 07:27:03.510039'),(5623,_binary '','2020-12-07',15,352,1,'2020-12-03 18:44:32.500000','2020-12-11 07:27:12.010672'),(5624,_binary '','2020-12-07',7,352,1,'2020-12-03 18:44:32.510000','2020-12-11 07:27:11.801098'),(5625,_binary '','2020-12-07',8,352,1,'2020-12-03 18:44:32.520000','2020-12-11 07:27:11.901702'),(5626,_binary '','2020-12-07',15,353,1,'2020-12-03 18:44:32.533000','2020-12-11 07:27:18.274877'),(5627,_binary '','2020-12-07',7,353,1,'2020-12-03 18:44:32.544000','2020-12-11 07:27:18.072433'),(5628,_binary '','2020-12-07',8,353,1,'2020-12-03 18:44:32.555000','2020-12-11 07:27:18.168538'),(5629,_binary '','2020-12-15',15,480,1,'2020-12-03 18:44:32.564000','2020-12-17 07:53:11.473704'),(5630,_binary '','2020-12-15',7,480,1,'2020-12-03 18:44:32.575000','2020-12-17 07:53:11.283174'),(5631,_binary '','2020-12-15',8,480,1,'2020-12-03 18:44:32.585000','2020-12-17 07:53:11.379780'),(5632,_binary '','2020-12-15',15,481,1,'2020-12-03 18:44:32.595000','2020-12-17 07:53:19.483646'),(5633,_binary '','2020-12-15',7,481,1,'2020-12-03 18:44:32.604000','2020-12-17 07:53:19.323729'),(5634,_binary '','2020-12-15',8,481,1,'2020-12-03 18:44:32.613000','2020-12-17 07:53:19.420285'),(5635,_binary '','2020-12-15',15,482,1,'2020-12-03 18:44:32.622000','2020-12-17 07:53:26.852573'),(5636,_binary '','2020-12-15',7,482,1,'2020-12-03 18:44:32.632000','2020-12-17 07:53:26.515974'),(5637,_binary '','2020-12-15',8,482,1,'2020-12-03 18:44:32.642000','2020-12-17 07:53:26.620921'),(5638,_binary '','2020-12-14',9,501,2,'2020-12-03 18:44:32.652000','2020-12-17 08:00:26.856688'),(5639,_binary '','2020-12-14',16,501,2,'2020-12-03 18:44:32.664000','2020-12-17 08:00:27.079035'),(5640,_binary '','2020-12-14',5,501,2,'2020-12-03 18:44:32.673000','2020-12-17 08:00:26.758814'),(5641,_binary '','2020-12-14',10,501,2,'2020-12-03 18:44:32.683000','2020-12-17 08:00:26.963401'),(5642,_binary '','2020-12-14',9,502,2,'2020-12-03 18:44:32.692000','2020-12-17 08:00:33.086263'),(5643,_binary '','2020-12-14',16,502,2,'2020-12-03 18:44:32.702000','2020-12-17 08:00:33.239728'),(5644,_binary '','2020-12-14',5,502,2,'2020-12-03 18:44:32.712000','2020-12-17 08:00:32.998530'),(5645,_binary '','2020-12-14',10,502,2,'2020-12-03 18:44:32.722000','2020-12-17 08:00:33.160935'),(5646,_binary '','2020-12-14',9,503,2,'2020-12-03 18:44:32.729000','2020-12-17 08:00:38.955525'),(5647,_binary '','2020-12-14',16,503,2,'2020-12-03 18:44:32.737000','2020-12-17 08:00:39.127383'),(5648,_binary '','2020-12-14',5,503,2,'2020-12-03 18:44:32.746000','2020-12-17 08:00:38.874836'),(5649,_binary '','2020-12-14',10,503,2,'2020-12-03 18:44:32.756000','2020-12-17 08:00:39.041142'),(5650,_binary '','2020-12-01',9,1353,2,'2020-12-03 18:44:32.766000','2020-12-04 05:58:17.562888'),(5651,_binary '','2020-12-01',2,1353,2,'2020-12-03 18:44:32.775000','2020-12-04 05:58:17.403486'),(5652,_binary '','2020-12-01',10,1353,2,'2020-12-03 18:44:32.788000','2020-12-04 05:58:17.680801'),(5653,_binary '','2020-12-01',9,1361,2,'2020-12-03 18:44:32.797000','2020-12-04 05:58:32.191895'),(5654,_binary '','2020-12-01',2,1361,2,'2020-12-03 18:44:32.804000','2020-12-04 05:58:32.086063'),(5655,_binary '','2020-12-01',10,1361,2,'2020-12-03 18:44:32.812000','2020-12-04 05:58:32.297397'),(5656,_binary '','2020-12-11',9,1522,4,'2020-12-03 18:44:32.818000','2020-12-12 10:49:36.802461'),(5657,_binary '','2020-12-11',2,1522,4,'2020-12-03 18:44:32.825000','2020-12-12 10:49:36.558755'),(5658,_binary '','2020-12-11',10,1522,4,'2020-12-03 18:44:32.832000','2020-12-12 10:49:36.959609'),(5659,_binary '','2020-12-11',9,1523,4,'2020-12-03 18:44:32.839000','2020-12-12 10:49:43.951401'),(5660,_binary '','2020-12-11',2,1523,4,'2020-12-03 18:44:32.845000','2020-12-12 10:49:43.812928'),(5661,_binary '','2020-12-11',10,1523,4,'2020-12-03 18:44:32.850000','2020-12-12 10:49:44.057742'),(5662,_binary '','2020-12-03',15,3708,1,'2020-12-03 18:44:32.857000','2020-12-04 06:04:08.868941'),(5663,_binary '','2020-12-03',7,3708,1,'2020-12-03 18:44:32.865000','2020-12-04 06:04:08.618792'),(5664,_binary '','2020-12-03',8,3708,1,'2020-12-03 18:44:32.871000','2020-12-04 06:04:08.761790'),(5665,_binary '','2020-12-03',15,3709,1,'2020-12-03 18:44:32.878000','2020-12-04 06:04:17.216287'),(5666,_binary '','2020-12-03',7,3709,1,'2020-12-03 18:44:32.884000','2020-12-04 06:04:17.007989'),(5667,_binary '','2020-12-03',8,3709,1,'2020-12-03 18:44:32.890000','2020-12-04 06:04:17.120630'),(5668,_binary '','2020-12-03',15,3710,1,'2020-12-03 18:44:32.896000','2020-12-04 06:04:23.780053'),(5669,_binary '','2020-12-03',7,3710,1,'2020-12-03 18:44:32.902000','2020-12-04 06:04:23.558329'),(5670,_binary '','2020-12-03',8,3710,1,'2020-12-03 18:44:32.908000','2020-12-04 06:04:23.663121'),(5671,_binary '','2020-12-25',15,3711,3,'2020-12-03 18:44:32.916000','2021-01-04 07:10:28.418840'),(5672,_binary '','2020-12-25',7,3711,3,'2020-12-03 18:44:32.924000','2021-01-04 07:10:28.179068'),(5673,_binary '','2020-12-25',8,3711,3,'2020-12-03 18:44:32.930000','2021-01-04 07:10:28.283542'),(5674,_binary '','2020-12-25',15,3712,3,'2020-12-03 18:44:32.937000','2021-01-04 07:10:34.925984'),(5675,_binary '','2020-12-25',7,3712,3,'2020-12-03 18:44:32.944000','2021-01-04 07:10:34.742549'),(5676,_binary '','2020-12-25',8,3712,3,'2020-12-03 18:44:32.951000','2021-01-04 07:10:34.846780'),(5677,_binary '','2020-12-25',15,3713,3,'2020-12-03 18:44:32.957000','2021-01-04 07:10:42.759425'),(5678,_binary '','2020-12-25',7,3713,3,'2020-12-03 18:44:32.964000','2021-01-04 07:10:42.569431'),(5679,_binary '','2020-12-25',8,3713,3,'2020-12-03 18:44:32.970000','2021-01-04 07:10:42.657430'),(5680,_binary '','2021-01-22',7,3991,3,'2020-12-03 18:44:32.976000','2021-01-25 08:14:50.620514'),(5681,_binary '','2021-01-22',8,3991,3,'2020-12-03 18:44:32.982000','2021-01-25 08:14:50.789518'),(5682,_binary '','2021-01-22',16,3991,3,'2020-12-03 18:44:32.989000','2021-01-25 08:14:51.013099'),(5683,_binary '','2021-01-22',2,3991,3,'2020-12-03 18:44:32.996000','2021-01-25 08:14:50.361410'),(5684,_binary '','2021-01-22',5,3991,3,'2020-12-03 18:44:33.002000','2021-01-25 08:14:50.480746'),(5685,_binary '','2021-01-22',10,3991,3,'2020-12-03 18:44:33.008000','2021-01-25 08:14:50.879043'),(5686,_binary '','2021-01-22',7,3992,3,'2020-12-03 18:44:33.014000','2021-01-25 08:14:58.192729'),(5687,_binary '','2021-01-22',8,3992,3,'2020-12-03 18:44:33.021000','2021-01-25 08:14:58.552990'),(5688,_binary '','2021-01-22',16,3992,3,'2020-12-03 18:44:33.028000','2021-01-25 08:14:58.803955'),(5689,_binary '','2021-01-22',2,3992,3,'2020-12-03 18:44:33.033000','2021-01-25 08:14:57.979718'),(5690,_binary '','2021-01-22',5,3992,3,'2020-12-03 18:44:33.040000','2021-01-25 08:14:58.057732'),(5691,_binary '','2021-01-22',10,3992,3,'2020-12-03 18:44:33.048000','2021-01-25 08:14:58.667989'),(5692,_binary '','2021-01-22',7,3993,3,'2020-12-03 18:44:33.055000','2021-01-25 08:15:06.014683'),(5693,_binary '','2021-01-22',8,3993,3,'2020-12-03 18:44:33.062000','2021-01-25 08:15:06.128470'),(5694,_binary '','2021-01-22',16,3993,3,'2020-12-03 18:44:33.068000','2021-01-25 08:15:06.696988'),(5695,_binary '','2021-01-22',2,3993,3,'2020-12-03 18:44:33.074000','2021-01-25 08:15:05.828469'),(5696,_binary '','2021-01-22',5,3993,3,'2020-12-03 18:44:33.080000','2021-01-25 08:15:05.922189'),(5697,_binary '','2021-01-22',10,3993,3,'2020-12-03 18:44:33.088000','2021-01-25 08:15:06.561367'),(5698,_binary '','2020-12-28',7,3994,4,'2020-12-03 18:44:33.095000','2021-01-04 07:19:49.703929'),(5699,_binary '','2020-12-28',8,3994,4,'2020-12-03 18:44:33.101000','2021-01-04 07:19:49.811321'),(5700,_binary '','2020-12-28',16,3994,4,'2020-12-03 18:44:33.108000','2021-01-04 07:19:50.030629'),(5701,_binary '','2020-12-28',2,3994,4,'2020-12-03 18:44:33.114000','2021-01-04 07:19:49.441293'),(5702,_binary '','2020-12-28',5,3994,4,'2020-12-03 18:44:33.120000','2021-01-04 07:19:49.572182'),(5703,_binary '','2020-12-28',10,3994,4,'2020-12-03 18:44:33.125000','2021-01-04 07:19:49.917670'),(5704,_binary '','2020-12-28',7,3995,4,'2020-12-03 18:44:33.131000','2021-01-04 07:20:18.454161'),(5705,_binary '','2020-12-28',8,3995,4,'2020-12-03 18:44:33.137000','2021-01-04 07:20:18.550121'),(5706,_binary '','2020-12-28',16,3995,4,'2020-12-03 18:44:33.144000','2021-01-04 07:20:18.773465'),(5707,_binary '','2020-12-28',2,3995,4,'2020-12-03 18:44:33.151000','2021-01-04 07:20:18.150566'),(5708,_binary '','2020-12-28',5,3995,4,'2020-12-03 18:44:33.158000','2021-01-04 07:20:18.240613'),(5709,_binary '','2020-12-28',10,3995,4,'2020-12-03 18:44:33.164000','2021-01-04 07:20:18.652188'),(5710,_binary '','2020-12-17',7,3996,3,'2020-12-03 18:44:33.170000','2020-12-21 08:22:05.927165'),(5711,_binary '','2020-12-17',8,3996,3,'2020-12-03 18:44:33.180000','2020-12-21 08:22:06.037582'),(5712,_binary '','2020-12-17',16,3996,3,'2020-12-03 18:44:33.186000','2020-12-21 08:22:06.230787'),(5713,_binary '','2020-12-17',2,3996,3,'2020-12-03 18:44:33.193000','2020-12-21 08:22:05.693538'),(5714,_binary '','2020-12-17',5,3996,3,'2020-12-03 18:44:33.201000','2020-12-21 08:22:05.822153'),(5715,_binary '','2020-12-17',10,3996,3,'2020-12-03 18:44:33.208000','2020-12-21 08:22:06.143573'),(5716,_binary '','2020-12-17',7,3997,3,'2020-12-03 18:44:33.214000','2020-12-21 08:22:17.406069'),(5717,_binary '','2020-12-17',8,3997,3,'2020-12-03 18:44:33.222000','2020-12-21 08:22:17.498356'),(5718,_binary '','2020-12-17',16,3997,3,'2020-12-03 18:44:33.230000','2020-12-21 08:22:17.925491'),(5719,_binary '','2020-12-17',2,3997,3,'2020-12-03 18:44:33.237000','2020-12-21 08:22:17.187910'),(5720,_binary '','2020-12-17',5,3997,3,'2020-12-03 18:44:33.247000','2020-12-21 08:22:17.308554'),(5721,_binary '','2020-12-17',10,3997,3,'2020-12-03 18:44:33.252000','2020-12-21 08:22:17.794533'),(5722,_binary '','2020-12-17',7,3998,3,'2020-12-03 18:44:33.263000','2020-12-21 09:01:39.575738'),(5723,_binary '','2020-12-17',8,3998,3,'2020-12-03 18:44:33.276000','2020-12-21 09:01:39.682381'),(5724,_binary '','2020-12-17',16,3998,3,'2020-12-03 18:44:33.286000','2020-12-21 09:01:40.009139'),(5725,_binary '','2020-12-17',2,3998,3,'2020-12-03 18:44:33.296000','2020-12-21 09:01:39.366722'),(5726,_binary '','2020-12-17',5,3998,3,'2020-12-03 18:44:33.305000','2020-12-21 09:01:39.467855'),(5727,_binary '','2020-12-17',10,3998,3,'2020-12-03 18:44:33.318000','2020-12-21 09:01:39.813335'),(5728,_binary '','2020-12-30',7,4014,2,'2020-12-03 18:44:33.327000','2021-01-04 07:31:27.826417'),(5729,_binary '','2020-12-30',8,4014,2,'2020-12-03 18:44:33.334000','2021-01-04 07:31:27.936232'),(5730,_binary '','2020-12-30',16,4014,2,'2020-12-03 18:44:33.344000','2021-01-04 07:31:28.156151'),(5731,_binary '','2020-12-30',2,4014,2,'2020-12-03 18:44:33.353000','2021-01-04 07:31:27.583659'),(5732,_binary '','2020-12-30',5,4014,2,'2020-12-03 18:44:33.359000','2021-01-04 07:31:27.717091'),(5733,_binary '','2020-12-30',10,4014,2,'2020-12-03 18:44:33.370000','2021-01-04 07:31:28.050152'),(5734,_binary '','2020-12-30',7,4015,2,'2020-12-03 18:44:33.378000','2021-01-04 07:31:36.541948'),(5735,_binary '','2020-12-30',8,4015,2,'2020-12-03 18:44:33.385000','2021-01-04 07:31:36.639459'),(5736,_binary '','2020-12-30',16,4015,2,'2020-12-03 18:44:33.391000','2021-01-04 07:31:36.844044'),(5737,_binary '','2020-12-30',2,4015,2,'2020-12-03 18:44:33.397000','2021-01-04 07:31:36.331618'),(5738,_binary '','2020-12-30',5,4015,2,'2020-12-03 18:44:33.405000','2021-01-04 07:31:36.445323'),(5739,_binary '','2020-12-30',10,4015,2,'2020-12-03 18:44:33.412000','2021-01-04 07:31:36.746613'),(5740,_binary '','2020-12-27',7,4016,1,'2020-12-03 18:44:33.417000','2021-01-04 07:15:39.521089'),(5741,_binary '','2020-12-27',8,4016,1,'2020-12-03 18:44:33.423000','2021-01-04 07:15:39.619770'),(5742,_binary '','2020-12-27',16,4016,1,'2020-12-03 18:44:33.429000','2021-01-04 07:15:39.823942'),(5743,_binary '','2020-12-27',2,4016,1,'2020-12-03 18:44:33.435000','2021-01-04 07:15:39.205128'),(5744,_binary '','2020-12-27',5,4016,1,'2020-12-03 18:44:33.446000','2021-01-04 07:15:39.295839'),(5745,_binary '','2020-12-27',10,4016,1,'2020-12-03 18:44:33.453000','2021-01-04 07:15:39.709086'),(5746,_binary '','2020-12-27',7,4017,1,'2020-12-03 18:44:33.460000','2021-01-04 07:15:50.606224'),(5747,_binary '','2020-12-27',8,4017,1,'2020-12-03 18:44:33.465000','2021-01-04 07:15:50.705606'),(5748,_binary '','2020-12-27',16,4017,1,'2020-12-03 18:44:33.471000','2021-01-04 07:15:50.869658'),(5749,_binary '','2020-12-27',2,4017,1,'2020-12-03 18:44:33.478000','2021-01-04 07:15:50.424603'),(5750,_binary '','2020-12-27',5,4017,1,'2020-12-03 18:44:33.484000','2021-01-04 07:15:50.518042'),(5751,_binary '','2020-12-27',10,4017,1,'2020-12-03 18:44:33.490000','2021-01-04 07:15:50.799300'),(5752,_binary '','2021-01-19',7,4030,2,'2020-12-03 18:44:33.495000','2021-01-20 05:35:49.532050'),(5753,_binary '','2021-01-19',1,4030,2,'2020-12-03 18:44:33.500000','2021-01-20 05:35:49.431118'),(5754,_binary '','2021-01-19',7,4031,2,'2020-12-03 18:44:33.506000','2021-01-20 05:35:56.261096'),(5755,_binary '','2021-01-19',1,4031,2,'2020-12-03 18:44:33.512000','2021-01-20 05:35:56.111802'),(5756,_binary '','2021-01-19',7,4032,2,'2020-12-03 18:44:33.518000','2021-01-20 05:36:01.257335'),(5757,_binary '','2021-01-19',1,4032,2,'2020-12-03 18:44:33.524000','2021-01-20 05:36:01.128551'),(5758,_binary '','2020-12-11',7,4038,1,'2020-12-03 18:44:33.529000','2020-12-12 10:50:50.051227'),(5759,_binary '','2020-12-11',1,4038,1,'2020-12-03 18:44:33.535000','2020-12-12 10:50:49.960374'),(5760,_binary '','2020-12-11',7,4039,1,'2020-12-03 18:44:33.542000','2020-12-12 10:50:56.345361'),(5761,_binary '','2020-12-11',1,4039,1,'2020-12-03 18:44:33.548000','2020-12-12 10:50:56.242130'),(5762,_binary '','2020-12-11',7,4040,1,'2020-12-03 18:44:33.553000','2020-12-12 10:51:16.621301'),(5763,_binary '','2020-12-11',1,4040,1,'2020-12-03 18:44:33.559000','2020-12-12 10:51:16.520905'),(5764,_binary '','2020-12-11',7,4041,1,'2020-12-03 18:44:33.564000','2020-12-12 10:51:24.069682'),(5765,_binary '','2020-12-11',1,4041,1,'2020-12-03 18:44:33.571000','2020-12-12 10:51:23.955180'),(5766,_binary '','2020-12-13',7,4060,3,'2020-12-03 18:44:33.579000','2020-12-17 08:11:30.643096'),(5767,_binary '','2020-12-13',1,4060,3,'2020-12-03 18:44:33.585000','2020-12-17 08:11:30.550905'),(5768,_binary '','2020-12-13',7,4061,3,'2020-12-03 18:44:33.591000','2020-12-17 08:11:38.077229'),(5769,_binary '','2020-12-13',1,4061,3,'2020-12-03 18:44:33.597000','2020-12-17 08:11:37.989799'),(5770,_binary '','2020-12-13',7,4062,3,'2020-12-03 18:44:33.603000','2020-12-17 08:11:43.905509'),(5771,_binary '','2020-12-13',1,4062,3,'2020-12-03 18:44:33.608000','2020-12-17 08:11:43.814691'),(5772,_binary '','2020-12-13',7,4063,3,'2020-12-03 18:44:33.614000','2020-12-17 08:11:51.176275'),(5773,_binary '','2020-12-13',1,4063,3,'2020-12-03 18:44:33.620000','2020-12-17 08:11:51.070833'),(5774,_binary '','2020-12-02',15,4142,2,'2020-12-03 18:44:33.625000','2020-12-04 05:59:46.544691'),(5775,_binary '','2020-12-02',7,4142,2,'2020-12-03 18:44:33.631000','2020-12-04 05:59:46.299512'),(5776,_binary '','2020-12-02',8,4142,2,'2020-12-03 18:44:33.636000','2020-12-04 05:59:46.436823'),(5777,_binary '','2020-12-02',15,4143,2,'2020-12-03 18:44:33.642000','2020-12-04 05:59:52.474962'),(5778,_binary '','2020-12-02',7,4143,2,'2020-12-03 18:44:33.648000','2020-12-04 05:59:52.191008'),(5779,_binary '','2020-12-02',8,4143,2,'2020-12-03 18:44:33.654000','2020-12-04 05:59:52.384209'),(5780,_binary '','2020-12-02',15,4144,2,'2020-12-03 18:44:33.660000','2020-12-04 05:59:59.774953'),(5781,_binary '','2020-12-02',7,4144,2,'2020-12-03 18:44:33.666000','2020-12-04 05:59:59.551771'),(5782,_binary '','2020-12-02',8,4144,2,'2020-12-03 18:44:33.672000','2020-12-04 05:59:59.678752'),(5783,_binary '','2020-12-02',15,4145,2,'2020-12-03 18:44:33.678000','2020-12-04 06:00:06.438658'),(5784,_binary '','2020-12-02',7,4145,2,'2020-12-03 18:44:33.684000','2020-12-04 06:00:06.154138'),(5785,_binary '','2020-12-02',8,4145,2,'2020-12-03 18:44:33.690000','2020-12-04 06:00:06.271266'),(5786,_binary '','2020-12-09',15,4577,3,'2020-12-03 18:44:33.695000','2020-12-11 06:13:38.563710'),(5787,_binary '','2020-12-09',7,4577,3,'2020-12-03 18:44:33.705000','2020-12-11 06:13:38.353027'),(5788,_binary '','2020-12-09',8,4577,3,'2020-12-03 18:44:33.712000','2020-12-11 06:13:38.478024'),(5789,_binary '','2020-12-09',15,4578,3,'2020-12-03 18:44:33.719000','2020-12-11 06:13:45.988432'),(5790,_binary '','2020-12-09',7,4578,3,'2020-12-03 18:44:33.727000','2020-12-11 06:13:45.634834'),(5791,_binary '','2020-12-09',8,4578,3,'2020-12-03 18:44:33.732000','2020-12-11 06:13:45.736000'),(5792,_binary '','2020-12-09',15,4579,3,'2020-12-03 18:44:33.738000','2020-12-11 06:13:55.781213'),(5793,_binary '','2020-12-09',7,4579,3,'2020-12-03 18:44:33.744000','2020-12-11 06:13:55.580962'),(5794,_binary '','2020-12-09',8,4579,3,'2020-12-03 18:44:33.750000','2020-12-11 06:13:55.667643'),(5795,_binary '','2020-12-09',15,4580,3,'2020-12-03 18:44:33.756000','2020-12-11 06:14:04.638422'),(5796,_binary '','2020-12-09',7,4580,3,'2020-12-03 18:44:33.763000','2020-12-11 06:14:04.437648'),(5797,_binary '','2020-12-09',8,4580,3,'2020-12-03 18:44:33.768000','2020-12-11 06:14:04.552083'),(5798,_binary '','2020-12-16',9,4736,4,'2020-12-03 18:44:33.773000','2020-12-17 07:24:44.969396'),(5799,_binary '','2020-12-16',15,4736,4,'2020-12-03 18:44:33.778000','2020-12-17 07:24:45.218260'),(5800,_binary '','2020-12-16',2,4736,4,'2020-12-03 18:44:33.782000','2020-12-17 07:24:44.855875'),(5801,_binary '','2020-12-16',10,4736,4,'2020-12-03 18:44:33.787000','2020-12-17 07:24:45.092990'),(5802,_binary '','2020-12-16',9,4737,4,'2020-12-03 18:44:33.792000','2020-12-17 07:24:55.378399'),(5803,_binary '','2020-12-16',15,4737,4,'2020-12-03 18:44:33.797000','2020-12-17 07:24:55.708139'),(5804,_binary '','2020-12-16',2,4737,4,'2020-12-03 18:44:33.802000','2020-12-17 07:24:55.262333'),(5805,_binary '','2020-12-16',10,4737,4,'2020-12-03 18:44:33.807000','2020-12-17 07:24:55.468482'),(5806,_binary '','2020-12-16',9,4738,4,'2020-12-03 18:44:33.812000','2020-12-17 07:25:03.589426'),(5807,_binary '','2020-12-16',15,4738,4,'2020-12-03 18:44:33.816000','2020-12-17 07:25:03.788779'),(5808,_binary '','2020-12-16',2,4738,4,'2020-12-03 18:44:33.822000','2020-12-17 07:25:03.470673'),(5809,_binary '','2020-12-16',10,4738,4,'2020-12-03 18:44:33.827000','2020-12-17 07:25:03.670631'),(5810,_binary '','2020-12-26',9,4739,2,'2020-12-03 18:44:33.833000','2021-01-04 07:13:11.869970'),(5811,_binary '','2020-12-26',15,4739,2,'2020-12-03 18:44:33.842000','2021-01-04 07:13:12.081435'),(5812,_binary '','2020-12-26',2,4739,2,'2020-12-03 18:44:33.847000','2021-01-04 07:13:11.758343'),(5813,_binary '','2020-12-26',10,4739,2,'2020-12-03 18:44:33.852000','2021-01-04 07:13:11.973163'),(5814,_binary '','2020-12-26',9,4740,2,'2020-12-03 18:44:33.859000','2021-01-04 07:13:53.457218'),(5815,_binary '','2020-12-26',15,4740,2,'2020-12-03 18:44:33.867000','2021-01-04 07:13:53.664898'),(5816,_binary '','2020-12-26',2,4740,2,'2020-12-03 18:44:33.873000','2021-01-04 07:13:53.326095'),(5817,_binary '','2020-12-26',10,4740,2,'2020-12-03 18:44:33.878000','2021-01-04 07:13:53.570301'),(5818,_binary '','2020-12-26',9,4741,2,'2020-12-03 18:44:33.883000','2021-01-04 07:14:04.348974'),(5819,_binary '','2020-12-26',15,4741,2,'2020-12-03 18:44:33.889000','2021-01-04 07:14:04.568189'),(5820,_binary '','2020-12-26',2,4741,2,'2020-12-03 18:44:33.895000','2021-01-04 07:14:04.239789'),(5821,_binary '','2020-12-26',10,4741,2,'2020-12-03 18:44:33.900000','2021-01-04 07:14:04.436370'),(5822,_binary '','2020-12-24',15,4742,3,'2020-12-03 18:44:33.907000','2021-01-04 07:04:15.683943'),(5823,_binary '','2020-12-24',7,4742,3,'2020-12-03 18:44:33.913000','2021-01-04 07:04:15.465905'),(5824,_binary '','2020-12-24',8,4742,3,'2020-12-03 18:44:33.919000','2021-01-04 07:04:15.592862'),(5825,_binary '','2020-12-24',15,4743,3,'2020-12-03 18:44:33.925000','2021-01-04 07:04:22.354940'),(5826,_binary '','2020-12-24',7,4743,3,'2020-12-03 18:44:33.930000','2021-01-04 07:04:22.044977'),(5827,_binary '','2020-12-24',8,4743,3,'2020-12-03 18:44:33.936000','2021-01-04 07:04:22.143825'),(5828,_binary '','2020-12-24',15,4744,3,'2020-12-03 18:44:33.941000','2021-01-04 07:04:28.085597'),(5829,_binary '','2020-12-24',7,4744,3,'2020-12-03 18:44:33.946000','2021-01-04 07:04:27.798034'),(5830,_binary '','2020-12-24',8,4744,3,'2020-12-03 18:44:33.952000','2021-01-04 07:04:27.946455'),(5831,_binary '','2020-12-24',15,4745,3,'2020-12-03 18:44:33.957000','2021-01-04 07:04:35.032208'),(5832,_binary '','2020-12-24',7,4745,3,'2020-12-03 18:44:33.961000','2021-01-04 07:04:34.815776'),(5833,_binary '','2020-12-24',8,4745,3,'2020-12-03 18:44:33.970000','2021-01-04 07:04:34.931765'),(5834,_binary '','2020-12-12',15,4748,3,'2020-12-03 18:44:33.976000','2020-12-17 08:12:49.310010'),(5835,_binary '','2020-12-12',8,4748,3,'2020-12-03 18:44:33.981000','2020-12-17 08:12:49.229459'),(5836,_binary '','2020-12-12',16,4748,3,'2020-12-03 18:44:33.987000','2020-12-17 08:12:49.416720'),(5837,_binary '','2020-12-12',5,4748,3,'2020-12-03 18:44:33.993000','2020-12-17 08:12:49.125628'),(5838,_binary '','2020-12-12',15,4749,3,'2020-12-03 18:44:33.998000','2020-12-17 08:12:55.535243'),(5839,_binary '','2020-12-12',8,4749,3,'2020-12-03 18:44:34.002000','2020-12-17 08:12:55.420776'),(5840,_binary '','2020-12-12',16,4749,3,'2020-12-03 18:44:34.008000','2020-12-17 08:12:55.658570'),(5841,_binary '','2020-12-12',5,4749,3,'2020-12-03 18:44:34.013000','2020-12-17 08:12:55.311779'),(5842,_binary '','2020-12-10',15,4750,1,'2020-12-03 18:44:34.018000','2020-12-10 12:18:32.931526'),(5843,_binary '','2020-12-10',8,4750,1,'2020-12-03 18:44:34.023000','2020-12-10 12:18:32.789221'),(5844,_binary '','2020-12-10',16,4750,1,'2020-12-03 18:44:34.029000','2020-12-10 12:18:33.041517'),(5845,_binary '','2020-12-10',5,4750,1,'2020-12-03 18:44:34.035000','2020-12-10 12:18:32.650610'),(5846,_binary '','2020-12-10',15,4751,1,'2020-12-03 18:44:34.041000','2020-12-10 12:18:49.966453'),(5847,_binary '','2020-12-10',8,4751,1,'2020-12-03 18:44:34.047000','2020-12-10 12:18:49.872160'),(5848,_binary '','2020-12-10',16,4751,1,'2020-12-03 18:44:34.052000','2020-12-10 12:18:50.053881'),(5849,_binary '','2020-12-10',5,4751,1,'2020-12-03 18:44:34.058000','2020-12-10 12:18:49.759658'),(5850,_binary '','2020-12-10',15,4752,1,'2020-12-03 18:44:34.063000','2020-12-10 12:18:57.307349'),(5851,_binary '','2020-12-10',8,4752,1,'2020-12-03 18:44:34.068000','2020-12-10 12:18:57.165657'),(5852,_binary '','2020-12-10',16,4752,1,'2020-12-03 18:44:34.073000','2020-12-10 12:18:57.425892'),(5853,_binary '','2020-12-10',5,4752,1,'2020-12-03 18:44:34.078000','2020-12-10 12:18:57.047359'),(5854,_binary '','2020-12-13',15,4753,2,'2020-12-03 18:44:34.084000','2020-12-17 08:10:55.341537'),(5855,_binary '','2020-12-13',8,4753,2,'2020-12-03 18:44:34.091000','2020-12-17 08:10:55.267243'),(5856,_binary '','2020-12-13',16,4753,2,'2020-12-03 18:44:34.100000','2020-12-17 08:10:55.417654'),(5857,_binary '','2020-12-13',5,4753,2,'2020-12-03 18:44:34.106000','2020-12-17 08:10:55.190451'),(5858,_binary '','2020-12-13',15,4754,2,'2020-12-03 18:44:34.112000','2020-12-17 08:11:05.369686'),(5859,_binary '','2020-12-13',8,4754,2,'2020-12-03 18:44:34.117000','2020-12-17 08:11:05.269707'),(5860,_binary '','2020-12-13',16,4754,2,'2020-12-03 18:44:34.121000','2020-12-17 08:11:05.481094'),(5861,_binary '','2020-12-13',5,4754,2,'2020-12-03 18:44:34.126000','2020-12-17 08:11:05.171571'),(5862,_binary '','2020-12-06',15,4755,1,'2020-12-03 18:44:34.131000','2020-12-11 07:28:09.599042'),(5863,_binary '','2020-12-06',8,4755,1,'2020-12-03 18:44:34.135000','2020-12-11 07:28:09.506271'),(5864,_binary '','2020-12-06',16,4755,1,'2020-12-03 18:44:34.140000','2020-12-11 07:28:09.710257'),(5865,_binary '','2020-12-06',5,4755,1,'2020-12-03 18:44:34.145000','2020-12-11 07:28:09.408579'),(5866,_binary '','2020-12-06',15,4756,1,'2020-12-03 18:44:34.149000','2020-12-11 07:28:18.080349'),(5867,_binary '','2020-12-06',8,4756,1,'2020-12-03 18:44:34.154000','2020-12-11 07:28:17.979092'),(5868,_binary '','2020-12-06',16,4756,1,'2020-12-03 18:44:34.160000','2020-12-11 07:28:18.161100'),(5869,_binary '','2020-12-06',5,4756,1,'2020-12-03 18:44:34.165000','2020-12-11 07:28:17.872699'),(5870,_binary '','2020-12-06',15,4757,1,'2020-12-03 18:44:34.169000','2020-12-11 07:28:24.994259'),(5871,_binary '','2020-12-06',8,4757,1,'2020-12-03 18:44:34.175000','2020-12-11 07:28:24.917589'),(5872,_binary '','2020-12-06',16,4757,1,'2020-12-03 18:44:34.180000','2020-12-11 07:28:25.083057'),(5873,_binary '','2020-12-06',5,4757,1,'2020-12-03 18:44:34.186000','2020-12-11 07:28:24.833654'),(5874,_binary '','2020-12-06',15,4758,1,'2020-12-03 18:44:34.191000','2020-12-11 07:28:31.995547'),(5875,_binary '','2020-12-06',8,4758,1,'2020-12-03 18:44:34.197000','2020-12-11 07:28:31.891048'),(5876,_binary '','2020-12-06',16,4758,1,'2020-12-03 18:44:34.203000','2020-12-11 07:28:32.109724'),(5877,_binary '','2020-12-06',5,4758,1,'2020-12-03 18:44:34.209000','2020-12-11 07:28:31.809867'),(5878,_binary '','2020-12-06',9,4848,2,'2020-12-03 18:44:34.216000','2020-12-11 07:29:15.868456'),(5879,_binary '','2020-12-06',16,4848,2,'2020-12-03 18:44:34.222000','2020-12-11 07:29:15.947730'),(5880,_binary '','2020-12-06',5,4848,2,'2020-12-03 18:44:34.230000','2020-12-11 07:29:15.784756'),(5881,_binary '','2020-12-06',9,4849,2,'2020-12-03 18:44:34.235000','2020-12-11 07:29:23.337090'),(5882,_binary '','2020-12-06',16,4849,2,'2020-12-03 18:44:34.242000','2020-12-11 07:29:23.497044'),(5883,_binary '','2020-12-06',5,4849,2,'2020-12-03 18:44:34.247000','2020-12-11 07:29:23.222128'),(5884,_binary '','2020-12-06',9,4850,2,'2020-12-03 18:44:34.252000','2020-12-11 07:29:32.622813'),(5885,_binary '','2020-12-06',16,4850,2,'2020-12-03 18:44:34.257000','2020-12-11 07:29:32.729473'),(5886,_binary '','2020-12-06',5,4850,2,'2020-12-03 18:44:34.262000','2020-12-11 07:29:32.522037'),(5887,_binary '','2020-12-06',9,4851,2,'2020-12-03 18:44:34.267000','2020-12-11 07:29:40.806818'),(5888,_binary '','2020-12-06',16,4851,2,'2020-12-03 18:44:34.272000','2020-12-11 07:29:40.901259'),(5889,_binary '','2020-12-06',5,4851,2,'2020-12-03 18:44:34.277000','2020-12-11 07:29:40.726045'),(5890,_binary '','2020-12-07',9,5099,4,'2020-12-03 18:44:34.282000','2020-12-11 07:26:26.280142'),(5891,_binary '','2020-12-07',2,5099,4,'2020-12-03 18:44:34.287000','2020-12-11 07:26:26.152164'),(5892,_binary '','2020-12-07',10,5099,4,'2020-12-03 18:44:34.292000','2020-12-11 07:26:26.401583'),(5893,_binary '','2020-12-05',9,5100,2,'2020-12-03 18:44:34.298000','2020-12-11 07:34:40.961562'),(5894,_binary '','2020-12-05',2,5100,2,'2020-12-03 18:44:34.302000','2020-12-11 07:34:40.865768'),(5895,_binary '','2020-12-05',10,5100,2,'2020-12-03 18:44:34.308000','2020-12-11 07:34:41.063254'),(5896,_binary '','2020-12-05',9,5101,2,'2020-12-03 18:44:34.313000','2020-12-11 07:34:54.694573'),(5897,_binary '','2020-12-05',2,5101,2,'2020-12-03 18:44:34.318000','2020-12-11 07:34:54.602008'),(5898,_binary '','2020-12-05',10,5101,2,'2020-12-03 18:44:34.323000','2020-12-11 07:34:54.774245'),(5899,_binary '','2020-12-03',15,5114058,4,'2020-12-03 18:44:34.328000','2020-12-04 06:00:59.860162'),(5900,_binary '','2020-12-03',8,5114058,4,'2020-12-03 18:44:34.333000','2020-12-04 06:00:59.727205'),(5901,_binary '','2020-12-03',16,5114058,4,'2020-12-03 18:44:34.338000','2020-12-04 06:01:00.081000'),(5902,_binary '','2020-12-03',5,5114058,4,'2020-12-03 18:44:34.343000','2020-12-04 06:00:59.620619'),(5903,_binary '','2020-12-03',15,5114059,4,'2020-12-03 18:44:34.347000','2020-12-04 06:01:07.065863'),(5904,_binary '','2020-12-03',8,5114059,4,'2020-12-03 18:44:34.352000','2020-12-04 06:01:06.944612'),(5905,_binary '','2020-12-03',16,5114059,4,'2020-12-03 18:44:34.360000','2020-12-04 06:01:07.189052'),(5906,_binary '','2020-12-03',5,5114059,4,'2020-12-03 18:44:34.366000','2020-12-04 06:01:06.836818'),(5907,_binary '','2020-12-03',15,5114060,4,'2020-12-03 18:44:34.372000','2020-12-04 06:01:13.467260'),(5908,_binary '','2020-12-03',8,5114060,4,'2020-12-03 18:44:34.377000','2020-12-04 06:01:13.373982'),(5909,_binary '','2020-12-03',16,5114060,4,'2020-12-03 18:44:34.383000','2020-12-04 06:01:13.564472'),(5910,_binary '','2020-12-03',5,5114060,4,'2020-12-03 18:44:34.388000','2020-12-04 06:01:13.280574'),(5911,_binary '','2020-12-03',15,5114061,4,'2020-12-03 18:44:34.394000','2020-12-04 06:01:21.019965'),(5912,_binary '','2020-12-03',8,5114061,4,'2020-12-03 18:44:34.400000','2020-12-04 06:01:20.930757'),(5913,_binary '','2020-12-03',16,5114061,4,'2020-12-03 18:44:34.405000','2020-12-04 06:01:21.109753'),(5914,_binary '','2020-12-03',5,5114061,4,'2020-12-03 18:44:34.410000','2020-12-04 06:01:20.828526'),(6000,_binary '','2020-12-16',17,4014,4,'2020-12-17 07:29:23.297186','2020-12-17 07:30:05.223596'),(6001,_binary '','2020-12-16',17,4015,4,'2020-12-17 07:29:29.170922','2020-12-17 07:29:57.401441'),(6002,_binary '','2020-12-16',17,4016,4,'2020-12-17 07:29:35.995631','2020-12-17 07:29:47.421554'),(6018,_binary '','2020-12-15',17,3991,1,'2020-12-17 07:51:23.561608','2020-12-17 07:51:42.781591'),(6019,_binary '','2020-12-15',17,3992,1,'2020-12-17 07:51:48.714644','2020-12-17 07:51:50.864873'),(6020,_binary '','2020-12-15',17,3993,1,'2020-12-17 07:51:55.647430','2020-12-17 07:51:58.301763'),(6021,_binary '','2020-12-15',17,3994,1,'2020-12-17 07:52:07.130388','2020-12-17 07:52:09.291778'),(6022,_binary '','2020-12-15',17,3995,1,'2020-12-17 07:52:15.319571','2020-12-17 07:52:17.851141'),(6023,_binary '','2020-12-15',17,3996,1,'2020-12-17 07:52:23.945732','2020-12-17 07:52:26.403574'),(6024,_binary '','2020-12-15',17,3997,1,'2020-12-17 07:52:32.065427','2020-12-17 07:52:33.834137'),(6025,_binary '','2020-12-15',17,3998,1,'2020-12-17 07:52:42.484707','2020-12-17 07:52:44.467394'),(6029,_binary '','2020-12-14',17,4030,2,'2020-12-17 08:00:55.078556','2020-12-17 08:00:58.462252'),(6030,_binary '','2020-12-14',17,4031,2,'2020-12-17 08:01:04.286607','2020-12-17 08:01:06.463695'),(6031,_binary '','2020-12-14',17,4032,2,'2020-12-17 08:01:11.886683','2020-12-17 08:01:14.913472'),(6032,_binary '','2020-12-14',17,4033,2,'2020-12-17 08:01:22.146757','2020-12-17 08:01:26.287192'),(6033,_binary '','2020-12-14',17,4034,2,'2020-12-17 08:01:35.170018','2020-12-17 08:01:37.974006'),(6034,_binary '','2020-12-14',17,4035,2,'2020-12-17 08:01:56.219747','2020-12-17 08:01:59.054443'),(6035,_binary '','2020-12-14',17,4036,2,'2020-12-17 08:02:03.776707','2020-12-17 08:02:07.134283'),(6036,_binary '','2020-12-14',17,4037,2,'2020-12-17 08:02:18.470366','2020-12-17 08:02:21.253384'),(6061,_binary '','2020-12-16',17,4017,4,'2020-12-21 08:48:44.217111','2020-12-21 08:48:59.466872'),(6348,_binary '','2021-01-06',8,7,2,'2021-01-04 09:10:27.584000','2021-01-08 08:40:14.655150'),(6349,_binary '','2021-01-06',16,7,2,'2021-01-04 09:10:27.618000','2021-01-08 08:40:14.806086'),(6350,_binary '','2021-01-06',5,7,2,'2021-01-04 09:10:27.634000','2021-01-08 08:40:14.487211'),(6351,_binary '','2021-01-06',8,8,2,'2021-01-04 09:10:27.648000','2021-01-08 08:40:24.828390'),(6352,_binary '','2021-01-06',16,8,2,'2021-01-04 09:10:27.660000','2021-01-08 08:40:24.923988'),(6353,_binary '','2021-01-06',5,8,2,'2021-01-04 09:10:27.674000','2021-01-08 08:40:24.745347'),(6354,_binary '','2021-01-07',8,9,1,'2021-01-04 09:10:27.687000','2021-01-08 08:43:00.119600'),(6355,_binary '','2021-01-07',16,9,1,'2021-01-04 09:10:27.700000','2021-01-08 08:43:00.249996'),(6356,_binary '','2021-01-07',5,9,1,'2021-01-04 09:10:27.711000','2021-01-08 08:42:59.895571'),(6357,_binary '','2021-01-07',8,10,1,'2021-01-04 09:10:27.723000','2021-01-08 08:43:14.821840'),(6358,_binary '','2021-01-07',16,10,1,'2021-01-04 09:10:27.734000','2021-01-08 08:43:14.922108'),(6359,_binary '','2021-01-07',5,10,1,'2021-01-04 09:10:27.749000','2021-01-08 08:43:14.735792'),(6360,_binary '','2021-01-03',1,284,2,'2021-01-04 09:10:27.761000','2021-01-05 07:28:04.378295'),(6361,_binary '','2021-01-03',2,284,2,'2021-01-04 09:10:27.774000','2021-01-05 07:28:04.477561'),(6362,_binary '','2021-01-03',3,284,2,'2021-01-04 09:10:27.785000','2021-01-05 07:28:04.562943'),(6363,_binary '','2021-01-03',4,284,2,'2021-01-04 09:10:27.797000','2021-01-05 07:28:04.679807'),(6364,_binary '','2021-01-03',1,285,2,'2021-01-04 09:10:27.808000','2021-01-05 07:28:10.817928'),(6365,_binary '','2021-01-03',2,285,2,'2021-01-04 09:10:27.818000','2021-01-05 07:28:10.916716'),(6366,_binary '','2021-01-03',3,285,2,'2021-01-04 09:10:27.830000','2021-01-05 07:28:11.032439'),(6367,_binary '','2021-01-03',4,285,2,'2021-01-04 09:10:27.842000','2021-01-05 07:28:11.218886'),(6368,_binary '','2021-01-03',1,286,2,'2021-01-04 09:10:27.854000','2021-01-05 07:28:16.279814'),(6369,_binary '','2021-01-03',2,286,2,'2021-01-04 09:10:27.866000','2021-01-05 07:28:16.417744'),(6370,_binary '','2021-01-03',3,286,2,'2021-01-04 09:10:27.880000','2021-01-05 07:28:16.515897'),(6371,_binary '','2021-01-03',4,286,2,'2021-01-04 09:10:27.890000','2021-01-05 07:28:16.596714'),(6372,_binary '','2021-01-01',1,322,4,'2021-01-04 09:10:27.902000','2021-01-05 07:23:37.447270'),(6373,_binary '','2021-01-01',2,322,4,'2021-01-04 09:10:27.913000','2021-01-05 07:23:37.668045'),(6374,_binary '','2021-01-01',3,322,4,'2021-01-04 09:10:27.923000','2021-01-05 07:23:37.787444'),(6375,_binary '','2021-01-01',4,322,4,'2021-01-04 09:10:27.934000','2021-01-05 07:23:37.887137'),(6376,_binary '','2021-01-01',1,323,4,'2021-01-04 09:10:27.945000','2021-01-05 07:23:45.832007'),(6377,_binary '','2021-01-01',2,323,4,'2021-01-04 09:10:27.956000','2021-01-05 07:23:45.926241'),(6378,_binary '','2021-01-01',3,323,4,'2021-01-04 09:10:27.966000','2021-01-05 07:23:46.037235'),(6379,_binary '','2021-01-01',4,323,4,'2021-01-04 09:10:27.975000','2021-01-05 07:23:46.214284'),(6380,_binary '','2021-01-01',1,324,4,'2021-01-04 09:10:27.985000','2021-01-05 07:23:52.800819'),(6381,_binary '','2021-01-01',2,324,4,'2021-01-04 09:10:27.997000','2021-01-05 07:23:52.938949'),(6382,_binary '','2021-01-01',3,324,4,'2021-01-04 09:10:28.008000','2021-01-05 07:23:53.127570'),(6383,_binary '','2021-01-01',4,324,4,'2021-01-04 09:10:28.021000','2021-01-05 07:23:53.266436'),(6388,_binary '','2021-01-24',1,352,1,'2021-01-04 09:10:28.066000','2021-01-25 08:20:41.263211'),(6389,_binary '','2021-01-24',2,352,1,'2021-01-04 09:10:28.075000','2021-01-25 08:20:41.380011'),(6390,_binary '','2021-01-24',3,352,1,'2021-01-04 09:10:28.085000','2021-01-25 08:20:41.545912'),(6391,_binary '','2021-01-24',4,352,1,'2021-01-04 09:10:28.095000','2021-01-25 08:20:41.696866'),(6392,_binary '','2021-01-24',1,353,1,'2021-01-04 09:10:28.103000','2021-01-25 08:20:48.399888'),(6393,_binary '','2021-01-24',2,353,1,'2021-01-04 09:10:28.112000','2021-01-25 08:20:48.558125'),(6394,_binary '','2021-01-24',3,353,1,'2021-01-04 09:10:28.121000','2021-01-25 08:20:48.682039'),(6395,_binary '','2021-01-24',4,353,1,'2021-01-04 09:10:28.131000','2021-01-25 08:20:48.775202'),(6396,_binary '','2021-01-08',1,480,1,'2021-01-04 09:10:28.142000','2021-01-11 05:31:11.145252'),(6397,_binary '','2021-01-08',2,480,1,'2021-01-04 09:10:28.152000','2021-01-11 05:31:11.260763'),(6398,_binary '','2021-01-08',3,480,1,'2021-01-04 09:10:28.162000','2021-01-11 05:31:11.338845'),(6399,_binary '','2021-01-08',4,480,1,'2021-01-04 09:10:28.175000','2021-01-11 05:31:11.424762'),(6400,_binary '','2021-01-08',1,481,1,'2021-01-04 09:10:28.185000','2021-01-11 05:31:17.243457'),(6401,_binary '','2021-01-08',2,481,1,'2021-01-04 09:10:28.196000','2021-01-11 05:31:17.354004'),(6402,_binary '','2021-01-08',3,481,1,'2021-01-04 09:10:28.204000','2021-01-11 05:31:17.451359'),(6403,_binary '','2021-01-08',4,481,1,'2021-01-04 09:10:28.214000','2021-01-11 05:31:17.542986'),(6404,_binary '','2021-01-08',1,482,1,'2021-01-04 09:10:28.222000','2021-01-11 05:31:23.741996'),(6405,_binary '','2021-01-08',2,482,1,'2021-01-04 09:10:28.231000','2021-01-11 05:31:23.856897'),(6406,_binary '','2021-01-08',3,482,1,'2021-01-04 09:10:28.238000','2021-01-11 05:31:23.962102'),(6407,_binary '','2021-01-08',4,482,1,'2021-01-04 09:10:28.246000','2021-01-11 05:31:24.058770'),(6408,_binary '','2021-01-04',15,501,1,'2021-01-04 09:10:28.254000','2021-01-05 07:39:35.902190'),(6409,_binary '','2021-01-04',7,501,1,'2021-01-04 09:10:28.261000','2021-01-05 07:39:35.653855'),(6410,_binary '','2021-01-04',8,501,1,'2021-01-04 09:10:28.269000','2021-01-05 07:39:35.789051'),(6411,_binary '','2021-01-04',15,502,1,'2021-01-04 09:10:28.279000','2021-01-05 07:39:42.876051'),(6412,_binary '','2021-01-04',7,502,1,'2021-01-04 09:10:28.285000','2021-01-05 07:39:42.681093'),(6413,_binary '','2021-01-04',8,502,1,'2021-01-04 09:10:28.293000','2021-01-05 07:39:42.773618'),(6414,_binary '','2021-01-04',15,503,1,'2021-01-04 09:10:28.299000','2021-01-05 07:39:49.463008'),(6415,_binary '','2021-01-04',7,503,1,'2021-01-04 09:10:28.306000','2021-01-05 07:39:49.256404'),(6416,_binary '','2021-01-04',8,503,1,'2021-01-04 09:10:28.314000','2021-01-05 07:39:49.358238'),(6417,_binary '','2021-01-05',8,1353,3,'2021-01-04 09:10:28.322000','2021-01-06 08:45:35.653777'),(6418,_binary '','2021-01-05',16,1353,3,'2021-01-04 09:10:28.330000','2021-01-06 08:45:35.891267'),(6419,_binary '','2021-01-05',5,1353,3,'2021-01-04 09:10:28.338000','2021-01-06 08:45:35.479649'),(6420,_binary '','2021-01-05',8,1361,3,'2021-01-04 09:10:28.345000','2021-01-06 08:45:43.302081'),(6421,_binary '','2021-01-05',16,1361,3,'2021-01-04 09:10:28.351000','2021-01-06 08:45:43.400069'),(6422,_binary '','2021-01-05',5,1361,3,'2021-01-04 09:10:28.358000','2021-01-06 08:45:43.198364'),(6423,_binary '','2021-01-25',1,3708,4,'2021-01-04 09:10:28.365000','2021-01-26 05:28:12.517277'),(6424,_binary '','2021-01-25',2,3708,4,'2021-01-04 09:10:28.371000','2021-01-26 05:28:12.624481'),(6425,_binary '','2021-01-25',3,3708,4,'2021-01-04 09:10:28.378000','2021-01-26 05:28:12.781736'),(6426,_binary '','2021-01-25',4,3708,4,'2021-01-04 09:10:28.384000','2021-01-26 05:28:12.928311'),(6427,_binary '','2021-01-25',1,3709,4,'2021-01-04 09:10:28.390000','2021-01-26 05:28:19.964489'),(6428,_binary '','2021-01-25',2,3709,4,'2021-01-04 09:10:28.395000','2021-01-26 05:28:20.133667'),(6429,_binary '','2021-01-25',3,3709,4,'2021-01-04 09:10:28.403000','2021-01-26 05:28:20.343047'),(6430,_binary '','2021-01-25',4,3709,4,'2021-01-04 09:10:28.412000','2021-01-26 05:28:20.480635'),(6431,_binary '','2021-01-25',1,3710,4,'2021-01-04 09:10:28.418000','2021-01-26 05:28:27.673470'),(6432,_binary '','2021-01-25',2,3710,4,'2021-01-04 09:10:28.424000','2021-01-26 05:28:27.798447'),(6433,_binary '','2021-01-25',3,3710,4,'2021-01-04 09:10:28.433000','2021-01-26 05:28:27.993044'),(6434,_binary '','2021-01-25',4,3710,4,'2021-01-04 09:10:28.440000','2021-01-26 05:28:28.083862'),(6435,_binary '','2021-01-13',1,3711,4,'2021-01-04 09:10:28.446000','2021-01-14 06:28:17.637469'),(6436,_binary '','2021-01-13',2,3711,4,'2021-01-04 09:10:28.453000','2021-01-14 06:28:17.740696'),(6437,_binary '','2021-01-13',3,3711,4,'2021-01-04 09:10:28.459000','2021-01-14 06:28:17.860872'),(6438,_binary '','2021-01-13',4,3711,4,'2021-01-04 09:10:28.465000','2021-01-14 06:28:17.988651'),(6439,_binary '','2021-01-13',1,3712,4,'2021-01-04 09:10:28.471000','2021-01-14 06:28:24.630784'),(6440,_binary '','2021-01-13',2,3712,4,'2021-01-04 09:10:28.478000','2021-01-14 06:28:24.744335'),(6441,_binary '','2021-01-13',3,3712,4,'2021-01-04 09:10:28.485000','2021-01-14 06:28:24.843707'),(6442,_binary '','2021-01-13',4,3712,4,'2021-01-04 09:10:28.491000','2021-01-14 06:28:24.956893'),(6443,_binary '','2021-01-13',1,3713,4,'2021-01-04 09:10:28.497000','2021-01-14 06:28:30.554925'),(6444,_binary '','2021-01-13',2,3713,4,'2021-01-04 09:10:28.502000','2021-01-14 06:28:30.642620'),(6445,_binary '','2021-01-13',3,3713,4,'2021-01-04 09:10:28.509000','2021-01-14 06:28:30.727673'),(6446,_binary '','2021-01-13',4,3713,4,'2021-01-04 09:10:28.514000','2021-01-14 06:28:30.828810'),(6447,_binary '','2021-01-14',7,4018,3,'2021-01-04 09:10:28.520000','2021-01-18 08:47:42.660090'),(6448,_binary '','2021-01-14',1,4018,3,'2021-01-04 09:10:28.526000','2021-01-18 08:47:42.524990'),(6449,_binary '','2021-01-14',7,4019,3,'2021-01-04 09:10:28.534000','2021-01-18 08:47:49.267042'),(6450,_binary '','2021-01-14',1,4019,3,'2021-01-04 09:10:28.545000','2021-01-18 08:47:49.161181'),(6451,_binary '','2021-01-18',7,4034,3,'2021-01-04 09:10:28.551000','2021-01-19 09:25:13.440690'),(6452,_binary '','2021-01-18',1,4034,3,'2021-01-04 09:10:28.556000','2021-01-19 09:25:13.314859'),(6453,_binary '','2021-01-18',7,4035,3,'2021-01-04 09:10:28.563000','2021-01-19 09:25:22.014696'),(6454,_binary '','2021-01-18',1,4035,3,'2021-01-04 09:10:28.570000','2021-01-19 09:25:21.899237'),(6457,_binary '','2021-01-18',7,4037,3,'2021-01-04 09:10:28.592000','2021-01-19 09:25:32.621311'),(6458,_binary '','2021-01-18',1,4037,3,'2021-01-04 09:10:28.598000','2021-01-19 09:25:32.525195'),(6459,_binary '','2021-01-15',7,4042,2,'2021-01-04 09:10:28.604000','2021-01-18 08:48:22.822301'),(6460,_binary '','2021-01-15',1,4042,2,'2021-01-04 09:10:28.610000','2021-01-18 08:48:22.690249'),(6461,_binary '','2021-01-15',7,4043,2,'2021-01-04 09:10:28.616000','2021-01-18 08:48:29.422546'),(6462,_binary '','2021-01-15',1,4043,2,'2021-01-04 09:10:28.622000','2021-01-18 08:48:29.321795'),(6463,_binary '','2021-01-15',7,4044,2,'2021-01-04 09:10:28.629000','2021-01-18 08:48:34.702993'),(6464,_binary '','2021-01-15',1,4044,2,'2021-01-04 09:10:28.636000','2021-01-18 08:48:34.611131'),(6465,_binary '','2021-01-15',7,4045,2,'2021-01-04 09:10:28.642000','2021-01-18 08:48:41.245029'),(6466,_binary '','2021-01-15',1,4045,2,'2021-01-04 09:10:28.649000','2021-01-18 08:48:41.134115'),(6467,_binary '','2021-01-11',7,4046,2,'2021-01-04 09:10:28.656000','2021-01-12 05:36:05.151371'),(6468,_binary '','2021-01-11',8,4046,2,'2021-01-04 09:10:28.663000','2021-01-12 05:36:05.234092'),(6469,_binary '','2021-01-11',16,4046,2,'2021-01-04 09:10:28.673000','2021-01-12 05:36:05.418392'),(6470,_binary '','2021-01-11',2,4046,2,'2021-01-04 09:10:28.680000','2021-01-12 05:36:04.934004'),(6471,_binary '','2021-01-11',5,4046,2,'2021-01-04 09:10:28.686000','2021-01-12 05:36:05.054442'),(6472,_binary '','2021-01-11',10,4046,2,'2021-01-04 09:10:28.694000','2021-01-12 05:36:05.326565'),(6473,_binary '','2021-01-11',7,4047,2,'2021-01-04 09:10:28.701000','2021-01-12 05:36:11.053719'),(6474,_binary '','2021-01-11',8,4047,2,'2021-01-04 09:10:28.708000','2021-01-12 05:36:11.148060'),(6475,_binary '','2021-01-11',16,4047,2,'2021-01-04 09:10:28.716000','2021-01-12 05:36:11.386464'),(6476,_binary '','2021-01-11',2,4047,2,'2021-01-04 09:10:28.724000','2021-01-12 05:36:10.801729'),(6477,_binary '','2021-01-11',5,4047,2,'2021-01-04 09:10:28.731000','2021-01-12 05:36:10.943028'),(6478,_binary '','2021-01-11',10,4047,2,'2021-01-04 09:10:28.736000','2021-01-12 05:36:11.278787'),(6479,_binary '','2021-01-11',7,4048,2,'2021-01-04 09:10:28.743000','2021-01-12 05:36:19.647098'),(6480,_binary '','2021-01-11',8,4048,2,'2021-01-04 09:10:28.750000','2021-01-12 05:36:19.726297'),(6481,_binary '','2021-01-11',16,4048,2,'2021-01-04 09:10:28.757000','2021-01-12 05:36:19.897983'),(6482,_binary '','2021-01-11',2,4048,2,'2021-01-04 09:10:28.763000','2021-01-12 05:36:19.324953'),(6483,_binary '','2021-01-11',5,4048,2,'2021-01-04 09:10:28.770000','2021-01-12 05:36:19.409510'),(6484,_binary '','2021-01-11',10,4048,2,'2021-01-04 09:10:28.777000','2021-01-12 05:36:19.814053'),(6485,_binary '','2021-01-20',7,4049,1,'2021-01-04 09:10:28.783000','2021-01-21 05:29:39.448622'),(6486,_binary '','2021-01-20',8,4049,1,'2021-01-04 09:10:28.788000','2021-01-21 05:29:39.546783'),(6487,_binary '','2021-01-20',16,4049,1,'2021-01-04 09:10:28.798000','2021-01-21 05:29:39.754936'),(6488,_binary '','2021-01-20',2,4049,1,'2021-01-04 09:10:28.808000','2021-01-21 05:29:39.225912'),(6489,_binary '','2021-01-20',5,4049,1,'2021-01-04 09:10:28.814000','2021-01-21 05:29:39.350242'),(6490,_binary '','2021-01-20',10,4049,1,'2021-01-04 09:10:28.820000','2021-01-21 05:29:39.653578'),(6491,_binary '','2021-01-20',7,4050,1,'2021-01-04 09:10:28.827000','2021-01-21 05:29:48.101732'),(6492,_binary '','2021-01-20',8,4050,1,'2021-01-04 09:10:28.833000','2021-01-21 05:29:48.297267'),(6493,_binary '','2021-01-20',16,4050,1,'2021-01-04 09:10:28.839000','2021-01-21 05:29:48.592667'),(6494,_binary '','2021-01-20',2,4050,1,'2021-01-04 09:10:28.846000','2021-01-21 05:29:47.631067'),(6495,_binary '','2021-01-20',5,4050,1,'2021-01-04 09:10:28.852000','2021-01-21 05:29:47.781425'),(6496,_binary '','2021-01-20',10,4050,1,'2021-01-04 09:10:28.858000','2021-01-21 05:29:48.459164'),(6497,_binary '','2021-01-20',7,4051,1,'2021-01-04 09:10:28.864000','2021-01-21 05:29:53.441036'),(6498,_binary '','2021-01-20',8,4051,1,'2021-01-04 09:10:28.870000','2021-01-21 05:29:53.545193'),(6499,_binary '','2021-01-20',16,4051,1,'2021-01-04 09:10:28.876000','2021-01-21 05:29:53.735428'),(6500,_binary '','2021-01-20',2,4051,1,'2021-01-04 09:10:28.882000','2021-01-21 05:29:53.231375'),(6501,_binary '','2021-01-20',5,4051,1,'2021-01-04 09:10:28.889000','2021-01-21 05:29:53.344424'),(6502,_binary '','2021-01-20',10,4051,1,'2021-01-04 09:10:28.895000','2021-01-21 05:29:53.624563'),(6503,_binary '','2021-01-12',7,4056,1,'2021-01-04 09:10:28.901000','2021-01-13 07:19:50.791181'),(6504,_binary '','2021-01-12',8,4056,1,'2021-01-04 09:10:28.907000','2021-01-13 07:19:50.895743'),(6505,_binary '','2021-01-12',16,4056,1,'2021-01-04 09:10:28.913000','2021-01-13 07:19:51.099728'),(6506,_binary '','2021-01-12',2,4056,1,'2021-01-04 09:10:28.919000','2021-01-13 07:19:50.593316'),(6507,_binary '','2021-01-12',5,4056,1,'2021-01-04 09:10:28.927000','2021-01-13 07:19:50.683685'),(6508,_binary '','2021-01-12',10,4056,1,'2021-01-04 09:10:28.939000','2021-01-13 07:19:51.019228'),(6509,_binary '','2021-01-12',7,4057,1,'2021-01-04 09:10:28.946000','2021-01-13 07:19:57.326366'),(6510,_binary '','2021-01-12',8,4057,1,'2021-01-04 09:10:28.952000','2021-01-13 07:19:57.588333'),(6511,_binary '','2021-01-12',16,4057,1,'2021-01-04 09:10:28.957000','2021-01-13 07:19:57.836308'),(6512,_binary '','2021-01-12',2,4057,1,'2021-01-04 09:10:28.965000','2021-01-13 07:19:57.093841'),(6513,_binary '','2021-01-12',5,4057,1,'2021-01-04 09:10:28.972000','2021-01-13 07:19:57.205361'),(6514,_binary '','2021-01-12',10,4057,1,'2021-01-04 09:10:28.979000','2021-01-13 07:19:57.719039'),(6515,_binary '','2021-01-12',7,4058,1,'2021-01-04 09:10:28.986000','2021-01-13 07:20:05.607891'),(6516,_binary '','2021-01-12',8,4058,1,'2021-01-04 09:10:28.992000','2021-01-13 07:20:05.711505'),(6517,_binary '','2021-01-12',16,4058,1,'2021-01-04 09:10:28.998000','2021-01-13 07:20:05.885050'),(6518,_binary '','2021-01-12',2,4058,1,'2021-01-04 09:10:29.005000','2021-01-13 07:20:05.366661'),(6519,_binary '','2021-01-12',5,4058,1,'2021-01-04 09:10:29.012000','2021-01-13 07:20:05.494882'),(6520,_binary '','2021-01-12',10,4058,1,'2021-01-04 09:10:29.018000','2021-01-13 07:20:05.795622'),(6521,_binary '','2021-01-12',7,4059,1,'2021-01-04 09:10:29.024000','2021-01-13 07:20:13.325171'),(6522,_binary '','2021-01-12',8,4059,1,'2021-01-04 09:10:29.030000','2021-01-13 07:20:13.491311'),(6523,_binary '','2021-01-12',16,4059,1,'2021-01-04 09:10:29.035000','2021-01-13 07:20:13.728382'),(6524,_binary '','2021-01-12',2,4059,1,'2021-01-04 09:10:29.041000','2021-01-13 07:20:13.115562'),(6525,_binary '','2021-01-12',5,4059,1,'2021-01-04 09:10:29.047000','2021-01-13 07:20:13.224302'),(6526,_binary '','2021-01-12',10,4059,1,'2021-01-04 09:10:29.053000','2021-01-13 07:20:13.639110'),(6527,_binary '','2021-01-16',7,4064,1,'2021-01-04 09:10:29.059000','2021-01-18 08:53:37.023326'),(6528,_binary '','2021-01-16',1,4064,1,'2021-01-04 09:10:29.067000','2021-01-18 08:53:36.921852'),(6529,_binary '','2021-01-16',7,4065,1,'2021-01-04 09:10:29.074000','2021-01-18 08:53:42.621834'),(6530,_binary '','2021-01-16',1,4065,1,'2021-01-04 09:10:29.079000','2021-01-18 08:53:42.516934'),(6531,_binary '','2021-01-16',7,4066,1,'2021-01-04 09:10:29.085000','2021-01-18 08:53:47.975313'),(6532,_binary '','2021-01-16',1,4066,1,'2021-01-04 09:10:29.091000','2021-01-18 08:53:47.869917'),(6533,_binary '','2021-01-16',7,4067,1,'2021-01-04 09:10:29.097000','2021-01-18 08:53:55.668821'),(6534,_binary '','2021-01-16',1,4067,1,'2021-01-04 09:10:29.102000','2021-01-18 08:53:55.554691'),(6535,_binary '','2021-01-10',7,4082,3,'2021-01-04 09:10:29.108000','2021-01-11 05:44:45.659733'),(6536,_binary '','2021-01-10',8,4082,3,'2021-01-04 09:10:29.114000','2021-01-11 05:44:46.061205'),(6537,_binary '','2021-01-10',16,4082,3,'2021-01-04 09:10:29.120000','2021-01-11 05:44:46.635699'),(6538,_binary '','2021-01-10',2,4082,3,'2021-01-04 09:10:29.126000','2021-01-11 05:44:45.166526'),(6539,_binary '','2021-01-10',5,4082,3,'2021-01-04 09:10:29.134000','2021-01-11 05:44:45.431729'),(6540,_binary '','2021-01-10',10,4082,3,'2021-01-04 09:10:29.140000','2021-01-11 05:44:46.340159'),(6541,_binary '','2021-01-10',7,4083,3,'2021-01-04 09:10:29.146000','2021-01-11 05:44:54.522214'),(6542,_binary '','2021-01-10',8,4083,3,'2021-01-04 09:10:29.152000','2021-01-11 05:44:54.689019'),(6543,_binary '','2021-01-10',16,4083,3,'2021-01-04 09:10:29.157000','2021-01-11 05:44:55.106763'),(6544,_binary '','2021-01-10',2,4083,3,'2021-01-04 09:10:29.162000','2021-01-11 05:44:54.102896'),(6545,_binary '','2021-01-10',5,4083,3,'2021-01-04 09:10:29.168000','2021-01-11 05:44:54.317361'),(6546,_binary '','2021-01-10',10,4083,3,'2021-01-04 09:10:29.173000','2021-01-11 05:44:54.837186'),(6547,_binary '','2021-01-10',7,4084,3,'2021-01-04 09:10:29.179000','2021-01-11 05:45:05.669463'),(6548,_binary '','2021-01-10',8,4084,3,'2021-01-04 09:10:29.185000','2021-01-11 05:45:05.875244'),(6549,_binary '','2021-01-10',16,4084,3,'2021-01-04 09:10:29.192000','2021-01-11 05:45:06.091040'),(6550,_binary '','2021-01-10',2,4084,3,'2021-01-04 09:10:29.200000','2021-01-11 05:45:04.957290'),(6551,_binary '','2021-01-10',5,4084,3,'2021-01-04 09:10:29.207000','2021-01-11 05:45:05.546936'),(6552,_binary '','2021-01-10',10,4084,3,'2021-01-04 09:10:29.214000','2021-01-11 05:45:06.009301'),(6553,_binary '','2021-01-06',1,4142,3,'2021-01-04 09:10:29.220000','2021-01-08 08:40:59.671709'),(6554,_binary '','2021-01-06',2,4142,3,'2021-01-04 09:10:29.227000','2021-01-08 08:40:59.769992'),(6555,_binary '','2021-01-06',3,4142,3,'2021-01-04 09:10:29.233000','2021-01-08 08:40:59.877657'),(6556,_binary '','2021-01-06',4,4142,3,'2021-01-04 09:10:29.239000','2021-01-08 08:40:59.991054'),(6557,_binary '','2021-01-06',1,4143,3,'2021-01-04 09:10:29.244000','2021-01-08 08:41:10.972044'),(6558,_binary '','2021-01-06',2,4143,3,'2021-01-04 09:10:29.249000','2021-01-08 08:41:11.064606'),(6559,_binary '','2021-01-06',3,4143,3,'2021-01-04 09:10:29.256000','2021-01-08 08:41:11.164739'),(6560,_binary '','2021-01-06',4,4143,3,'2021-01-04 09:10:29.261000','2021-01-08 08:41:11.280405'),(6561,_binary '','2021-01-06',1,4144,3,'2021-01-04 09:10:29.268000','2021-01-08 08:41:21.575054'),(6562,_binary '','2021-01-06',2,4144,3,'2021-01-04 09:10:29.273000','2021-01-08 08:41:21.769964'),(6563,_binary '','2021-01-06',3,4144,3,'2021-01-04 09:10:29.279000','2021-01-08 08:41:21.878153'),(6564,_binary '','2021-01-06',4,4144,3,'2021-01-04 09:10:29.284000','2021-01-08 08:41:21.988802'),(6565,_binary '','2021-01-06',1,4145,3,'2021-01-04 09:10:29.289000','2021-01-08 08:41:56.525432'),(6566,_binary '','2021-01-06',2,4145,3,'2021-01-04 09:10:29.295000','2021-01-08 08:41:56.600671'),(6567,_binary '','2021-01-06',3,4145,3,'2021-01-04 09:10:29.300000','2021-01-08 08:41:56.830136'),(6568,_binary '','2021-01-06',4,4145,3,'2021-01-04 09:10:29.305000','2021-01-08 08:41:56.937650'),(6569,_binary '','2021-01-17',1,4577,4,'2021-01-04 09:10:29.310000','2021-01-18 08:57:13.696292'),(6570,_binary '','2021-01-17',2,4577,4,'2021-01-04 09:10:29.315000','2021-01-18 08:57:13.800262'),(6571,_binary '','2021-01-17',3,4577,4,'2021-01-04 09:10:29.322000','2021-01-18 08:57:13.897097'),(6572,_binary '','2021-01-17',4,4577,4,'2021-01-04 09:10:29.330000','2021-01-18 08:57:13.984270'),(6573,_binary '','2021-01-17',1,4578,4,'2021-01-04 09:10:29.336000','2021-01-18 08:57:20.943738'),(6574,_binary '','2021-01-17',2,4578,4,'2021-01-04 09:10:29.343000','2021-01-18 08:57:21.026024'),(6575,_binary '','2021-01-17',3,4578,4,'2021-01-04 09:10:29.348000','2021-01-18 08:57:21.133027'),(6576,_binary '','2021-01-17',4,4578,4,'2021-01-04 09:10:29.354000','2021-01-18 08:57:21.250881'),(6577,_binary '','2021-01-17',1,4579,4,'2021-01-04 09:10:29.360000','2021-01-18 08:57:26.564396'),(6578,_binary '','2021-01-17',2,4579,4,'2021-01-04 09:10:29.365000','2021-01-18 08:57:26.639137'),(6579,_binary '','2021-01-17',3,4579,4,'2021-01-04 09:10:29.370000','2021-01-18 08:57:26.898803'),(6580,_binary '','2021-01-17',4,4579,4,'2021-01-04 09:10:29.376000','2021-01-18 08:57:26.996107'),(6581,_binary '','2021-01-17',1,4580,4,'2021-01-04 09:10:29.381000','2021-01-18 08:57:32.517313'),(6582,_binary '','2021-01-17',2,4580,4,'2021-01-04 09:10:29.386000','2021-01-18 08:57:32.593912'),(6583,_binary '','2021-01-17',3,4580,4,'2021-01-04 09:10:29.391000','2021-01-18 08:57:32.671899'),(6584,_binary '','2021-01-17',4,4580,4,'2021-01-04 09:10:29.396000','2021-01-18 08:57:32.766759'),(6647,_binary '','2021-01-03',7,4755,1,'2021-01-04 09:10:29.751000','2021-01-05 07:26:49.118896'),(6648,_binary '','2021-01-03',13,4755,1,'2021-01-04 09:10:29.757000','2021-01-05 07:26:49.210458'),(6649,_binary '','2021-01-03',1,4755,1,'2021-01-04 09:10:29.762000','2021-01-05 07:26:49.018857'),(6651,_binary '','2021-01-03',7,4756,1,'2021-01-04 09:10:29.773000','2021-01-05 07:27:34.696064'),(6652,_binary '','2021-01-03',13,4756,1,'2021-01-04 09:10:29.778000','2021-01-05 07:27:34.782322'),(6653,_binary '','2021-01-03',1,4756,1,'2021-01-04 09:10:29.785000','2021-01-05 07:27:34.484195'),(6655,_binary '','2021-01-02',7,4757,2,'2021-01-04 09:10:29.797000','2021-01-05 07:24:31.363326'),(6656,_binary '','2021-01-02',13,4757,2,'2021-01-04 09:10:29.802000','2021-01-05 07:24:31.462077'),(6657,_binary '','2021-01-02',1,4757,2,'2021-01-04 09:10:29.807000','2021-01-05 07:24:31.248136'),(6659,_binary '','2021-01-02',7,4758,2,'2021-01-04 09:10:29.817000','2021-01-05 07:25:56.670984'),(6660,_binary '','2021-01-02',13,4758,2,'2021-01-04 09:10:29.822000','2021-01-05 07:25:56.778270'),(6661,_binary '','2021-01-02',1,4758,2,'2021-01-04 09:10:29.827000','2021-01-05 07:25:56.483301'),(6663,_binary '','2021-01-07',15,4848,2,'2021-01-04 09:10:29.839000','2021-01-08 08:43:42.942477'),(6664,_binary '','2021-01-07',7,4848,2,'2021-01-04 09:10:29.846000','2021-01-08 08:43:42.734916'),(6665,_binary '','2021-01-07',8,4848,2,'2021-01-04 09:10:29.854000','2021-01-08 08:43:42.831957'),(6666,_binary '','2021-01-07',15,4849,2,'2021-01-04 09:10:29.861000','2021-01-08 08:43:50.828523'),(6667,_binary '','2021-01-07',7,4849,2,'2021-01-04 09:10:29.866000','2021-01-08 08:43:50.518979'),(6668,_binary '','2021-01-07',8,4849,2,'2021-01-04 09:10:29.872000','2021-01-08 08:43:50.625161'),(6669,_binary '','2021-01-07',15,4850,2,'2021-01-04 09:10:29.878000','2021-01-08 08:43:57.374970'),(6670,_binary '','2021-01-07',7,4850,2,'2021-01-04 09:10:29.884000','2021-01-08 08:43:57.172924'),(6671,_binary '','2021-01-07',8,4850,2,'2021-01-04 09:10:29.889000','2021-01-08 08:43:57.264190'),(6672,_binary '','2021-01-07',15,4851,2,'2021-01-04 09:10:29.894000','2021-01-08 08:44:05.616727'),(6673,_binary '','2021-01-07',7,4851,2,'2021-01-04 09:10:29.900000','2021-01-08 08:44:05.407353'),(6674,_binary '','2021-01-07',8,4851,2,'2021-01-04 09:10:29.905000','2021-01-08 08:44:05.510922'),(6675,_binary '','2021-01-10',9,5099,2,'2021-01-04 09:10:29.910000','2021-01-11 05:44:18.855780'),(6676,_binary '','2021-01-10',2,5099,2,'2021-01-04 09:10:29.916000','2021-01-11 05:44:18.726224'),(6677,_binary '','2021-01-10',10,5099,2,'2021-01-04 09:10:29.921000','2021-01-11 05:44:19.001704'),(6678,_binary '','2021-01-04',9,5100,4,'2021-01-04 09:10:29.926000','2021-01-05 07:35:36.359582'),(6679,_binary '','2021-01-04',2,5100,4,'2021-01-04 09:10:29.930000','2021-01-05 07:35:36.247055'),(6680,_binary '','2021-01-04',10,5100,4,'2021-01-04 09:10:29.936000','2021-01-05 07:35:36.483736'),(6681,_binary '','2021-01-04',9,5101,4,'2021-01-04 09:10:29.941000','2021-01-05 07:35:43.673443'),(6682,_binary '','2021-01-04',2,5101,4,'2021-01-04 09:10:29.946000','2021-01-05 07:35:43.553689'),(6683,_binary '','2021-01-04',10,5101,4,'2021-01-04 09:10:29.951000','2021-01-05 07:35:43.771528'),(6684,_binary '','2021-01-08',7,5114058,4,'2021-01-04 09:10:29.956000','2021-01-11 05:30:23.568365'),(6685,_binary '','2021-01-08',13,5114058,4,'2021-01-04 09:10:29.961000','2021-01-11 05:30:23.825448'),(6686,_binary '','2021-01-08',1,5114058,4,'2021-01-04 09:10:29.966000','2021-01-11 05:30:23.329112'),(6687,_binary '','2021-01-08',6,5114058,4,'2021-01-04 09:10:29.971000','2021-01-11 05:30:23.480314'),(6688,_binary '','2021-01-08',7,5114059,4,'2021-01-04 09:10:29.976000','2021-01-11 05:30:35.857829'),(6689,_binary '','2021-01-08',13,5114059,4,'2021-01-04 09:10:29.984000','2021-01-11 05:30:35.953464'),(6690,_binary '','2021-01-08',1,5114059,4,'2021-01-04 09:10:29.990000','2021-01-11 05:30:35.596395'),(6691,_binary '','2021-01-08',6,5114059,4,'2021-01-04 09:10:29.997000','2021-01-11 05:30:35.720567'),(6692,_binary '','2021-01-17',7,5114060,3,'2021-01-04 09:10:30.002000','2021-01-18 08:54:32.952712'),(6693,_binary '','2021-01-17',13,5114060,3,'2021-01-04 09:10:30.008000','2021-01-18 08:54:33.037281'),(6694,_binary '','2021-01-17',1,5114060,3,'2021-01-04 09:10:30.013000','2021-01-18 08:54:32.723496'),(6695,_binary '','2021-01-17',6,5114060,3,'2021-01-04 09:10:30.020000','2021-01-18 08:54:32.837540'),(6696,_binary '','2021-01-17',7,5114061,3,'2021-01-04 09:10:30.025000','2021-01-18 08:54:41.793697'),(6697,_binary '','2021-01-17',13,5114061,3,'2021-01-04 09:10:30.031000','2021-01-18 08:54:41.947218'),(6698,_binary '','2021-01-17',1,5114061,3,'2021-01-04 09:10:30.037000','2021-01-18 08:54:41.555846'),(6699,_binary '','2021-01-17',6,5114061,3,'2021-01-04 09:10:30.043000','2021-01-18 08:54:41.647568'),(6700,_binary '','2021-01-05',3,4736,4,'2021-01-04 09:17:38.149000','2021-01-06 08:46:12.686095'),(6701,_binary '','2021-01-05',4,4736,4,'2021-01-04 09:17:38.155000','2021-01-06 08:46:12.906992'),(6702,_binary '','2021-01-05',13,4736,4,'2021-01-04 09:17:38.161000','2021-01-06 08:46:13.179158'),(6703,_binary '','2021-01-05',1,4736,4,'2021-01-04 09:27:33.508000','2021-01-06 08:46:12.569510'),(6704,_binary '','2021-01-05',7,4736,4,'2021-01-04 09:27:33.536000','2021-01-06 08:46:13.045122'),(6705,_binary '','2021-01-05',14,4736,4,'2021-01-04 09:27:33.546000','2021-01-06 08:46:13.331056'),(6706,_binary '','2021-01-05',1,4737,4,'2021-01-04 09:28:02.392000','2021-01-06 08:46:18.638463'),(6707,_binary '','2021-01-05',3,4737,4,'2021-01-04 09:28:02.404000','2021-01-06 08:46:18.784973'),(6708,_binary '','2021-01-05',4,4737,4,'2021-01-04 09:28:02.413000','2021-01-06 08:46:18.954858'),(6709,_binary '','2021-01-05',7,4737,4,'2021-01-04 09:28:02.423000','2021-01-06 08:46:19.059808'),(6710,_binary '','2021-01-05',13,4737,4,'2021-01-04 09:28:02.432000','2021-01-06 08:46:19.188935'),(6711,_binary '','2021-01-05',14,4737,4,'2021-01-04 09:28:02.443000','2021-01-06 08:46:19.300376'),(6712,_binary '','2021-01-05',1,4738,4,'2021-01-04 09:28:40.040000','2021-01-06 08:46:24.784304'),(6713,_binary '','2021-01-05',3,4738,4,'2021-01-04 09:28:40.049000','2021-01-06 08:46:24.966789'),(6714,_binary '','2021-01-05',4,4738,4,'2021-01-04 09:28:40.058000','2021-01-06 08:46:25.091745'),(6715,_binary '','2021-01-05',7,4738,4,'2021-01-04 09:28:40.067000','2021-01-06 08:46:25.200590'),(6716,_binary '','2021-01-05',13,4738,4,'2021-01-04 09:28:40.077000','2021-01-06 08:46:25.285738'),(6717,_binary '','2021-01-05',14,4738,4,'2021-01-04 09:28:40.086000','2021-01-06 08:46:25.392874'),(6718,_binary '','2021-01-23',1,4739,2,'2021-01-04 09:29:55.362000','2021-01-25 08:15:46.854374'),(6719,_binary '','2021-01-23',3,4739,2,'2021-01-04 09:29:55.374000','2021-01-25 08:15:46.959934'),(6720,_binary '','2021-01-23',4,4739,2,'2021-01-04 09:29:55.382000','2021-01-25 08:15:47.118804'),(6721,_binary '','2021-01-23',7,4739,2,'2021-01-04 09:29:55.391000','2021-01-25 08:15:47.252165'),(6722,_binary '','2021-01-23',13,4739,2,'2021-01-04 09:29:55.398000','2021-01-25 08:15:47.753009'),(6723,_binary '','2021-01-23',14,4739,2,'2021-01-04 09:29:55.405000','2021-01-25 08:15:47.878713'),(6724,_binary '','2021-01-23',1,4740,2,'2021-01-04 09:30:08.950000','2021-01-25 08:15:54.830167'),(6725,_binary '','2021-01-23',3,4740,2,'2021-01-04 09:30:08.958000','2021-01-25 08:15:54.967693'),(6726,_binary '','2021-01-23',4,4740,2,'2021-01-04 09:30:08.969000','2021-01-25 08:15:55.107344'),(6727,_binary '','2021-01-23',7,4740,2,'2021-01-04 09:30:08.978000','2021-01-25 08:15:55.215761'),(6728,_binary '','2021-01-23',13,4740,2,'2021-01-04 09:30:08.985000','2021-01-25 08:15:55.696716'),(6729,_binary '','2021-01-23',14,4740,2,'2021-01-04 09:30:08.992000','2021-01-25 08:15:55.803121'),(6730,_binary '','2021-01-23',1,4741,2,'2021-01-04 09:30:21.996000','2021-01-25 08:16:01.079501'),(6731,_binary '','2021-01-23',3,4741,2,'2021-01-04 09:30:22.003000','2021-01-25 08:16:01.178330'),(6732,_binary '','2021-01-23',4,4741,2,'2021-01-04 09:30:22.011000','2021-01-25 08:16:01.375730'),(6733,_binary '','2021-01-23',7,4741,2,'2021-01-04 09:30:22.020000','2021-01-25 08:16:01.737606'),(6734,_binary '','2021-01-23',13,4741,2,'2021-01-04 09:30:22.032000','2021-01-25 08:16:01.829437'),(6735,_binary '','2021-01-23',14,4741,2,'2021-01-04 09:30:22.041000','2021-01-25 08:16:01.921462'),(6736,_binary '','2021-01-13',1,4742,3,'2021-01-04 09:31:50.731000','2021-01-14 06:27:33.099349'),(6737,_binary '','2021-01-13',3,4742,3,'2021-01-04 09:31:50.738000','2021-01-14 06:27:33.244733'),(6738,_binary '','2021-01-13',4,4742,3,'2021-01-04 09:31:50.745000','2021-01-14 06:27:33.361496'),(6739,_binary '','2021-01-13',7,4742,3,'2021-01-04 09:31:50.751000','2021-01-14 06:27:33.483950'),(6740,_binary '','2021-01-13',13,4742,3,'2021-01-04 09:31:50.758000','2021-01-14 06:27:33.596938'),(6741,_binary '','2021-01-13',14,4742,3,'2021-01-04 09:31:50.765000','2021-01-14 06:27:33.720859'),(6742,_binary '','2021-01-13',1,4743,3,'2021-01-04 09:32:08.710000','2021-01-14 06:27:45.358796'),(6743,_binary '','2021-01-13',3,4743,3,'2021-01-04 09:32:08.717000','2021-01-14 06:27:45.466363'),(6744,_binary '','2021-01-13',4,4743,3,'2021-01-04 09:32:08.723000','2021-01-14 06:27:45.562385'),(6745,_binary '','2021-01-13',7,4743,3,'2021-01-04 09:32:08.731000','2021-01-14 06:27:45.635726'),(6746,_binary '','2021-01-13',13,4743,3,'2021-01-04 09:32:08.737000','2021-01-14 06:27:45.743582'),(6747,_binary '','2021-01-13',14,4743,3,'2021-01-04 09:32:08.744000','2021-01-14 06:27:45.860639'),(6748,_binary '','2021-01-22',1,4744,2,'2021-01-04 09:32:44.004000','2021-01-25 08:12:18.356889'),(6749,_binary '','2021-01-22',3,4744,2,'2021-01-04 09:32:44.011000','2021-01-25 08:12:18.497514'),(6750,_binary '','2021-01-22',4,4744,2,'2021-01-04 09:32:44.017000','2021-01-25 08:12:18.665626'),(6751,_binary '','2021-01-22',7,4744,2,'2021-01-04 09:32:44.023000','2021-01-25 08:12:18.795194'),(6752,_binary '','2021-01-22',13,4744,2,'2021-01-04 09:32:44.030000','2021-01-25 08:12:18.961100'),(6753,_binary '','2021-01-22',14,4744,2,'2021-01-04 09:32:44.040000','2021-01-25 08:12:19.095364'),(6754,_binary '','2021-01-22',1,4745,2,'2021-01-04 09:33:01.945000','2021-01-25 08:12:27.531223'),(6755,_binary '','2021-01-22',3,4745,2,'2021-01-04 09:33:01.952000','2021-01-25 08:12:27.661445'),(6756,_binary '','2021-01-22',4,4745,2,'2021-01-04 09:33:01.958000','2021-01-25 08:12:27.784750'),(6757,_binary '','2021-01-22',7,4745,2,'2021-01-04 09:33:01.965000','2021-01-25 08:12:27.912889'),(6758,_binary '','2021-01-22',13,4745,2,'2021-01-04 09:33:01.972000','2021-01-25 08:12:28.088144'),(6759,_binary '','2021-01-22',14,4745,2,'2021-01-04 09:33:01.978000','2021-01-25 08:12:28.262998'),(6760,_binary '','2021-01-11',1,4748,1,'2021-01-04 09:33:35.611000','2021-01-12 05:35:27.679796'),(6761,_binary '','2021-01-11',3,4748,1,'2021-01-04 09:33:35.617000','2021-01-12 05:35:27.821645'),(6762,_binary '','2021-01-11',4,4748,1,'2021-01-04 09:33:35.622000','2021-01-12 05:35:27.913141'),(6763,_binary '','2021-01-11',7,4748,1,'2021-01-04 09:33:35.628000','2021-01-12 05:35:28.024396'),(6764,_binary '','2021-01-11',13,4748,1,'2021-01-04 09:33:35.634000','2021-01-12 05:35:28.136997'),(6765,_binary '','2021-01-11',14,4748,1,'2021-01-04 09:33:35.641000','2021-01-12 05:35:28.251184'),(6766,_binary '','2021-01-11',1,4749,1,'2021-01-04 09:33:55.077000','2021-01-12 05:35:38.805790'),(6767,_binary '','2021-01-11',3,4749,1,'2021-01-04 09:33:55.084000','2021-01-12 05:35:38.956320'),(6768,_binary '','2021-01-11',4,4749,1,'2021-01-04 09:33:55.090000','2021-01-12 05:35:39.039411'),(6769,_binary '','2021-01-11',7,4749,1,'2021-01-04 09:33:55.097000','2021-01-12 05:35:39.123505'),(6770,_binary '','2021-01-11',13,4749,1,'2021-01-04 09:33:55.103000','2021-01-12 05:35:39.227450'),(6771,_binary '','2021-01-11',14,4749,1,'2021-01-04 09:33:55.110000','2021-01-12 05:35:39.325157'),(6772,_binary '','2021-01-20',1,4750,4,'2021-01-04 09:34:37.152000','2021-01-21 05:28:55.701618'),(6773,_binary '','2021-01-20',3,4750,4,'2021-01-04 09:34:37.159000','2021-01-21 05:28:55.915053'),(6774,_binary '','2021-01-20',4,4750,4,'2021-01-04 09:34:37.165000','2021-01-21 05:28:56.107649'),(6775,_binary '','2021-01-20',7,4750,4,'2021-01-04 09:34:37.171000','2021-01-21 05:28:56.264961'),(6776,_binary '','2021-01-20',13,4750,4,'2021-01-04 09:34:37.178000','2021-01-21 05:28:56.388868'),(6777,_binary '','2021-01-20',14,4750,4,'2021-01-04 09:34:37.194000','2021-01-21 05:28:56.493062'),(6778,_binary '','2021-01-20',1,4751,4,'2021-01-04 09:35:01.924000','2021-01-21 05:29:04.515320'),(6779,_binary '','2021-01-20',3,4751,4,'2021-01-04 09:35:01.930000','2021-01-21 05:29:04.603741'),(6780,_binary '','2021-01-20',4,4751,4,'2021-01-04 09:35:01.936000','2021-01-21 05:29:04.694698'),(6781,_binary '','2021-01-20',7,4751,4,'2021-01-04 09:35:01.943000','2021-01-21 05:29:04.926530'),(6782,_binary '','2021-01-20',13,4751,4,'2021-01-04 09:35:01.949000','2021-01-21 05:29:05.032084'),(6783,_binary '','2021-01-20',14,4751,4,'2021-01-04 09:35:01.956000','2021-01-21 05:29:05.123849'),(6784,_binary '','2021-01-20',1,4752,4,'2021-01-04 09:35:18.041000','2021-01-21 05:29:11.609234'),(6785,_binary '','2021-01-20',3,4752,4,'2021-01-04 09:35:18.047000','2021-01-21 05:29:11.746307'),(6786,_binary '','2021-01-20',4,4752,4,'2021-01-04 09:35:18.054000','2021-01-21 05:29:11.869340'),(6787,_binary '','2021-01-20',7,4752,4,'2021-01-04 09:35:18.060000','2021-01-21 05:29:11.985292'),(6788,_binary '','2021-01-20',13,4752,4,'2021-01-04 09:35:18.066000','2021-01-21 05:29:12.073523'),(6789,_binary '','2021-01-20',14,4752,4,'2021-01-04 09:35:18.072000','2021-01-21 05:29:12.160799'),(6790,_binary '','2021-01-19',1,4753,1,'2021-01-04 09:35:41.028000','2021-01-20 05:35:13.524826'),(6791,_binary '','2021-01-19',3,4753,1,'2021-01-04 09:35:41.034000','2021-01-20 05:35:13.666336'),(6792,_binary '','2021-01-19',4,4753,1,'2021-01-04 09:35:41.039000','2021-01-20 05:35:13.784192'),(6793,_binary '','2021-01-19',7,4753,1,'2021-01-04 09:35:41.045000','2021-01-20 05:35:13.882337'),(6794,_binary '','2021-01-19',13,4753,1,'2021-01-04 09:35:41.051000','2021-01-20 05:35:13.969338'),(6795,_binary '','2021-01-19',14,4753,1,'2021-01-04 09:35:41.057000','2021-01-20 05:35:14.087572'),(6796,_binary '','2021-01-19',1,4754,1,'2021-01-04 09:36:00.044000','2021-01-20 05:35:19.504602'),(6797,_binary '','2021-01-19',3,4754,1,'2021-01-04 09:36:00.050000','2021-01-20 05:35:19.611326'),(6798,_binary '','2021-01-19',4,4754,1,'2021-01-04 09:36:00.057000','2021-01-20 05:35:19.698360'),(6799,_binary '','2021-01-19',7,4754,1,'2021-01-04 09:36:00.063000','2021-01-20 05:35:19.793537'),(6800,_binary '','2021-01-19',13,4754,1,'2021-01-04 09:36:00.070000','2021-01-20 05:35:19.898135'),(6801,_binary '','2021-01-19',14,4754,1,'2021-01-04 09:36:00.080000','2021-01-20 05:35:20.029659'),(6814,_binary '','2021-01-12',5,1522,4,'2021-01-04 09:39:27.524000','2021-01-13 07:19:13.562370'),(6815,_binary '','2021-01-12',8,1522,4,'2021-01-04 09:39:27.530000','2021-01-13 07:19:13.715789'),(6816,_binary '','2021-01-12',16,1522,4,'2021-01-04 09:39:27.537000','2021-01-13 07:19:13.858716'),(6817,_binary '','2021-01-12',5,1523,4,'2021-01-04 09:39:35.892000','2021-01-13 07:19:21.051721'),(6818,_binary '','2021-01-12',8,1523,4,'2021-01-04 09:39:35.898000','2021-01-13 07:19:21.156984'),(6819,_binary '','2021-01-12',16,1523,4,'2021-01-04 09:39:35.905000','2021-01-13 07:19:21.245413'),(6820,_binary '','2021-01-02',6,4757,2,'2021-01-05 07:25:12.334878','2021-01-05 07:25:22.182632'),(6821,_binary '','2021-01-02',6,4758,2,'2021-01-05 07:25:30.943278','2021-01-05 07:25:56.583426'),(6822,_binary '','2021-01-03',6,4755,1,'2021-01-05 07:26:52.414728','2021-01-05 07:26:55.024621'),(6823,_binary '','2021-01-03',6,4756,1,'2021-01-05 07:27:19.984911','2021-01-05 07:27:34.584473'),(6871,_binary '','2021-01-19',1,4033,2,'2021-01-20 05:36:36.475278','2021-01-20 05:36:43.769712'),(6872,_binary '','2021-01-19',7,4033,2,'2021-01-20 05:36:36.669154','2021-01-20 05:36:43.887033'),(7014,_binary '','2021-02-17',7,7,4,'2021-02-03 10:14:28.606000','2021-02-18 05:31:07.418000'),(7015,_binary '','2021-02-17',1,7,4,'2021-02-03 10:14:28.641000','2021-02-18 05:31:07.078000'),(7016,_binary '','2021-02-17',6,7,4,'2021-02-03 10:14:28.655000','2021-02-18 05:31:07.241000'),(7017,_binary '','2021-02-17',7,8,4,'2021-02-03 10:14:28.668000','2021-02-18 05:31:22.112000'),(7018,_binary '','2021-02-17',1,8,4,'2021-02-03 10:14:28.681000','2021-02-18 05:31:21.754000'),(7019,_binary '','2021-02-17',6,8,4,'2021-02-03 10:14:28.697000','2021-02-18 05:31:21.892000'),(7020,_binary '','2021-02-18',7,9,3,'2021-02-03 10:14:28.711000','2021-02-19 08:49:04.069134'),(7021,_binary '','2021-02-18',1,9,3,'2021-02-03 10:14:28.724000','2021-02-19 08:49:03.562780'),(7022,_binary '','2021-02-18',6,9,3,'2021-02-03 10:14:28.737000','2021-02-19 08:49:03.923954'),(7023,_binary '','2021-02-18',7,10,3,'2021-02-03 10:14:28.748000','2021-02-19 08:49:11.012235'),(7024,_binary '','2021-02-18',1,10,3,'2021-02-03 10:14:28.760000','2021-02-19 08:49:10.765289'),(7025,_binary '','2021-02-18',6,10,3,'2021-02-03 10:14:28.772000','2021-02-19 08:49:10.923841'),(7026,_binary '','2021-02-11',9,284,3,'2021-02-03 10:14:28.783000','2021-02-12 05:59:03.750268'),(7027,_binary '','2021-02-11',16,284,3,'2021-02-03 10:14:28.795000','2021-02-12 05:59:04.108231'),(7028,_binary '','2021-02-11',5,284,3,'2021-02-03 10:14:28.805000','2021-02-12 05:59:03.528021'),(7029,_binary '','2021-02-11',10,284,3,'2021-02-03 10:14:28.816000','2021-02-12 05:59:03.958922'),(7030,_binary '','2021-02-11',9,285,3,'2021-02-03 10:14:28.827000','2021-02-12 05:59:10.359135'),(7031,_binary '','2021-02-11',16,285,3,'2021-02-03 10:14:28.837000','2021-02-12 05:59:10.688978'),(7032,_binary '','2021-02-11',5,285,3,'2021-02-03 10:14:28.848000','2021-02-12 05:59:10.245530'),(7033,_binary '','2021-02-11',10,285,3,'2021-02-03 10:14:28.860000','2021-02-12 05:59:10.495544'),(7034,_binary '','2021-02-11',9,286,3,'2021-02-03 10:14:28.872000','2021-02-12 05:59:16.440865'),(7035,_binary '','2021-02-11',16,286,3,'2021-02-03 10:14:28.883000','2021-02-12 05:59:17.009899'),(7036,_binary '','2021-02-11',5,286,3,'2021-02-03 10:14:28.895000','2021-02-12 05:59:16.283362'),(7037,_binary '','2021-02-11',10,286,3,'2021-02-03 10:14:28.905000','2021-02-12 05:59:16.588512'),(7038,_binary '','2021-02-12',9,322,2,'2021-02-03 10:14:28.916000','2021-02-15 09:39:28.543000'),(7039,_binary '','2021-02-12',16,322,2,'2021-02-03 10:14:28.927000','2021-02-15 09:39:28.808000'),(7040,_binary '','2021-02-12',5,322,2,'2021-02-03 10:14:28.938000','2021-02-15 09:39:28.407000'),(7041,_binary '','2021-02-12',10,322,2,'2021-02-03 10:14:28.948000','2021-02-15 09:39:28.669000'),(7042,_binary '','2021-02-12',9,323,2,'2021-02-03 10:14:28.957000','2021-02-15 09:39:37.342000'),(7043,_binary '','2021-02-12',16,323,2,'2021-02-03 10:14:28.965000','2021-02-15 09:39:37.629000'),(7044,_binary '','2021-02-12',5,323,2,'2021-02-03 10:14:28.975000','2021-02-15 09:39:37.206000'),(7045,_binary '','2021-02-12',10,323,2,'2021-02-03 10:14:28.987000','2021-02-15 09:39:37.482000'),(7046,_binary '','2021-02-12',9,324,2,'2021-02-03 10:14:28.998000','2021-02-15 09:39:43.849000'),(7047,_binary '','2021-02-12',16,324,2,'2021-02-03 10:14:29.010000','2021-02-15 09:39:44.155000'),(7048,_binary '','2021-02-12',5,324,2,'2021-02-03 10:14:29.021000','2021-02-15 09:39:43.731000'),(7049,_binary '','2021-02-12',10,324,2,'2021-02-03 10:14:29.032000','2021-02-15 09:39:43.988000'),(7050,_binary '','2021-02-01',9,352,1,'2021-02-03 10:14:29.044000','2021-02-03 10:33:14.573000'),(7051,_binary '','2021-02-01',16,352,1,'2021-02-03 10:14:29.054000','2021-02-03 10:33:14.902000'),(7052,_binary '','2021-02-01',5,352,1,'2021-02-03 10:14:29.065000','2021-02-03 10:33:14.442000'),(7053,_binary '','2021-02-01',10,352,1,'2021-02-03 10:14:29.075000','2021-02-03 10:33:14.735000'),(7054,_binary '','2021-02-01',9,353,1,'2021-02-03 10:14:29.096000','2021-02-03 10:33:22.652000'),(7055,_binary '','2021-02-01',16,353,1,'2021-02-03 10:14:29.109000','2021-02-03 10:33:22.963000'),(7056,_binary '','2021-02-01',5,353,1,'2021-02-03 10:14:29.123000','2021-02-03 10:33:22.546000'),(7057,_binary '','2021-02-01',10,353,1,'2021-02-03 10:14:29.135000','2021-02-03 10:33:22.804000'),(7058,_binary '','2021-02-05',9,480,1,'2021-02-03 10:14:29.146000','2021-02-08 07:35:55.234564'),(7059,_binary '','2021-02-05',16,480,1,'2021-02-03 10:14:29.164000','2021-02-08 07:35:55.517307'),(7060,_binary '','2021-02-05',5,480,1,'2021-02-03 10:14:29.186000','2021-02-08 07:35:55.113013'),(7061,_binary '','2021-02-05',10,480,1,'2021-02-03 10:14:29.209000','2021-02-08 07:35:55.348432'),(7062,_binary '','2021-02-05',9,481,1,'2021-02-03 10:14:29.229000','2021-02-08 07:36:01.750472'),(7063,_binary '','2021-02-05',16,481,1,'2021-02-03 10:14:29.241000','2021-02-08 07:36:02.087129'),(7064,_binary '','2021-02-05',5,481,1,'2021-02-03 10:14:29.253000','2021-02-08 07:36:01.625020'),(7065,_binary '','2021-02-05',10,481,1,'2021-02-03 10:14:29.265000','2021-02-08 07:36:01.894614'),(7066,_binary '','2021-02-05',9,482,1,'2021-02-03 10:14:29.277000','2021-02-08 07:36:07.545968'),(7067,_binary '','2021-02-05',16,482,1,'2021-02-03 10:14:29.287000','2021-02-08 07:36:07.904222'),(7068,_binary '','2021-02-05',5,482,1,'2021-02-03 10:14:29.297000','2021-02-08 07:36:07.352860'),(7069,_binary '','2021-02-05',10,482,1,'2021-02-03 10:14:29.307000','2021-02-08 07:36:07.740214'),(7070,_binary '','2021-02-09',1,501,1,'2021-02-03 10:14:29.317000','2021-02-10 08:47:18.849172'),(7071,_binary '','2021-02-09',2,501,1,'2021-02-03 10:14:29.328000','2021-02-10 08:47:19.058637'),(7072,_binary '','2021-02-09',3,501,1,'2021-02-03 10:14:29.337000','2021-02-10 08:47:19.280563'),(7073,_binary '','2021-02-09',4,501,1,'2021-02-03 10:14:29.347000','2021-02-10 08:47:19.446755'),(7074,_binary '','2021-02-09',1,502,1,'2021-02-03 10:14:29.356000','2021-02-10 08:47:29.783174'),(7075,_binary '','2021-02-09',2,502,1,'2021-02-03 10:14:29.366000','2021-02-10 08:47:29.920962'),(7076,_binary '','2021-02-09',3,502,1,'2021-02-03 10:14:29.375000','2021-02-10 08:47:30.069057'),(7077,_binary '','2021-02-09',4,502,1,'2021-02-03 10:14:29.385000','2021-02-10 08:47:30.239096'),(7078,_binary '','2021-02-09',1,503,1,'2021-02-03 10:14:29.395000','2021-02-10 08:47:36.053981'),(7079,_binary '','2021-02-09',2,503,1,'2021-02-03 10:14:29.403000','2021-02-10 08:47:36.182800'),(7080,_binary '','2021-02-09',3,503,1,'2021-02-03 10:14:29.413000','2021-02-10 08:47:36.329649'),(7081,_binary '','2021-02-09',4,503,1,'2021-02-03 10:14:29.422000','2021-02-10 08:47:36.529979'),(7082,_binary '','2021-02-01',7,1353,4,'2021-02-03 10:14:29.432000','2021-02-03 10:30:47.249000'),(7083,_binary '','2021-02-01',1,1353,4,'2021-02-03 10:14:29.441000','2021-02-03 10:30:46.956000'),(7084,_binary '','2021-02-01',6,1353,4,'2021-02-03 10:14:29.449000','2021-02-03 10:30:47.083000'),(7085,_binary '','2021-02-01',7,1361,4,'2021-02-03 10:14:29.457000','2021-02-03 10:30:57.026000'),(7086,_binary '','2021-02-01',1,1361,4,'2021-02-03 10:14:29.465000','2021-02-03 10:30:56.733000'),(7087,_binary '','2021-02-01',6,1361,4,'2021-02-03 10:14:29.475000','2021-02-03 10:30:56.889000'),(7088,_binary '','2021-02-06',7,1522,3,'2021-02-03 10:14:29.486000','2021-02-08 07:38:15.703215'),(7089,_binary '','2021-02-06',1,1522,3,'2021-02-03 10:14:29.497000','2021-02-08 07:38:15.425426'),(7090,_binary '','2021-02-06',6,1522,3,'2021-02-03 10:14:29.507000','2021-02-08 07:38:15.561295'),(7091,_binary '','2021-02-06',7,1523,3,'2021-02-03 10:14:29.516000','2021-02-08 07:38:22.424399'),(7092,_binary '','2021-02-06',1,1523,3,'2021-02-03 10:14:29.525000','2021-02-08 07:38:22.192721'),(7093,_binary '','2021-02-06',6,1523,3,'2021-02-03 10:14:29.534000','2021-02-08 07:38:22.304721'),(7094,_binary '','2021-02-10',9,3708,4,'2021-02-03 10:14:29.543000','2021-02-11 06:28:40.338000'),(7095,_binary '','2021-02-10',16,3708,4,'2021-02-03 10:14:29.552000','2021-02-11 06:28:40.621000'),(7096,_binary '','2021-02-10',5,3708,4,'2021-02-03 10:14:29.560000','2021-02-11 06:28:40.198000'),(7097,_binary '','2021-02-10',10,3708,4,'2021-02-03 10:14:29.569000','2021-02-11 06:28:40.492000'),(7098,_binary '','2021-02-10',9,3709,4,'2021-02-03 10:14:29.579000','2021-02-11 06:28:55.643000'),(7099,_binary '','2021-02-10',16,3709,4,'2021-02-03 10:14:29.588000','2021-02-11 06:28:55.935000'),(7100,_binary '','2021-02-10',5,3709,4,'2021-02-03 10:14:29.597000','2021-02-11 06:28:55.535000'),(7101,_binary '','2021-02-10',10,3709,4,'2021-02-03 10:14:29.605000','2021-02-11 06:28:55.777000'),(7102,_binary '','2021-02-10',9,3710,4,'2021-02-03 10:14:29.614000','2021-02-11 06:29:04.075000'),(7103,_binary '','2021-02-10',16,3710,4,'2021-02-03 10:14:29.623000','2021-02-11 06:29:04.446000'),(7104,_binary '','2021-02-10',5,3710,4,'2021-02-03 10:14:29.632000','2021-02-11 06:29:03.966000'),(7105,_binary '','2021-02-10',10,3710,4,'2021-02-03 10:14:29.639000','2021-02-11 06:29:04.269000'),(7106,_binary '','2021-02-20',9,3711,2,'2021-02-03 10:14:29.647000','2021-02-22 05:35:02.880657'),(7107,_binary '','2021-02-20',16,3711,2,'2021-02-03 10:14:29.655000','2021-02-22 05:35:03.142471'),(7108,_binary '','2021-02-20',5,3711,2,'2021-02-03 10:14:29.663000','2021-02-22 05:35:02.760360'),(7109,_binary '','2021-02-20',10,3711,2,'2021-02-03 10:14:29.671000','2021-02-22 05:35:02.982558'),(7110,_binary '','2021-02-20',9,3712,2,'2021-02-03 10:14:29.680000','2021-02-22 05:35:12.580025'),(7111,_binary '','2021-02-20',16,3712,2,'2021-02-03 10:14:29.687000','2021-02-22 05:35:12.853105'),(7112,_binary '','2021-02-20',5,3712,2,'2021-02-03 10:14:29.696000','2021-02-22 05:35:12.452777'),(7113,_binary '','2021-02-20',10,3712,2,'2021-02-03 10:14:29.703000','2021-02-22 05:35:12.719925'),(7114,_binary '','2021-02-20',9,3713,2,'2021-02-03 10:14:29.712000','2021-02-22 05:35:21.371368'),(7115,_binary '','2021-02-20',16,3713,2,'2021-02-03 10:14:29.722000','2021-02-22 05:35:21.803082'),(7116,_binary '','2021-02-20',5,3713,2,'2021-02-03 10:14:29.731000','2021-02-22 05:35:21.253548'),(7117,_binary '','2021-02-20',10,3713,2,'2021-02-03 10:14:29.739000','2021-02-22 05:35:21.487827'),(7118,_binary '','2021-02-07',7,4020,3,'2021-02-03 10:14:29.746000','2021-02-08 07:42:37.656669'),(7119,_binary '','2021-02-07',1,4020,3,'2021-02-03 10:14:29.752000','2021-02-08 07:42:37.553746'),(7120,_binary '','2021-02-07',7,4021,3,'2021-02-03 10:14:29.758000','2021-02-08 07:42:44.258215'),(7121,_binary '','2021-02-07',1,4021,3,'2021-02-03 10:14:29.763000','2021-02-08 07:42:44.161505'),(7122,_binary '','2021-02-07',7,4022,3,'2021-02-03 10:14:29.770000','2021-02-08 07:42:50.126330'),(7123,_binary '','2021-02-07',1,4022,3,'2021-02-03 10:14:29.777000','2021-02-08 07:42:50.001464'),(7124,_binary '','2021-02-07',7,4023,3,'2021-02-03 10:14:29.784000','2021-02-08 07:42:55.696375'),(7125,_binary '','2021-02-07',1,4023,3,'2021-02-03 10:14:29.790000','2021-02-08 07:42:55.585421'),(7126,_binary '','2021-02-04',7,4052,2,'2021-02-03 10:14:29.797000','2021-02-08 07:30:51.116749'),(7127,_binary '','2021-02-04',1,4052,2,'2021-02-03 10:14:29.805000','2021-02-08 07:30:51.018067'),(7128,_binary '','2021-02-04',7,4053,2,'2021-02-03 10:14:29.811000','2021-02-08 07:30:56.487114'),(7129,_binary '','2021-02-04',1,4053,2,'2021-02-03 10:14:29.818000','2021-02-08 07:30:56.376642'),(7130,_binary '','2021-02-04',7,4054,2,'2021-02-03 10:14:29.823000','2021-02-08 07:31:01.327059'),(7131,_binary '','2021-02-04',1,4054,2,'2021-02-03 10:14:29.830000','2021-02-08 07:31:01.200470'),(7132,_binary '','2021-02-04',7,4055,2,'2021-02-03 10:14:29.837000','2021-02-08 07:31:08.695270'),(7133,_binary '','2021-02-04',1,4055,2,'2021-02-03 10:14:29.845000','2021-02-08 07:31:08.568560'),(7134,_binary '','2021-02-18',7,4068,4,'2021-02-03 10:14:29.853000','2021-02-19 08:49:39.790801'),(7135,_binary '','2021-02-18',8,4068,4,'2021-02-03 10:14:29.859000','2021-02-19 08:49:39.933409'),(7136,_binary '','2021-02-18',16,4068,4,'2021-02-03 10:14:29.865000','2021-02-19 08:49:40.259169'),(7137,_binary '','2021-02-18',2,4068,4,'2021-02-03 10:14:29.872000','2021-02-19 08:49:39.425280'),(7138,_binary '','2021-02-18',5,4068,4,'2021-02-03 10:14:29.877000','2021-02-19 08:49:39.598198'),(7139,_binary '','2021-02-18',10,4068,4,'2021-02-03 10:14:29.883000','2021-02-19 08:49:40.093170'),(7140,_binary '','2021-02-18',7,4069,4,'2021-02-03 10:14:29.890000','2021-02-19 08:49:48.801274'),(7141,_binary '','2021-02-18',8,4069,4,'2021-02-03 10:14:29.899000','2021-02-19 08:49:48.925813'),(7142,_binary '','2021-02-18',16,4069,4,'2021-02-03 10:14:29.906000','2021-02-19 08:49:49.217897'),(7143,_binary '','2021-02-18',2,4069,4,'2021-02-03 10:14:29.913000','2021-02-19 08:49:48.433783'),(7144,_binary '','2021-02-18',5,4069,4,'2021-02-03 10:14:29.919000','2021-02-19 08:49:48.594814'),(7145,_binary '','2021-02-18',10,4069,4,'2021-02-03 10:14:29.924000','2021-02-19 08:49:49.062186'),(7146,_binary '','2021-02-19',7,4070,3,'2021-02-03 10:14:29.932000','2021-02-22 05:33:07.732843'),(7147,_binary '','2021-02-19',8,4070,3,'2021-02-03 10:14:29.939000','2021-02-22 05:33:07.866483'),(7148,_binary '','2021-02-19',16,4070,3,'2021-02-03 10:14:29.946000','2021-02-22 05:33:08.187210'),(7149,_binary '','2021-02-19',2,4070,3,'2021-02-03 10:14:29.954000','2021-02-22 05:33:07.470941'),(7150,_binary '','2021-02-19',5,4070,3,'2021-02-03 10:14:29.961000','2021-02-22 05:33:07.569482'),(7151,_binary '','2021-02-19',10,4070,3,'2021-02-03 10:14:29.968000','2021-02-22 05:33:08.027760'),(7152,_binary '','2021-02-19',7,4071,3,'2021-02-03 10:14:29.974000','2021-02-22 05:33:20.086655'),(7153,_binary '','2021-02-19',8,4071,3,'2021-02-03 10:14:29.982000','2021-02-22 05:33:20.250244'),(7154,_binary '','2021-02-19',16,4071,3,'2021-02-03 10:14:29.989000','2021-02-22 05:33:20.695135'),(7155,_binary '','2021-02-19',2,4071,3,'2021-02-03 10:14:29.996000','2021-02-22 05:33:19.836529'),(7156,_binary '','2021-02-19',5,4071,3,'2021-02-03 10:14:30.002000','2021-02-22 05:33:19.953773'),(7157,_binary '','2021-02-19',10,4071,3,'2021-02-03 10:14:30.012000','2021-02-22 05:33:20.367277'),(7158,_binary '','2021-02-21',7,4072,1,'2021-02-03 10:14:30.021000','2021-02-22 05:38:17.893711'),(7159,_binary '','2021-02-21',8,4072,1,'2021-02-03 10:14:30.029000','2021-02-22 05:38:18.049586'),(7160,_binary '','2021-02-21',16,4072,1,'2021-02-03 10:14:30.036000','2021-02-22 05:38:18.376692'),(7161,_binary '','2021-02-21',2,4072,1,'2021-02-03 10:14:30.044000','2021-02-22 05:38:17.624023'),(7163,_binary '','2021-02-21',10,4072,1,'2021-02-03 10:14:30.058000','2021-02-22 05:38:18.184715'),(7164,_binary '\0',NULL,7,4073,0,'2021-02-03 10:14:30.065000','2021-02-03 10:14:30.065000'),(7165,_binary '\0',NULL,8,4073,0,'2021-02-03 10:14:30.072000','2021-02-03 10:14:30.072000'),(7166,_binary '\0',NULL,16,4073,0,'2021-02-03 10:14:30.078000','2021-02-03 10:14:30.078000'),(7167,_binary '\0',NULL,2,4073,0,'2021-02-03 10:14:30.084000','2021-02-03 10:14:30.084000'),(7168,_binary '\0',NULL,5,4073,0,'2021-02-03 10:14:30.090000','2021-02-03 10:14:30.090000'),(7169,_binary '\0',NULL,10,4073,0,'2021-02-03 10:14:30.096000','2021-02-03 10:14:30.096000'),(7170,_binary '','2021-02-22',7,4074,4,'2021-02-03 10:14:30.102000','2021-02-23 07:09:58.739284'),(7171,_binary '','2021-02-22',8,4074,4,'2021-02-03 10:14:30.108000','2021-02-23 07:09:58.872622'),(7172,_binary '','2021-02-22',16,4074,4,'2021-02-03 10:14:30.114000','2021-02-23 07:09:59.344136'),(7173,_binary '','2021-02-22',2,4074,4,'2021-02-03 10:14:30.121000','2021-02-23 07:09:58.443617'),(7174,_binary '','2021-02-22',5,4074,4,'2021-02-03 10:14:30.127000','2021-02-23 07:09:58.575476'),(7175,_binary '','2021-02-22',10,4074,4,'2021-02-03 10:14:30.134000','2021-02-23 07:09:59.195508'),(7176,_binary '','2021-02-22',7,4075,4,'2021-02-03 10:14:30.142000','2021-02-23 07:10:04.408505'),(7177,_binary '','2021-02-22',8,4075,4,'2021-02-03 10:14:30.148000','2021-02-23 07:10:04.554105'),(7178,_binary '','2021-02-22',16,4075,4,'2021-02-03 10:14:30.154000','2021-02-23 07:10:04.859273'),(7179,_binary '','2021-02-22',2,4075,4,'2021-02-03 10:14:30.160000','2021-02-23 07:10:04.160272'),(7180,_binary '','2021-02-22',5,4075,4,'2021-02-03 10:14:30.166000','2021-02-23 07:10:04.244965'),(7181,_binary '','2021-02-22',10,4075,4,'2021-02-03 10:14:30.173000','2021-02-23 07:10:04.662434'),(7182,_binary '','2021-02-24',7,4076,2,'2021-02-03 10:14:30.180000','2021-02-25 05:43:40.908344'),(7183,_binary '','2021-02-24',8,4076,2,'2021-02-03 10:14:30.187000','2021-02-25 05:43:41.047374'),(7184,_binary '','2021-02-24',16,4076,2,'2021-02-03 10:14:30.195000','2021-02-25 05:43:41.353225'),(7185,_binary '','2021-02-24',2,4076,2,'2021-02-03 10:14:30.201000','2021-02-25 05:43:40.505655'),(7186,_binary '','2021-02-24',5,4076,2,'2021-02-03 10:14:30.208000','2021-02-25 05:43:40.713254'),(7187,_binary '','2021-02-24',10,4076,2,'2021-02-03 10:14:30.215000','2021-02-25 05:43:41.210782'),(7188,_binary '','2021-02-24',7,4077,2,'2021-02-03 10:14:30.221000','2021-02-25 05:43:49.135472'),(7189,_binary '','2021-02-24',8,4077,2,'2021-02-03 10:14:30.227000','2021-02-25 05:43:49.277802'),(7190,_binary '','2021-02-24',16,4077,2,'2021-02-03 10:14:30.232000','2021-02-25 05:43:49.552340'),(7191,_binary '','2021-02-24',2,4077,2,'2021-02-03 10:14:30.238000','2021-02-25 05:43:48.887219'),(7192,_binary '','2021-02-24',5,4077,2,'2021-02-03 10:14:30.245000','2021-02-25 05:43:48.977449'),(7193,_binary '','2021-02-24',10,4077,2,'2021-02-03 10:14:30.252000','2021-02-25 05:43:49.420938'),(7194,_binary '','2021-02-17',7,4078,1,'2021-02-03 10:14:30.260000','2021-02-18 05:32:41.411000'),(7195,_binary '','2021-02-17',8,4078,1,'2021-02-03 10:14:30.266000','2021-02-18 05:32:41.536000'),(7196,_binary '','2021-02-17',16,4078,1,'2021-02-03 10:14:30.273000','2021-02-18 05:32:41.828000'),(7197,_binary '','2021-02-17',2,4078,1,'2021-02-03 10:14:30.279000','2021-02-18 05:32:41.163000'),(7198,_binary '','2021-02-17',5,4078,1,'2021-02-03 10:14:30.286000','2021-02-18 05:32:41.269000'),(7199,_binary '','2021-02-17',10,4078,1,'2021-02-03 10:14:30.293000','2021-02-18 05:32:41.686000'),(7200,_binary '','2021-02-17',7,4079,1,'2021-02-03 10:14:30.298000','2021-02-18 05:32:51.813000'),(7201,_binary '','2021-02-17',8,4079,1,'2021-02-03 10:14:30.305000','2021-02-18 05:32:51.987000'),(7202,_binary '','2021-02-17',16,4079,1,'2021-02-03 10:14:30.310000','2021-02-18 05:32:52.348000'),(7203,_binary '','2021-02-17',2,4079,1,'2021-02-03 10:14:30.317000','2021-02-18 05:32:51.541000'),(7204,_binary '','2021-02-17',5,4079,1,'2021-02-03 10:14:30.324000','2021-02-18 05:32:51.645000'),(7205,_binary '','2021-02-17',10,4079,1,'2021-02-03 10:14:30.331000','2021-02-18 05:32:52.222000'),(7206,_binary '','2021-02-15',7,4080,3,'2021-02-03 10:14:30.337000','2021-02-16 05:53:09.375000'),(7207,_binary '','2021-02-15',8,4080,3,'2021-02-03 10:14:30.343000','2021-02-16 05:53:09.526000'),(7208,_binary '','2021-02-15',16,4080,3,'2021-02-03 10:14:30.349000','2021-02-16 05:53:10.132000'),(7209,_binary '','2021-02-15',2,4080,3,'2021-02-03 10:14:30.354000','2021-02-16 05:53:09.104000'),(7210,_binary '','2021-02-15',5,4080,3,'2021-02-03 10:14:30.359000','2021-02-16 05:53:09.212000'),(7211,_binary '','2021-02-15',10,4080,3,'2021-02-03 10:14:30.366000','2021-02-16 05:53:09.992000'),(7212,_binary '','2021-02-15',7,4081,3,'2021-02-03 10:14:30.371000','2021-02-16 05:53:21.883000'),(7213,_binary '','2021-02-15',8,4081,3,'2021-02-03 10:14:30.377000','2021-02-16 05:53:22.049000'),(7214,_binary '','2021-02-15',16,4081,3,'2021-02-03 10:14:30.383000','2021-02-16 05:53:22.267000'),(7215,_binary '','2021-02-15',2,4081,3,'2021-02-03 10:14:30.389000','2021-02-16 05:53:21.645000'),(7216,_binary '','2021-02-15',5,4081,3,'2021-02-03 10:14:30.395000','2021-02-16 05:53:21.741000'),(7217,_binary '','2021-02-15',10,4081,3,'2021-02-03 10:14:30.401000','2021-02-16 05:53:22.142000'),(7218,_binary '','2021-02-03',9,4142,3,'2021-02-03 10:14:30.407000','2021-02-04 08:29:12.563460'),(7219,_binary '','2021-02-03',16,4142,3,'2021-02-03 10:14:30.414000','2021-02-04 08:29:12.727178'),(7220,_binary '','2021-02-03',5,4142,3,'2021-02-03 10:14:30.421000','2021-02-04 08:29:12.435076'),(7221,_binary '','2021-02-03',9,4143,3,'2021-02-03 10:14:30.428000','2021-02-04 08:29:20.743938'),(7222,_binary '','2021-02-03',16,4143,3,'2021-02-03 10:14:30.433000','2021-02-04 08:29:20.877860'),(7223,_binary '','2021-02-03',5,4143,3,'2021-02-03 10:14:30.438000','2021-02-04 08:29:20.654463'),(7224,_binary '','2021-02-03',9,4144,3,'2021-02-03 10:14:30.444000','2021-02-04 08:29:29.714232'),(7225,_binary '','2021-02-03',16,4144,3,'2021-02-03 10:14:30.449000','2021-02-04 08:29:29.856737'),(7226,_binary '','2021-02-03',5,4144,3,'2021-02-03 10:14:30.455000','2021-02-04 08:29:29.590806'),(7227,_binary '','2021-02-03',9,4145,3,'2021-02-03 10:14:30.461000','2021-02-04 08:29:42.190837'),(7228,_binary '','2021-02-03',16,4145,3,'2021-02-03 10:14:30.466000','2021-02-04 08:29:42.290472'),(7229,_binary '','2021-02-03',5,4145,3,'2021-02-03 10:14:30.473000','2021-02-04 08:29:42.078035'),(7230,_binary '','2021-02-08',9,4577,2,'2021-02-03 10:14:30.478000','2021-02-09 07:24:21.826855'),(7231,_binary '','2021-02-08',16,4577,2,'2021-02-03 10:14:30.483000','2021-02-09 07:24:22.178855'),(7232,_binary '','2021-02-08',5,4577,2,'2021-02-03 10:14:30.489000','2021-02-09 07:24:21.682915'),(7233,_binary '','2021-02-08',9,4578,2,'2021-02-03 10:14:30.494000','2021-02-09 07:24:27.042983'),(7234,_binary '','2021-02-08',16,4578,2,'2021-02-03 10:14:30.500000','2021-02-09 07:24:27.236108'),(7235,_binary '','2021-02-08',5,4578,2,'2021-02-03 10:14:30.505000','2021-02-09 07:24:26.873711'),(7236,_binary '','2021-02-08',9,4579,2,'2021-02-03 10:14:30.510000','2021-02-09 07:24:32.626966'),(7237,_binary '','2021-02-08',16,4579,2,'2021-02-03 10:14:30.516000','2021-02-09 07:24:32.717495'),(7238,_binary '','2021-02-08',5,4579,2,'2021-02-03 10:14:30.522000','2021-02-09 07:24:32.512954'),(7239,_binary '','2021-02-08',9,4580,2,'2021-02-03 10:14:30.528000','2021-02-09 07:24:39.751037'),(7240,_binary '','2021-02-08',16,4580,2,'2021-02-03 10:14:30.535000','2021-02-09 07:24:39.910616'),(7241,_binary '','2021-02-08',5,4580,2,'2021-02-03 10:14:30.540000','2021-02-09 07:24:39.591724'),(7242,_binary '','2021-02-14',9,4736,4,'2021-02-03 10:14:30.546000','2021-02-19 09:29:01.606771'),(7243,_binary '','2021-02-14',12,4736,4,'2021-02-03 10:14:30.552000','2021-02-19 09:29:01.938964'),(7244,_binary '','2021-02-14',2,4736,4,'2021-02-03 10:14:30.557000','2021-02-19 09:29:01.453358'),(7245,_binary '','2021-02-14',10,4736,4,'2021-02-03 10:14:30.563000','2021-02-19 09:29:01.783081'),(7246,_binary '','2021-02-14',9,4737,4,'2021-02-03 10:14:30.568000','2021-02-19 09:29:08.500305'),(7247,_binary '','2021-02-14',12,4737,4,'2021-02-03 10:14:30.573000','2021-02-19 09:29:08.789991'),(7248,_binary '','2021-02-14',2,4737,4,'2021-02-03 10:14:30.579000','2021-02-19 09:29:08.365918'),(7249,_binary '','2021-02-14',10,4737,4,'2021-02-03 10:14:30.584000','2021-02-19 09:29:08.668989'),(7250,_binary '','2021-02-14',9,4738,4,'2021-02-03 10:14:30.589000','2021-02-19 09:29:14.634146'),(7251,_binary '','2021-02-14',12,4738,4,'2021-02-03 10:14:30.594000','2021-02-19 09:29:15.172349'),(7252,_binary '','2021-02-14',2,4738,4,'2021-02-03 10:14:30.599000','2021-02-19 09:29:14.494398'),(7253,_binary '','2021-02-14',10,4738,4,'2021-02-03 10:14:30.604000','2021-02-19 09:29:14.803265'),(7254,_binary '','2021-02-02',9,4739,4,'2021-02-03 10:14:30.609000','2021-02-03 10:34:23.107000'),(7255,_binary '','2021-02-02',12,4739,4,'2021-02-03 10:14:30.614000','2021-02-03 10:34:23.363000'),(7256,_binary '','2021-02-02',2,4739,4,'2021-02-03 10:14:30.619000','2021-02-03 10:34:22.973000'),(7257,_binary '','2021-02-02',10,4739,4,'2021-02-03 10:14:30.625000','2021-02-03 10:34:23.246000'),(7258,_binary '','2021-02-02',9,4740,4,'2021-02-03 10:14:30.630000','2021-02-03 10:34:31.103000'),(7259,_binary '','2021-02-02',12,4740,4,'2021-02-03 10:14:30.635000','2021-02-03 10:34:31.383000'),(7260,_binary '','2021-02-02',2,4740,4,'2021-02-03 10:14:30.640000','2021-02-03 10:34:30.949000'),(7261,_binary '','2021-02-02',10,4740,4,'2021-02-03 10:14:30.645000','2021-02-03 10:34:31.241000'),(7262,_binary '','2021-02-02',9,4741,4,'2021-02-03 10:14:30.650000','2021-02-03 10:34:47.293000'),(7263,_binary '','2021-02-02',12,4741,4,'2021-02-03 10:14:30.655000','2021-02-03 10:34:47.761000'),(7264,_binary '','2021-02-02',2,4741,4,'2021-02-03 10:14:30.661000','2021-02-03 10:34:47.181000'),(7265,_binary '','2021-02-02',10,4741,4,'2021-02-03 10:14:30.667000','2021-02-03 10:34:47.410000'),(7266,_binary '','2021-02-02',9,4742,3,'2021-02-03 10:14:30.672000','2021-02-03 10:32:24.256000'),(7267,_binary '','2021-02-02',12,4742,3,'2021-02-03 10:14:30.678000','2021-02-03 10:32:24.690000'),(7268,_binary '','2021-02-02',2,4742,3,'2021-02-03 10:14:30.685000','2021-02-03 10:32:24.146000'),(7269,_binary '','2021-02-02',10,4742,3,'2021-02-03 10:14:30.691000','2021-02-03 10:32:24.581000'),(7270,_binary '','2021-02-02',9,4743,3,'2021-02-03 10:14:30.698000','2021-02-03 10:32:36.559000'),(7271,_binary '','2021-02-02',12,4743,3,'2021-02-03 10:14:30.703000','2021-02-03 10:32:36.900000'),(7272,_binary '','2021-02-02',2,4743,3,'2021-02-03 10:14:30.708000','2021-02-03 10:32:36.429000'),(7273,_binary '','2021-02-02',10,4743,3,'2021-02-03 10:14:30.713000','2021-02-03 10:32:36.729000'),(7274,_binary '','2021-02-21',9,4744,4,'2021-02-03 10:14:30.718000','2021-02-22 05:36:11.263950'),(7275,_binary '','2021-02-21',12,4744,4,'2021-02-03 10:14:30.724000','2021-02-22 05:36:11.709014'),(7276,_binary '','2021-02-21',2,4744,4,'2021-02-03 10:14:30.730000','2021-02-22 05:36:11.142463'),(7277,_binary '','2021-02-21',10,4744,4,'2021-02-03 10:14:30.737000','2021-02-22 05:36:11.597780'),(7278,_binary '','2021-02-21',9,4745,4,'2021-02-03 10:14:30.742000','2021-02-22 05:36:21.481703'),(7279,_binary '','2021-02-21',12,4745,4,'2021-02-03 10:14:30.748000','2021-02-22 05:36:21.832057'),(7280,_binary '','2021-02-21',2,4745,4,'2021-02-03 10:14:30.754000','2021-02-22 05:36:21.266443'),(7281,_binary '','2021-02-21',10,4745,4,'2021-02-03 10:14:30.759000','2021-02-22 05:36:21.696577'),(7282,_binary '','2021-02-10',9,4748,3,'2021-02-03 10:14:30.764000','2021-02-11 06:28:07.195000'),(7283,_binary '','2021-02-10',12,4748,3,'2021-02-03 10:14:30.769000','2021-02-11 06:28:07.502000'),(7284,_binary '','2021-02-10',2,4748,3,'2021-02-03 10:14:30.775000','2021-02-11 06:28:06.993000'),(7285,_binary '','2021-02-10',10,4748,3,'2021-02-03 10:14:30.781000','2021-02-11 06:28:07.353000'),(7286,_binary '','2021-02-10',9,4749,3,'2021-02-03 10:14:30.787000','2021-02-17 12:11:58.763000'),(7287,_binary '','2021-02-10',12,4749,3,'2021-02-03 10:14:30.793000','2021-02-17 12:11:59.568000'),(7288,_binary '','2021-02-10',2,4749,3,'2021-02-03 10:14:30.798000','2021-02-17 12:11:58.592000'),(7289,_binary '','2021-02-10',10,4749,3,'2021-02-03 10:14:30.804000','2021-02-17 12:11:59.187000'),(7290,_binary '','2021-02-19',9,4750,2,'2021-02-03 10:14:30.811000','2021-02-22 05:30:33.027231'),(7291,_binary '','2021-02-19',12,4750,2,'2021-02-03 10:14:30.817000','2021-02-22 05:30:33.367511'),(7292,_binary '','2021-02-19',2,4750,2,'2021-02-03 10:14:30.822000','2021-02-22 05:30:32.866196'),(7293,_binary '','2021-02-19',10,4750,2,'2021-02-03 10:14:30.827000','2021-02-22 05:30:33.200693'),(7294,_binary '','2021-02-19',9,4751,2,'2021-02-03 10:14:30.832000','2021-02-22 05:30:39.252408'),(7295,_binary '','2021-02-19',12,4751,2,'2021-02-03 10:14:30.837000','2021-02-22 05:30:39.719974'),(7296,_binary '','2021-02-19',2,4751,2,'2021-02-03 10:14:30.842000','2021-02-22 05:30:39.126678'),(7297,_binary '','2021-02-19',10,4751,2,'2021-02-03 10:14:30.847000','2021-02-22 05:30:39.623796'),(7298,_binary '','2021-02-19',9,4752,2,'2021-02-03 10:14:30.853000','2021-02-22 05:30:46.190930'),(7299,_binary '','2021-02-19',12,4752,2,'2021-02-03 10:14:30.858000','2021-02-22 05:30:46.498074'),(7300,_binary '','2021-02-19',2,4752,2,'2021-02-03 10:14:30.863000','2021-02-22 05:30:46.042630'),(7301,_binary '','2021-02-19',10,4752,2,'2021-02-03 10:14:30.868000','2021-02-22 05:30:46.325893'),(7302,_binary '','2021-02-20',9,4753,1,'2021-02-03 10:14:30.874000','2021-02-22 05:34:21.648835'),(7303,_binary '','2021-02-20',12,4753,1,'2021-02-03 10:14:30.879000','2021-02-22 05:34:21.962473'),(7304,_binary '','2021-02-20',2,4753,1,'2021-02-03 10:14:30.884000','2021-02-22 05:34:21.528544'),(7305,_binary '','2021-02-20',10,4753,1,'2021-02-03 10:14:30.889000','2021-02-22 05:34:21.823389'),(7306,_binary '','2021-02-20',9,4754,1,'2021-02-03 10:14:30.895000','2021-02-22 05:34:28.000076'),(7307,_binary '','2021-02-20',12,4754,1,'2021-02-03 10:14:30.901000','2021-02-22 05:34:28.279793'),(7308,_binary '','2021-02-20',2,4754,1,'2021-02-03 10:14:30.907000','2021-02-22 05:34:27.879250'),(7309,_binary '','2021-02-20',10,4754,1,'2021-02-03 10:14:30.912000','2021-02-22 05:34:28.136470'),(7310,_binary '','2021-02-14',9,4755,3,'2021-02-03 10:14:30.917000','2021-02-15 09:41:07.217000'),(7311,_binary '','2021-02-14',2,4755,3,'2021-02-03 10:14:30.922000','2021-02-15 09:41:07.080000'),(7313,_binary '','2021-02-14',9,4756,3,'2021-02-03 10:14:30.934000','2021-02-15 09:41:27.565000'),(7314,_binary '','2021-02-14',2,4756,3,'2021-02-03 10:14:30.940000','2021-02-15 09:41:27.430000'),(7316,_binary '','2021-02-04',9,4757,1,'2021-02-03 10:14:30.950000','2021-02-08 07:29:58.593199'),(7317,_binary '','2021-02-04',2,4757,1,'2021-02-03 10:14:30.956000','2021-02-08 07:29:58.496256'),(7319,_binary '','2021-02-04',9,4758,1,'2021-02-03 10:14:30.969000','2021-02-08 07:30:20.621027'),(7320,_binary '','2021-02-04',2,4758,1,'2021-02-03 10:14:30.974000','2021-02-08 07:30:20.505165'),(7322,_binary '','2021-02-26',1,4848,4,'2021-02-03 10:14:30.986000','2021-03-01 05:53:39.483878'),(7323,_binary '','2021-02-26',2,4848,4,'2021-02-03 10:14:30.992000','2021-03-01 05:53:39.623954'),(7324,_binary '','2021-02-26',3,4848,4,'2021-02-03 10:14:30.997000','2021-03-01 05:53:39.770814'),(7325,_binary '','2021-02-26',4,4848,4,'2021-02-03 10:14:31.002000','2021-03-01 05:53:39.946951'),(7326,_binary '','2021-02-26',1,4849,4,'2021-02-03 10:14:31.008000','2021-03-01 05:53:48.564723'),(7327,_binary '','2021-02-26',2,4849,4,'2021-02-03 10:14:31.014000','2021-03-01 05:53:48.639371'),(7328,_binary '','2021-02-26',3,4849,4,'2021-02-03 10:14:31.019000','2021-03-01 05:53:48.777993'),(7329,_binary '','2021-02-26',4,4849,4,'2021-02-03 10:14:31.025000','2021-03-01 05:53:48.861765'),(7330,_binary '','2021-02-26',1,4850,4,'2021-02-03 10:14:31.030000','2021-03-01 05:53:55.470230'),(7331,_binary '','2021-02-26',2,4850,4,'2021-02-03 10:14:31.036000','2021-03-01 05:53:55.550601'),(7332,_binary '','2021-02-26',3,4850,4,'2021-02-03 10:14:31.042000','2021-03-01 05:53:55.697387'),(7333,_binary '','2021-02-26',4,4850,4,'2021-02-03 10:14:31.048000','2021-03-01 05:53:55.863111'),(7334,_binary '','2021-02-26',1,4851,4,'2021-02-03 10:14:31.057000','2021-03-01 05:54:02.066714'),(7335,_binary '','2021-02-26',2,4851,4,'2021-02-03 10:14:31.063000','2021-03-01 05:54:02.198522'),(7336,_binary '','2021-02-26',3,4851,4,'2021-02-03 10:14:31.069000','2021-03-01 05:54:02.291725'),(7337,_binary '','2021-02-26',4,4851,4,'2021-02-03 10:14:31.076000','2021-03-01 05:54:02.451221'),(7338,_binary '','2021-02-08',8,5099,1,'2021-02-03 10:14:31.083000','2021-02-09 07:24:02.172946'),(7339,_binary '','2021-02-08',16,5099,1,'2021-02-03 10:14:31.089000','2021-02-09 07:24:02.275254'),(7340,_binary '','2021-02-08',5,5099,1,'2021-02-03 10:14:31.094000','2021-02-09 07:24:02.030553'),(7341,_binary '','2021-02-07',8,5100,2,'2021-02-03 10:14:31.100000','2021-02-08 07:42:12.594274'),(7342,_binary '','2021-02-07',16,5100,2,'2021-02-03 10:14:31.106000','2021-02-08 07:42:12.786903'),(7343,_binary '','2021-02-07',5,5100,2,'2021-02-03 10:14:31.111000','2021-02-08 07:42:12.441266'),(7344,_binary '','2021-02-07',8,5101,2,'2021-02-03 10:14:31.116000','2021-02-08 07:42:20.579317'),(7345,_binary '','2021-02-07',16,5101,2,'2021-02-03 10:14:31.121000','2021-02-08 07:42:20.696353'),(7346,_binary '','2021-02-07',5,5101,2,'2021-02-03 10:14:31.127000','2021-02-08 07:42:20.489295'),(7347,_binary '','2021-02-16',9,5114058,1,'2021-02-03 10:14:31.133000','2021-02-17 07:24:27.479000'),(7348,_binary '','2021-02-16',2,5114058,1,'2021-02-03 10:14:31.137000','2021-02-17 07:24:27.012000'),(7349,_binary '','2021-02-16',3,5114058,1,'2021-02-03 10:14:31.143000','2021-02-17 07:24:27.325000'),(7350,_binary '','2021-02-16',9,5114059,1,'2021-02-03 10:14:31.148000','2021-02-17 07:24:34.615000'),(7351,_binary '','2021-02-16',2,5114059,1,'2021-02-03 10:14:31.153000','2021-02-17 07:24:34.394000'),(7352,_binary '','2021-02-16',3,5114059,1,'2021-02-03 10:14:31.159000','2021-02-17 07:24:34.482000'),(7353,_binary '','2021-02-23',9,5114060,2,'2021-02-03 10:14:31.165000','2021-02-24 07:12:02.196180'),(7354,_binary '','2021-02-23',2,5114060,2,'2021-02-03 10:14:31.170000','2021-02-24 07:12:01.734041'),(7355,_binary '','2021-02-23',3,5114060,2,'2021-02-03 10:14:31.176000','2021-02-24 07:12:01.867412'),(7356,_binary '','2021-02-23',9,5114061,2,'2021-02-03 10:14:31.181000','2021-02-24 07:12:09.292395'),(7357,_binary '','2021-02-23',2,5114061,2,'2021-02-03 10:14:31.186000','2021-02-24 07:12:09.057407'),(7358,_binary '','2021-02-23',3,5114061,2,'2021-02-03 10:14:31.191000','2021-02-24 07:12:09.151745'),(7405,_binary '','2021-02-04',10,4757,1,'2021-02-08 07:29:40.783348','2021-02-08 07:29:58.754185'),(7406,_binary '','2021-02-04',12,4757,1,'2021-02-08 07:29:41.056679','2021-02-08 07:29:58.887266'),(7407,_binary '','2021-02-04',10,4758,1,'2021-02-08 07:30:14.136925','2021-02-08 07:30:20.760400'),(7408,_binary '','2021-02-04',12,4758,1,'2021-02-08 07:30:14.394220','2021-02-08 07:30:20.911972'),(7546,_binary '','2021-02-14',12,4755,3,'2021-02-15 09:40:19.630000','2021-02-15 09:41:07.428000'),(7547,_binary '','2021-02-14',10,4755,3,'2021-02-15 09:40:35.639000','2021-02-15 09:41:07.311000'),(7548,_binary '','2021-02-14',10,4756,3,'2021-02-15 09:41:21.774000','2021-02-15 09:41:27.704000'),(7549,_binary '','2021-02-14',12,4756,3,'2021-02-15 09:41:22.023000','2021-02-15 09:41:27.795000'),(7597,_binary '','2021-02-16',1,312,2,'2021-02-17 07:25:08.304000','2021-02-17 07:25:22.712000'),(7598,_binary '','2021-02-16',6,312,2,'2021-02-17 07:25:09.068000','2021-02-17 07:25:22.836000'),(7599,_binary '','2021-02-16',7,312,2,'2021-02-17 07:25:09.369000','2021-02-17 07:25:22.985000'),(7600,_binary '','2021-02-16',1,313,2,'2021-02-17 07:25:43.573000','2021-02-17 07:25:47.173000'),(7601,_binary '','2021-02-16',6,313,2,'2021-02-17 07:25:44.046000','2021-02-17 07:25:47.468000'),(7602,_binary '','2021-02-16',7,313,2,'2021-02-17 07:25:44.354000','2021-02-17 07:25:47.710000'),(7603,_binary '','2021-02-16',1,314,2,'2021-02-17 07:25:56.563000','2021-02-17 07:26:00.781000'),(7604,_binary '','2021-02-16',6,314,2,'2021-02-17 07:25:57.093000','2021-02-17 07:26:00.923000'),(7605,_binary '','2021-02-16',7,314,2,'2021-02-17 07:25:57.320000','2021-02-17 07:26:01.021000'),(7606,_binary '','2021-02-16',1,315,2,'2021-02-17 07:26:11.571000','2021-02-17 07:26:16.813000'),(7607,_binary '','2021-02-16',6,315,2,'2021-02-17 07:26:12.050000','2021-02-17 07:26:16.945000'),(7608,_binary '','2021-02-16',7,315,2,'2021-02-17 07:26:12.364000','2021-02-17 07:26:17.093000'),(7660,_binary '','2021-02-21',6,4072,1,'2021-02-22 05:37:58.229034','2021-02-22 05:38:17.747160'),(7801,_binary '\0',NULL,9,7,0,'2021-03-01 08:17:37.506852','2021-03-01 08:17:37.506929'),(7802,_binary '\0',NULL,2,7,0,'2021-03-01 08:17:37.803300','2021-03-01 08:17:37.803365'),(7803,_binary '\0',NULL,10,7,0,'2021-03-01 08:17:38.248984','2021-03-01 08:17:38.249048'),(7804,_binary '\0',NULL,9,8,0,'2021-03-01 08:17:38.547100','2021-03-01 08:17:38.547162'),(7805,_binary '\0',NULL,2,8,0,'2021-03-01 08:17:38.755236','2021-03-01 08:17:38.755298'),(7806,_binary '\0',NULL,10,8,0,'2021-03-01 08:17:38.970330','2021-03-01 08:17:38.970396'),(7807,_binary '\0',NULL,9,9,0,'2021-03-01 08:17:39.276692','2021-03-01 08:17:39.276732'),(7808,_binary '\0',NULL,2,9,0,'2021-03-01 08:17:39.460669','2021-03-01 08:17:39.460729'),(7809,_binary '\0',NULL,10,9,0,'2021-03-01 08:17:39.670924','2021-03-01 08:17:39.670979'),(7810,_binary '\0',NULL,9,10,0,'2021-03-01 08:17:39.948350','2021-03-01 08:17:39.948413'),(7811,_binary '\0',NULL,2,10,0,'2021-03-01 08:17:40.174122','2021-03-01 08:17:40.174188'),(7812,_binary '\0',NULL,10,10,0,'2021-03-01 08:17:40.473445','2021-03-01 08:17:40.473545'),(7813,_binary '\0',NULL,7,284,0,'2021-03-01 08:17:40.657778','2021-03-01 08:17:40.657831'),(7814,_binary '\0',NULL,8,284,0,'2021-03-01 08:17:40.889955','2021-03-01 08:17:40.890052'),(7815,_binary '\0',NULL,12,284,0,'2021-03-01 08:17:41.175769','2021-03-01 08:17:41.175832'),(7816,_binary '\0',NULL,6,284,0,'2021-03-01 08:17:41.474595','2021-03-01 08:17:41.474650'),(7817,_binary '\0',NULL,7,285,0,'2021-03-01 08:17:41.844317','2021-03-01 08:17:41.844378'),(7818,_binary '\0',NULL,8,285,0,'2021-03-01 08:17:42.185623','2021-03-01 08:17:42.185680'),(7819,_binary '\0',NULL,12,285,0,'2021-03-01 08:17:42.487501','2021-03-01 08:17:42.487567'),(7820,_binary '\0',NULL,6,285,0,'2021-03-01 08:17:42.746620','2021-03-01 08:17:42.746681'),(7821,_binary '\0',NULL,7,286,0,'2021-03-01 08:17:43.061071','2021-03-01 08:17:43.061133'),(7822,_binary '\0',NULL,8,286,0,'2021-03-01 08:17:43.261185','2021-03-01 08:17:43.261225'),(7823,_binary '\0',NULL,12,286,0,'2021-03-01 08:17:43.511840','2021-03-01 08:17:43.511883'),(7824,_binary '\0',NULL,6,286,0,'2021-03-01 08:17:43.790976','2021-03-01 08:17:43.791064'),(7825,_binary '\0',NULL,7,322,0,'2021-03-01 08:17:44.041514','2021-03-01 08:17:44.041569'),(7826,_binary '\0',NULL,8,322,0,'2021-03-01 08:17:44.292861','2021-03-01 08:17:44.292923'),(7827,_binary '\0',NULL,12,322,0,'2021-03-01 08:17:44.594501','2021-03-01 08:17:44.594576'),(7828,_binary '\0',NULL,6,322,0,'2021-03-01 08:17:44.907932','2021-03-01 08:17:44.907993'),(7829,_binary '\0',NULL,7,323,0,'2021-03-01 08:17:45.158376','2021-03-01 08:17:45.158458'),(7830,_binary '\0',NULL,8,323,0,'2021-03-01 08:17:45.368396','2021-03-01 08:17:45.368457'),(7831,_binary '\0',NULL,12,323,0,'2021-03-01 08:17:45.575534','2021-03-01 08:17:45.575576'),(7832,_binary '\0',NULL,6,323,0,'2021-03-01 08:17:45.852772','2021-03-01 08:17:45.852836'),(7833,_binary '\0',NULL,7,324,0,'2021-03-01 08:17:46.084758','2021-03-01 08:17:46.084797'),(7834,_binary '\0',NULL,8,324,0,'2021-03-01 08:17:46.345817','2021-03-01 08:17:46.345900'),(7835,_binary '\0',NULL,12,324,0,'2021-03-01 08:17:46.554303','2021-03-01 08:17:46.554361'),(7836,_binary '\0',NULL,6,324,0,'2021-03-01 08:17:46.754965','2021-03-01 08:17:46.755022'),(7837,_binary '\0',NULL,7,351,0,'2021-03-01 08:17:46.953353','2021-03-01 08:17:46.953393'),(7838,_binary '\0',NULL,8,351,0,'2021-03-01 08:17:47.155648','2021-03-01 08:17:47.155706'),(7839,_binary '\0',NULL,12,351,0,'2021-03-01 08:17:47.462818','2021-03-01 08:17:47.462875'),(7840,_binary '\0',NULL,6,351,0,'2021-03-01 08:17:47.691675','2021-03-01 08:17:47.691764'),(7841,_binary '\0',NULL,7,352,0,'2021-03-01 08:17:47.975160','2021-03-01 08:17:47.975215'),(7842,_binary '\0',NULL,8,352,0,'2021-03-01 08:17:48.216903','2021-03-01 08:17:48.216943'),(7843,_binary '\0',NULL,12,352,0,'2021-03-01 08:17:48.475548','2021-03-01 08:17:48.475602'),(7844,_binary '\0',NULL,6,352,0,'2021-03-01 08:17:48.785188','2021-03-01 08:17:48.785243'),(7845,_binary '\0',NULL,7,353,0,'2021-03-01 08:17:49.062909','2021-03-01 08:17:49.062964'),(7846,_binary '\0',NULL,8,353,0,'2021-03-01 08:17:49.352420','2021-03-01 08:17:49.352529'),(7847,_binary '\0',NULL,12,353,0,'2021-03-01 08:17:49.627697','2021-03-01 08:17:49.627748'),(7848,_binary '\0',NULL,6,353,0,'2021-03-01 08:17:49.917646','2021-03-01 08:17:49.917701'),(7849,_binary '\0',NULL,7,480,0,'2021-03-01 08:17:50.170600','2021-03-01 08:17:50.170657'),(7850,_binary '\0',NULL,8,480,0,'2021-03-01 08:17:50.428054','2021-03-01 08:17:50.428091'),(7851,_binary '\0',NULL,12,480,0,'2021-03-01 08:17:50.686862','2021-03-01 08:17:50.686899'),(7852,_binary '\0',NULL,6,480,0,'2021-03-01 08:17:51.006491','2021-03-01 08:17:51.006545'),(7853,_binary '\0',NULL,7,481,0,'2021-03-01 08:17:51.289257','2021-03-01 08:17:51.289306'),(7854,_binary '\0',NULL,8,481,0,'2021-03-01 08:17:51.572608','2021-03-01 08:17:51.572664'),(7855,_binary '\0',NULL,12,481,0,'2021-03-01 08:17:51.790404','2021-03-01 08:17:51.790439'),(7856,_binary '\0',NULL,6,481,0,'2021-03-01 08:17:52.099785','2021-03-01 08:17:52.099846'),(7857,_binary '\0',NULL,7,482,0,'2021-03-01 08:17:52.358643','2021-03-01 08:17:52.358682'),(7858,_binary '\0',NULL,8,482,0,'2021-03-01 08:17:52.645892','2021-03-01 08:17:52.645951'),(7859,_binary '\0',NULL,12,482,0,'2021-03-01 08:17:52.891994','2021-03-01 08:17:52.892044'),(7860,_binary '\0',NULL,6,482,0,'2021-03-01 08:17:53.168308','2021-03-01 08:17:53.168361'),(7861,_binary '\0',NULL,9,501,0,'2021-03-01 08:17:53.394096','2021-03-01 08:17:53.394149'),(7862,_binary '\0',NULL,16,501,0,'2021-03-01 08:17:53.711360','2021-03-01 08:17:53.711411'),(7863,_binary '\0',NULL,5,501,0,'2021-03-01 08:17:53.977673','2021-03-01 08:17:53.977713'),(7864,_binary '\0',NULL,10,501,0,'2021-03-01 08:17:54.253518','2021-03-01 08:17:54.253584'),(7865,_binary '\0',NULL,9,502,0,'2021-03-01 08:17:54.496455','2021-03-01 08:17:54.496536'),(7866,_binary '\0',NULL,16,502,0,'2021-03-01 08:17:54.780307','2021-03-01 08:17:54.780354'),(7867,_binary '\0',NULL,5,502,0,'2021-03-01 08:17:55.151926','2021-03-01 08:17:55.151960'),(7868,_binary '\0',NULL,10,502,0,'2021-03-01 08:17:55.451855','2021-03-01 08:17:55.451887'),(7869,_binary '\0',NULL,9,503,0,'2021-03-01 08:17:55.682290','2021-03-01 08:17:55.682339'),(7870,_binary '\0',NULL,16,503,0,'2021-03-01 08:17:55.999384','2021-03-01 08:17:55.999418'),(7871,_binary '\0',NULL,5,503,0,'2021-03-01 08:17:56.274800','2021-03-01 08:17:56.274831'),(7872,_binary '\0',NULL,10,503,0,'2021-03-01 08:17:56.552455','2021-03-01 08:17:56.552533'),(7873,_binary '\0',NULL,9,1353,0,'2021-03-01 08:17:56.802410','2021-03-01 08:17:56.802459'),(7874,_binary '\0',NULL,2,1353,0,'2021-03-01 08:17:57.084560','2021-03-01 08:17:57.084595'),(7875,_binary '\0',NULL,10,1353,0,'2021-03-01 08:17:57.343383','2021-03-01 08:17:57.343412'),(7876,_binary '\0',NULL,9,1361,0,'2021-03-01 08:17:57.628896','2021-03-01 08:17:57.628943'),(7877,_binary '\0',NULL,2,1361,0,'2021-03-01 08:17:57.896214','2021-03-01 08:17:57.896261'),(7878,_binary '\0',NULL,10,1361,0,'2021-03-01 08:17:58.168775','2021-03-01 08:17:58.168809'),(7879,_binary '\0',NULL,9,1522,0,'2021-03-01 08:17:58.453775','2021-03-01 08:17:58.453820'),(7880,_binary '\0',NULL,2,1522,0,'2021-03-01 08:17:58.698038','2021-03-01 08:17:58.698088'),(7881,_binary '\0',NULL,10,1522,0,'2021-03-01 08:17:58.905234','2021-03-01 08:17:58.905267'),(7882,_binary '\0',NULL,9,1523,0,'2021-03-01 08:17:59.213775','2021-03-01 08:17:59.213807'),(7883,_binary '\0',NULL,2,1523,0,'2021-03-01 08:17:59.398148','2021-03-01 08:17:59.398219'),(7884,_binary '\0',NULL,10,1523,0,'2021-03-01 08:17:59.597828','2021-03-01 08:17:59.597879'),(7885,_binary '\0',NULL,7,3708,0,'2021-03-01 08:17:59.869871','2021-03-01 08:17:59.869914'),(7886,_binary '\0',NULL,8,3708,0,'2021-03-01 08:18:00.128579','2021-03-01 08:18:00.128631'),(7887,_binary '\0',NULL,12,3708,0,'2021-03-01 08:18:00.410395','2021-03-01 08:18:00.410439'),(7888,_binary '\0',NULL,6,3708,0,'2021-03-01 08:18:00.677349','2021-03-01 08:18:00.677403'),(7889,_binary '\0',NULL,7,3709,0,'2021-03-01 08:18:00.978087','2021-03-01 08:18:00.978130'),(7890,_binary '\0',NULL,8,3709,0,'2021-03-01 08:18:01.220587','2021-03-01 08:18:01.220629'),(7891,_binary '\0',NULL,12,3709,0,'2021-03-01 08:18:01.502825','2021-03-01 08:18:01.502855'),(7892,_binary '\0',NULL,6,3709,0,'2021-03-01 08:18:01.771480','2021-03-01 08:18:01.771522'),(7893,_binary '\0',NULL,7,3710,0,'2021-03-01 08:18:02.005227','2021-03-01 08:18:02.005270'),(7894,_binary '\0',NULL,8,3710,0,'2021-03-01 08:18:02.272144','2021-03-01 08:18:02.272186'),(7895,_binary '\0',NULL,12,3710,0,'2021-03-01 08:18:02.539229','2021-03-01 08:18:02.539270'),(7896,_binary '\0',NULL,6,3710,0,'2021-03-01 08:18:02.806844','2021-03-01 08:18:02.806890'),(7897,_binary '\0',NULL,7,3711,0,'2021-03-01 08:18:03.065124','2021-03-01 08:18:03.065167'),(7898,_binary '\0',NULL,8,3711,0,'2021-03-01 08:18:03.374378','2021-03-01 08:18:03.374420'),(7899,_binary '\0',NULL,12,3711,0,'2021-03-01 08:18:03.643544','2021-03-01 08:18:03.643572'),(7900,_binary '\0',NULL,6,3711,0,'2021-03-01 08:18:03.933926','2021-03-01 08:18:03.933968'),(7901,_binary '\0',NULL,7,3712,0,'2021-03-01 08:18:04.218730','2021-03-01 08:18:04.218768'),(7902,_binary '\0',NULL,8,3712,0,'2021-03-01 08:18:04.494808','2021-03-01 08:18:04.494848'),(7903,_binary '\0',NULL,12,3712,0,'2021-03-01 08:18:04.760204','2021-03-01 08:18:04.760234'),(7904,_binary '\0',NULL,6,3712,0,'2021-03-01 08:18:05.004300','2021-03-01 08:18:05.004344'),(7905,_binary '\0',NULL,7,3713,0,'2021-03-01 08:18:05.203810','2021-03-01 08:18:05.203850'),(7906,_binary '\0',NULL,8,3713,0,'2021-03-01 08:18:05.404670','2021-03-01 08:18:05.404704'),(7907,_binary '\0',NULL,12,3713,0,'2021-03-01 08:18:05.603919','2021-03-01 08:18:05.603950'),(7908,_binary '\0',NULL,6,3713,0,'2021-03-01 08:18:05.804326','2021-03-01 08:18:05.804379'),(7909,_binary '\0',NULL,7,3991,0,'2021-03-01 08:18:06.005383','2021-03-01 08:18:06.005432'),(7910,_binary '\0',NULL,1,3991,0,'2021-03-01 08:18:06.214249','2021-03-01 08:18:06.214292'),(7911,_binary '\0',NULL,7,3992,0,'2021-03-01 08:18:06.515082','2021-03-01 08:18:06.515126'),(7912,_binary '\0',NULL,1,3992,0,'2021-03-01 08:18:06.823988','2021-03-01 08:18:06.824032'),(7913,_binary '\0',NULL,7,3993,0,'2021-03-01 08:18:07.082958','2021-03-01 08:18:07.083050'),(7914,_binary '\0',NULL,1,3993,0,'2021-03-01 08:18:07.315460','2021-03-01 08:18:07.315488'),(7915,_binary '\0',NULL,7,3994,0,'2021-03-01 08:18:07.584124','2021-03-01 08:18:07.584184'),(7916,_binary '\0',NULL,1,3994,0,'2021-03-01 08:18:07.868915','2021-03-01 08:18:07.868947'),(7917,_binary '\0',NULL,7,3995,0,'2021-03-01 08:18:08.859483','2021-03-01 08:18:08.859564'),(7918,_binary '\0',NULL,1,3995,0,'2021-03-01 08:18:09.571325','2021-03-01 08:18:09.571360'),(7919,_binary '\0',NULL,7,3996,0,'2021-03-01 08:18:10.004524','2021-03-01 08:18:10.004566'),(7920,_binary '\0',NULL,1,3996,0,'2021-03-01 08:18:10.238611','2021-03-01 08:18:10.238648'),(7921,_binary '\0',NULL,7,3997,0,'2021-03-01 08:18:10.455648','2021-03-01 08:18:10.455685'),(7922,_binary '\0',NULL,1,3997,0,'2021-03-01 08:18:10.735393','2021-03-01 08:18:10.735432'),(7923,_binary '\0',NULL,7,3998,0,'2021-03-01 08:18:11.039901','2021-03-01 08:18:11.039956'),(7924,_binary '\0',NULL,1,3998,0,'2021-03-01 08:18:11.293878','2021-03-01 08:18:11.293926'),(7925,_binary '\0',NULL,7,4014,0,'2021-03-01 08:18:11.574971','2021-03-01 08:18:11.575062'),(7926,_binary '\0',NULL,1,4014,0,'2021-03-01 08:18:11.866950','2021-03-01 08:18:11.866981'),(7927,_binary '\0',NULL,7,4015,0,'2021-03-01 08:18:12.191252','2021-03-01 08:18:12.191271'),(7928,_binary '\0',NULL,1,4015,0,'2021-03-01 08:18:12.460006','2021-03-01 08:18:12.460051'),(7929,_binary '\0',NULL,7,4016,0,'2021-03-01 08:18:12.727164','2021-03-01 08:18:12.727191'),(7930,_binary '\0',NULL,1,4016,0,'2021-03-01 08:18:13.102869','2021-03-01 08:18:13.102896'),(7931,_binary '\0',NULL,7,4017,0,'2021-03-01 08:18:13.378285','2021-03-01 08:18:13.378316'),(7932,_binary '\0',NULL,1,4017,0,'2021-03-01 08:18:13.646416','2021-03-01 08:18:13.646447'),(7933,_binary '\0',NULL,7,4030,0,'2021-03-01 08:18:14.012336','2021-03-01 08:18:14.012354'),(7934,_binary '\0',NULL,8,4030,0,'2021-03-01 08:18:14.333298','2021-03-01 08:18:14.333320'),(7935,_binary '\0',NULL,16,4030,0,'2021-03-01 08:18:14.628452','2021-03-01 08:18:14.628501'),(7936,_binary '\0',NULL,2,4030,0,'2021-03-01 08:18:14.998099','2021-03-01 08:18:14.998120'),(7937,_binary '\0',NULL,5,4030,0,'2021-03-01 08:18:15.257724','2021-03-01 08:18:15.257751'),(7938,_binary '\0',NULL,10,4030,0,'2021-03-01 08:18:15.456550','2021-03-01 08:18:15.456568'),(7939,_binary '\0',NULL,7,4031,0,'2021-03-01 08:18:15.673845','2021-03-01 08:18:15.673865'),(7940,_binary '\0',NULL,8,4031,0,'2021-03-01 08:18:16.117875','2021-03-01 08:18:16.117910'),(7941,_binary '\0',NULL,16,4031,0,'2021-03-01 08:18:16.402927','2021-03-01 08:18:16.402955'),(7942,_binary '\0',NULL,2,4031,0,'2021-03-01 08:18:16.701874','2021-03-01 08:18:16.701906'),(7943,_binary '\0',NULL,5,4031,0,'2021-03-01 08:18:17.085902','2021-03-01 08:18:17.085929'),(7944,_binary '\0',NULL,10,4031,0,'2021-03-01 08:18:17.343394','2021-03-01 08:18:17.343413'),(7945,_binary '\0',NULL,7,4032,0,'2021-03-01 08:18:17.662560','2021-03-01 08:18:17.662598'),(7946,_binary '\0',NULL,8,4032,0,'2021-03-01 08:18:17.962432','2021-03-01 08:18:17.962454'),(7947,_binary '\0',NULL,16,4032,0,'2021-03-01 08:18:18.247950','2021-03-01 08:18:18.247989'),(7948,_binary '\0',NULL,2,4032,0,'2021-03-01 08:18:18.464856','2021-03-01 08:18:18.464883'),(7949,_binary '\0',NULL,5,4032,0,'2021-03-01 08:18:18.740165','2021-03-01 08:18:18.740192'),(7950,_binary '\0',NULL,10,4032,0,'2021-03-01 08:18:19.099419','2021-03-01 08:18:19.099448'),(7951,_binary '\0',NULL,7,4033,0,'2021-03-01 08:18:19.366768','2021-03-01 08:18:19.366795'),(7952,_binary '\0',NULL,8,4033,0,'2021-03-01 08:18:19.601631','2021-03-01 08:18:19.601649'),(7953,_binary '\0',NULL,16,4033,0,'2021-03-01 08:18:19.968063','2021-03-01 08:18:19.968100'),(7954,_binary '\0',NULL,2,4033,0,'2021-03-01 08:18:20.203031','2021-03-01 08:18:20.203060'),(7955,_binary '\0',NULL,5,4033,0,'2021-03-01 08:18:20.485227','2021-03-01 08:18:20.485260'),(7956,_binary '\0',NULL,10,4033,0,'2021-03-01 08:18:20.885700','2021-03-01 08:18:20.885729'),(7957,_binary '\0',NULL,7,4038,0,'2021-03-01 08:18:21.186337','2021-03-01 08:18:21.186366'),(7958,_binary '\0',NULL,8,4038,0,'2021-03-01 08:18:21.453802','2021-03-01 08:18:21.453830'),(7959,_binary '\0',NULL,16,4038,0,'2021-03-01 08:18:21.671100','2021-03-01 08:18:21.671128'),(7960,_binary '\0',NULL,2,4038,0,'2021-03-01 08:18:21.952282','2021-03-01 08:18:21.952304'),(7961,_binary '\0',NULL,5,4038,0,'2021-03-01 08:18:22.246655','2021-03-01 08:18:22.246682'),(7962,_binary '\0',NULL,10,4038,0,'2021-03-01 08:18:22.497167','2021-03-01 08:18:22.497186'),(7963,_binary '\0',NULL,7,4039,0,'2021-03-01 08:18:22.814512','2021-03-01 08:18:22.814530'),(7964,_binary '\0',NULL,8,4039,0,'2021-03-01 08:18:23.135016','2021-03-01 08:18:23.135035'),(7965,_binary '\0',NULL,16,4039,0,'2021-03-01 08:18:23.384398','2021-03-01 08:18:23.384426'),(7966,_binary '\0',NULL,2,4039,0,'2021-03-01 08:18:23.658024','2021-03-01 08:18:23.658044'),(7967,_binary '\0',NULL,5,4039,0,'2021-03-01 08:18:24.059541','2021-03-01 08:18:24.059570'),(7968,_binary '\0',NULL,10,4039,0,'2021-03-01 08:18:24.344946','2021-03-01 08:18:24.344975'),(7969,_binary '\0',NULL,7,4040,0,'2021-03-01 08:18:24.619707','2021-03-01 08:18:24.619735'),(7970,_binary '\0',NULL,8,4040,0,'2021-03-01 08:18:24.986509','2021-03-01 08:18:24.986536'),(7971,_binary '\0',NULL,16,4040,0,'2021-03-01 08:18:25.253457','2021-03-01 08:18:25.253484'),(7972,_binary '\0',NULL,2,4040,0,'2021-03-01 08:18:25.521042','2021-03-01 08:18:25.521068'),(7973,_binary '\0',NULL,5,4040,0,'2021-03-01 08:18:25.805812','2021-03-01 08:18:25.805840'),(7974,_binary '\0',NULL,10,4040,0,'2021-03-01 08:18:26.188644','2021-03-01 08:18:26.188681'),(7975,_binary '\0',NULL,7,4041,0,'2021-03-01 08:18:26.489349','2021-03-01 08:18:26.489379'),(7976,_binary '\0',NULL,8,4041,0,'2021-03-01 08:18:26.772950','2021-03-01 08:18:26.772977'),(7977,_binary '\0',NULL,16,4041,0,'2021-03-01 08:18:27.118281','2021-03-01 08:18:27.118299'),(7978,_binary '\0',NULL,2,4041,0,'2021-03-01 08:18:27.407516','2021-03-01 08:18:27.407534'),(7979,_binary '\0',NULL,5,4041,0,'2021-03-01 08:18:27.674958','2021-03-01 08:18:27.674980'),(7980,_binary '\0',NULL,10,4041,0,'2021-03-01 08:18:28.093526','2021-03-01 08:18:28.093556'),(7981,_binary '\0',NULL,7,4060,0,'2021-03-01 08:18:28.361152','2021-03-01 08:18:28.361189'),(7982,_binary '\0',NULL,8,4060,0,'2021-03-01 08:18:28.636443','2021-03-01 08:18:28.636468'),(7983,_binary '\0',NULL,16,4060,0,'2021-03-01 08:18:29.020644','2021-03-01 08:18:29.020670'),(7984,_binary '\0',NULL,2,4060,0,'2021-03-01 08:18:29.287706','2021-03-01 08:18:29.287730'),(7985,_binary '\0',NULL,5,4060,0,'2021-03-01 08:18:29.561202','2021-03-01 08:18:29.561228'),(7986,_binary '\0',NULL,10,4060,0,'2021-03-01 08:18:29.796940','2021-03-01 08:18:29.796967'),(7987,_binary '\0',NULL,7,4061,0,'2021-03-01 08:18:30.188286','2021-03-01 08:18:30.188306'),(7988,_binary '\0',NULL,8,4061,0,'2021-03-01 08:18:30.397834','2021-03-01 08:18:30.397858'),(7989,_binary '\0',NULL,16,4061,0,'2021-03-01 08:18:30.656452','2021-03-01 08:18:30.656476'),(7990,_binary '\0',NULL,2,4061,0,'2021-03-01 08:18:31.022680','2021-03-01 08:18:31.022700'),(7991,_binary '\0',NULL,5,4061,0,'2021-03-01 08:18:31.283842','2021-03-01 08:18:31.283867'),(7992,_binary '\0',NULL,10,4061,0,'2021-03-01 08:18:31.593311','2021-03-01 08:18:31.593365'),(7993,_binary '\0',NULL,7,4062,0,'2021-03-01 08:18:31.877193','2021-03-01 08:18:31.877276'),(7994,_binary '\0',NULL,8,4062,0,'2021-03-01 08:18:32.200829','2021-03-01 08:18:32.200846'),(7995,_binary '\0',NULL,16,4062,0,'2021-03-01 08:18:32.452800','2021-03-01 08:18:32.452823'),(7996,_binary '\0',NULL,2,4062,0,'2021-03-01 08:18:32.695108','2021-03-01 08:18:32.695130'),(7997,_binary '\0',NULL,5,4062,0,'2021-03-01 08:18:33.003803','2021-03-01 08:18:33.003827'),(7998,_binary '\0',NULL,10,4062,0,'2021-03-01 08:18:33.271084','2021-03-01 08:18:33.271106'),(7999,_binary '\0',NULL,7,4063,0,'2021-03-01 08:18:33.487141','2021-03-01 08:18:33.487160'),(8000,_binary '\0',NULL,8,4063,0,'2021-03-01 08:18:33.687112','2021-03-01 08:18:33.687130'),(8001,_binary '\0',NULL,16,4063,0,'2021-03-01 08:18:33.988936','2021-03-01 08:18:33.988953'),(8002,_binary '\0',NULL,2,4063,0,'2021-03-01 08:18:34.189395','2021-03-01 08:18:34.189421'),(8003,_binary '\0',NULL,5,4063,0,'2021-03-01 08:18:34.381619','2021-03-01 08:18:34.381641'),(8004,_binary '\0',NULL,10,4063,0,'2021-03-01 08:18:34.652908','2021-03-01 08:18:34.652930'),(8005,_binary '\0',NULL,7,4142,0,'2021-03-01 08:18:35.023861','2021-03-01 08:18:35.023880'),(8006,_binary '\0',NULL,8,4142,0,'2021-03-01 08:18:35.275323','2021-03-01 08:18:35.275355'),(8007,_binary '\0',NULL,12,4142,0,'2021-03-01 08:18:35.553134','2021-03-01 08:18:35.553155'),(8008,_binary '\0',NULL,6,4142,0,'2021-03-01 08:18:35.905590','2021-03-01 08:18:35.905607'),(8009,_binary '\0',NULL,7,4143,0,'2021-03-01 08:18:36.236324','2021-03-01 08:18:36.236348'),(8010,_binary '\0',NULL,8,4143,0,'2021-03-01 08:18:36.537001','2021-03-01 08:18:36.537022'),(8011,_binary '\0',NULL,12,4143,0,'2021-03-01 08:18:36.820076','2021-03-01 08:18:36.820092'),(8012,_binary '\0',NULL,6,4143,0,'2021-03-01 08:18:37.204693','2021-03-01 08:18:37.204715'),(8013,_binary '\0',NULL,7,4144,0,'2021-03-01 08:18:37.471846','2021-03-01 08:18:37.471872'),(8014,_binary '\0',NULL,8,4144,0,'2021-03-01 08:18:37.739395','2021-03-01 08:18:37.739418'),(8015,_binary '\0',NULL,12,4144,0,'2021-03-01 08:18:38.089771','2021-03-01 08:18:38.089793'),(8016,_binary '\0',NULL,6,4144,0,'2021-03-01 08:18:38.360039','2021-03-01 08:18:38.360058'),(8017,_binary '\0',NULL,7,4145,0,'2021-03-01 08:18:38.590463','2021-03-01 08:18:38.590485'),(8018,_binary '\0',NULL,8,4145,0,'2021-03-01 08:18:38.974835','2021-03-01 08:18:38.974857'),(8019,_binary '\0',NULL,12,4145,0,'2021-03-01 08:18:39.260088','2021-03-01 08:18:39.260107'),(8020,_binary '\0',NULL,6,4145,0,'2021-03-01 08:18:39.544725','2021-03-01 08:18:39.544746'),(8021,_binary '\0',NULL,7,4578,0,'2021-03-01 08:18:40.060048','2021-03-01 08:18:40.060065'),(8022,_binary '\0',NULL,8,4578,0,'2021-03-01 08:18:40.328591','2021-03-01 08:18:40.328614'),(8023,_binary '\0',NULL,12,4578,0,'2021-03-01 08:18:40.594329','2021-03-01 08:18:40.594347'),(8024,_binary '\0',NULL,6,4578,0,'2021-03-01 08:18:40.919919','2021-03-01 08:18:40.919940'),(8025,_binary '\0',NULL,7,4579,0,'2021-03-01 08:18:41.221745','2021-03-01 08:18:41.221767'),(8026,_binary '\0',NULL,8,4579,0,'2021-03-01 08:18:41.488996','2021-03-01 08:18:41.489017'),(8027,_binary '\0',NULL,12,4579,0,'2021-03-01 08:18:41.744591','2021-03-01 08:18:41.744614'),(8028,_binary '\0',NULL,6,4579,0,'2021-03-01 08:18:42.034611','2021-03-01 08:18:42.034627'),(8029,_binary '\0',NULL,7,4580,0,'2021-03-01 08:18:42.298867','2021-03-01 08:18:42.298890'),(8030,_binary '\0',NULL,8,4580,0,'2021-03-01 08:18:42.515872','2021-03-01 08:18:42.515894'),(8031,_binary '\0',NULL,12,4580,0,'2021-03-01 08:18:42.833259','2021-03-01 08:18:42.833280'),(8032,_binary '\0',NULL,6,4580,0,'2021-03-01 08:18:43.200419','2021-03-01 08:18:43.200443'),(8033,_binary '\0',NULL,15,4736,0,'2021-03-01 08:18:43.436033','2021-03-01 08:18:43.436054'),(8034,_binary '\0',NULL,8,4736,0,'2021-03-01 08:18:43.717984','2021-03-01 08:18:43.718005'),(8035,_binary '\0',NULL,16,4736,0,'2021-03-01 08:18:44.152782','2021-03-01 08:18:44.152804'),(8036,_binary '\0',NULL,5,4736,0,'2021-03-01 08:18:44.420573','2021-03-01 08:18:44.420594'),(8037,_binary '\0',NULL,15,4737,0,'2021-03-01 08:18:44.687839','2021-03-01 08:18:44.687860'),(8038,_binary '\0',NULL,8,4737,0,'2021-03-01 08:18:44.988986','2021-03-01 08:18:44.989009'),(8039,_binary '\0',NULL,16,4737,0,'2021-03-01 08:18:45.269689','2021-03-01 08:18:45.269711'),(8040,_binary '\0',NULL,5,4737,0,'2021-03-01 08:18:45.496181','2021-03-01 08:18:45.496198'),(8041,_binary '\0',NULL,15,4738,0,'2021-03-01 08:18:45.753359','2021-03-01 08:18:45.753386'),(8042,_binary '\0',NULL,8,4738,0,'2021-03-01 08:18:46.007098','2021-03-01 08:18:46.007123'),(8043,_binary '\0',NULL,16,4738,0,'2021-03-01 08:18:46.281342','2021-03-01 08:18:46.281359'),(8044,_binary '\0',NULL,5,4738,0,'2021-03-01 08:18:46.514763','2021-03-01 08:18:46.514779'),(8045,_binary '\0',NULL,15,4739,0,'2021-03-01 08:18:46.812283','2021-03-01 08:18:46.812304'),(8046,_binary '\0',NULL,8,4739,0,'2021-03-01 08:18:47.234753','2021-03-01 08:18:47.234777'),(8047,_binary '\0',NULL,16,4739,0,'2021-03-01 08:18:47.510077','2021-03-01 08:18:47.510101'),(8048,_binary '\0',NULL,5,4739,0,'2021-03-01 08:18:47.900872','2021-03-01 08:18:47.900894'),(8049,_binary '\0',NULL,15,4740,0,'2021-03-01 08:18:48.211003','2021-03-01 08:18:48.211025'),(8050,_binary '\0',NULL,8,4740,0,'2021-03-01 08:18:48.510197','2021-03-01 08:18:48.510215'),(8051,_binary '\0',NULL,16,4740,0,'2021-03-01 08:18:48.883323','2021-03-01 08:18:48.883350'),(8052,_binary '\0',NULL,5,4740,0,'2021-03-01 08:18:49.220724','2021-03-01 08:18:49.220743'),(8053,_binary '\0',NULL,15,4741,0,'2021-03-01 08:18:49.555997','2021-03-01 08:18:49.556019'),(8054,_binary '\0',NULL,8,4741,0,'2021-03-01 08:18:49.897146','2021-03-01 08:18:49.897164'),(8055,_binary '\0',NULL,16,4741,0,'2021-03-01 08:18:50.177888','2021-03-01 08:18:50.177910'),(8056,_binary '\0',NULL,5,4741,0,'2021-03-01 08:18:50.477331','2021-03-01 08:18:50.477355'),(8057,_binary '\0',NULL,15,4742,0,'2021-03-01 08:18:50.725602','2021-03-01 08:18:50.725657'),(8058,_binary '\0',NULL,8,4742,0,'2021-03-01 08:18:51.100221','2021-03-01 08:18:51.100241'),(8059,_binary '\0',NULL,16,4742,0,'2021-03-01 08:18:51.434284','2021-03-01 08:18:51.434304'),(8060,_binary '\0',NULL,5,4742,0,'2021-03-01 08:18:51.700219','2021-03-01 08:18:51.700234'),(8061,_binary '\0',NULL,15,4743,0,'2021-03-01 08:18:52.069886','2021-03-01 08:18:52.069909'),(8062,_binary '\0',NULL,8,4743,0,'2021-03-01 08:18:52.419644','2021-03-01 08:18:52.419666'),(8063,_binary '\0',NULL,16,4743,0,'2021-03-01 08:18:52.619492','2021-03-01 08:18:52.619512'),(8064,_binary '\0',NULL,5,4743,0,'2021-03-01 08:18:52.916464','2021-03-01 08:18:52.916503'),(8065,_binary '\0',NULL,15,4744,0,'2021-03-01 08:18:53.395666','2021-03-01 08:18:53.395687'),(8066,_binary '\0',NULL,8,4744,0,'2021-03-01 08:18:53.654507','2021-03-01 08:18:53.654522'),(8067,_binary '\0',NULL,16,4744,0,'2021-03-01 08:18:53.946585','2021-03-01 08:18:53.946599'),(8068,_binary '\0',NULL,5,4744,0,'2021-03-01 08:18:54.262352','2021-03-01 08:18:54.262375'),(8069,_binary '\0',NULL,15,4745,0,'2021-03-01 08:18:54.542897','2021-03-01 08:18:54.542917'),(8070,_binary '\0',NULL,8,4745,0,'2021-03-01 08:18:54.923407','2021-03-01 08:18:54.923424'),(8071,_binary '\0',NULL,16,4745,0,'2021-03-01 08:18:55.231995','2021-03-01 08:18:55.232009'),(8072,_binary '\0',NULL,5,4745,0,'2021-03-01 08:18:55.500754','2021-03-01 08:18:55.500775'),(8073,_binary '\0',NULL,15,4748,0,'2021-03-01 08:18:55.935879','2021-03-01 08:18:55.935894'),(8074,_binary '\0',NULL,8,4748,0,'2021-03-01 08:18:56.234876','2021-03-01 08:18:56.234897'),(8075,_binary '\0',NULL,16,4748,0,'2021-03-01 08:18:56.500878','2021-03-01 08:18:56.500894'),(8076,_binary '\0',NULL,5,4748,0,'2021-03-01 08:18:56.985165','2021-03-01 08:18:56.985185'),(8077,_binary '\0',NULL,15,4749,0,'2021-03-01 08:18:57.279153','2021-03-01 08:18:57.279176'),(8078,_binary '\0',NULL,8,4749,0,'2021-03-01 08:18:57.554027','2021-03-01 08:18:57.554047'),(8079,_binary '\0',NULL,16,4749,0,'2021-03-01 08:18:58.011283','2021-03-01 08:18:58.011297'),(8080,_binary '\0',NULL,5,4749,0,'2021-03-01 08:18:58.229966','2021-03-01 08:18:58.229988'),(8081,_binary '\0',NULL,15,4750,0,'2021-03-01 08:18:58.514873','2021-03-01 08:18:58.514899'),(8082,_binary '\0',NULL,8,4750,0,'2021-03-01 08:18:59.082362','2021-03-01 08:18:59.082387'),(8083,_binary '\0',NULL,16,4750,0,'2021-03-01 08:18:59.306238','2021-03-01 08:18:59.306253'),(8084,_binary '\0',NULL,5,4750,0,'2021-03-01 08:18:59.524922','2021-03-01 08:18:59.524944'),(8085,_binary '\0',NULL,15,4751,0,'2021-03-01 08:19:00.042759','2021-03-01 08:19:00.042780'),(8086,_binary '\0',NULL,8,4751,0,'2021-03-01 08:19:00.309303','2021-03-01 08:19:00.309325'),(8087,_binary '\0',NULL,16,4751,0,'2021-03-01 08:19:00.818645','2021-03-01 08:19:00.818665'),(8088,_binary '\0',NULL,5,4751,0,'2021-03-01 08:19:01.186359','2021-03-01 08:19:01.186376'),(8089,_binary '\0',NULL,15,4752,0,'2021-03-01 08:19:01.486319','2021-03-01 08:19:01.486343'),(8090,_binary '\0',NULL,8,4752,0,'2021-03-01 08:19:02.052839','2021-03-01 08:19:02.052858'),(8091,_binary '\0',NULL,16,4752,0,'2021-03-01 08:19:02.327533','2021-03-01 08:19:02.327548'),(8092,_binary '\0',NULL,5,4752,0,'2021-03-01 08:19:02.545704','2021-03-01 08:19:02.545720'),(8093,_binary '\0',NULL,15,4753,0,'2021-03-01 08:19:03.138794','2021-03-01 08:19:03.138848'),(8094,_binary '\0',NULL,8,4753,0,'2021-03-01 08:19:03.339291','2021-03-01 08:19:03.339357'),(8095,_binary '\0',NULL,16,4753,0,'2021-03-01 08:19:03.741085','2021-03-01 08:19:03.741103'),(8096,_binary '\0',NULL,5,4753,0,'2021-03-01 08:19:04.107877','2021-03-01 08:19:04.107899'),(8097,_binary '\0',NULL,15,4754,0,'2021-03-01 08:19:04.342235','2021-03-01 08:19:04.342252'),(8098,_binary '\0',NULL,8,4754,0,'2021-03-01 08:19:04.701032','2021-03-01 08:19:04.701049'),(8099,_binary '\0',NULL,16,4754,0,'2021-03-01 08:19:05.059889','2021-03-01 08:19:05.059907'),(8100,_binary '\0',NULL,5,4754,0,'2021-03-01 08:19:05.327022','2021-03-01 08:19:05.327041'),(8101,_binary '\0',NULL,15,4755,0,'2021-03-01 08:19:05.685753','2021-03-01 08:19:05.685774'),(8102,_binary '\0',NULL,8,4755,0,'2021-03-01 08:19:05.985791','2021-03-01 08:19:05.985805'),(8103,_binary '\0',NULL,16,4755,0,'2021-03-01 08:19:06.237143','2021-03-01 08:19:06.237182'),(8104,_binary '\0',NULL,5,4755,0,'2021-03-01 08:19:06.520840','2021-03-01 08:19:06.520855'),(8105,_binary '\0',NULL,15,4756,0,'2021-03-01 08:19:06.737790','2021-03-01 08:19:06.737811'),(8106,_binary '\0',NULL,8,4756,0,'2021-03-01 08:19:07.130747','2021-03-01 08:19:07.130765'),(8107,_binary '\0',NULL,16,4756,0,'2021-03-01 08:19:07.573209','2021-03-01 08:19:07.573231'),(8108,_binary '\0',NULL,5,4756,0,'2021-03-01 08:19:07.923397','2021-03-01 08:19:07.923415'),(8109,_binary '\0',NULL,15,4757,0,'2021-03-01 08:19:08.140783','2021-03-01 08:19:08.140800'),(8110,_binary '\0',NULL,8,4757,0,'2021-03-01 08:19:08.475679','2021-03-01 08:19:08.475697'),(8111,_binary '\0',NULL,16,4757,0,'2021-03-01 08:19:08.741112','2021-03-01 08:19:08.741126'),(8112,_binary '\0',NULL,5,4757,0,'2021-03-01 08:19:09.151778','2021-03-01 08:19:09.151796'),(8113,_binary '\0',NULL,15,4758,0,'2021-03-01 08:19:09.418802','2021-03-01 08:19:09.418823'),(8114,_binary '\0',NULL,8,4758,0,'2021-03-01 08:19:09.735596','2021-03-01 08:19:09.735616'),(8115,_binary '\0',NULL,16,4758,0,'2021-03-01 08:19:10.035238','2021-03-01 08:19:10.035255'),(8116,_binary '\0',NULL,5,4758,0,'2021-03-01 08:19:10.336977','2021-03-01 08:19:10.336991'),(8117,_binary '\0',NULL,9,4848,0,'2021-03-01 08:19:10.595834','2021-03-01 08:19:10.595854'),(8118,_binary '\0',NULL,16,4848,0,'2021-03-01 08:19:11.062064','2021-03-01 08:19:11.062080'),(8119,_binary '\0',NULL,5,4848,0,'2021-03-01 08:19:11.285613','2021-03-01 08:19:11.285625'),(8120,_binary '\0',NULL,9,4849,0,'2021-03-01 08:19:11.564278','2021-03-01 08:19:11.564295'),(8121,_binary '\0',NULL,16,4849,0,'2021-03-01 08:19:11.746649','2021-03-01 08:19:11.746666'),(8122,_binary '\0',NULL,5,4849,0,'2021-03-01 08:19:12.113916','2021-03-01 08:19:12.113933'),(8123,_binary '\0',NULL,9,4850,0,'2021-03-01 08:19:12.364624','2021-03-01 08:19:12.364637'),(8124,_binary '\0',NULL,16,4850,0,'2021-03-01 08:19:12.674857','2021-03-01 08:19:12.674873'),(8125,_binary '\0',NULL,5,4850,0,'2021-03-01 08:19:13.125704','2021-03-01 08:19:13.125718'),(8126,_binary '\0',NULL,9,4851,0,'2021-03-01 08:19:13.402465','2021-03-01 08:19:13.402482'),(8127,_binary '\0',NULL,16,4851,0,'2021-03-01 08:19:13.727942','2021-03-01 08:19:13.727961'),(8128,_binary '\0',NULL,5,4851,0,'2021-03-01 08:19:14.095304','2021-03-01 08:19:14.095322'),(8129,_binary '\0',NULL,9,5099,0,'2021-03-01 08:19:14.352549','2021-03-01 08:19:14.352564'),(8130,_binary '\0',NULL,2,5099,0,'2021-03-01 08:19:14.554890','2021-03-01 08:19:14.554909'),(8131,_binary '\0',NULL,10,5099,0,'2021-03-01 08:19:14.888343','2021-03-01 08:19:14.888361'),(8132,_binary '\0',NULL,9,5100,0,'2021-03-01 08:19:15.210613','2021-03-01 08:19:15.210626'),(8133,_binary '\0',NULL,2,5100,0,'2021-03-01 08:19:15.489638','2021-03-01 08:19:15.489656'),(8134,_binary '\0',NULL,10,5100,0,'2021-03-01 08:19:15.740715','2021-03-01 08:19:15.740730'),(8135,_binary '\0',NULL,9,5101,0,'2021-03-01 08:19:16.112286','2021-03-01 08:19:16.112307'),(8136,_binary '\0',NULL,2,5101,0,'2021-03-01 08:19:16.357744','2021-03-01 08:19:16.357762'),(8137,_binary '\0',NULL,10,5101,0,'2021-03-01 08:19:16.634126','2021-03-01 08:19:16.634144'),(8138,_binary '\0',NULL,8,5114058,0,'2021-03-01 08:19:17.009758','2021-03-01 08:19:17.009776'),(8139,_binary '\0',NULL,16,5114058,0,'2021-03-01 08:19:17.241552','2021-03-01 08:19:17.241568'),(8140,_binary '\0',NULL,5,5114058,0,'2021-03-01 08:19:18.220050','2021-03-01 08:19:18.220077'),(8141,_binary '\0',NULL,8,5114059,0,'2021-03-01 08:19:18.444160','2021-03-01 08:19:18.444174'),(8142,_binary '\0',NULL,16,5114059,0,'2021-03-01 08:19:18.662344','2021-03-01 08:19:18.662368'),(8143,_binary '\0',NULL,5,5114059,0,'2021-03-01 08:19:19.063684','2021-03-01 08:19:19.063702'),(8144,_binary '\0',NULL,8,5114060,0,'2021-03-01 08:19:19.270642','2021-03-01 08:19:19.270656'),(8145,_binary '\0',NULL,16,5114060,0,'2021-03-01 08:19:19.456315','2021-03-01 08:19:19.456333'),(8146,_binary '\0',NULL,5,5114060,0,'2021-03-01 08:19:19.654675','2021-03-01 08:19:19.654689'),(8147,_binary '\0',NULL,8,5114061,0,'2021-03-01 08:19:20.064168','2021-03-01 08:19:20.064188'),(8148,_binary '\0',NULL,16,5114061,0,'2021-03-01 08:19:20.322548','2021-03-01 08:19:20.322561'),(8149,_binary '\0',NULL,5,5114061,0,'2021-03-01 08:19:20.582729','2021-03-01 08:19:20.582746');
/*!40000 ALTER TABLE `Karbantartas` ENABLE KEYS */;
UNLOCK TABLES;

--
-- Table structure for table `KarbantartasTipus`
--

DROP TABLE IF EXISTS `KarbantartasTipus`;
/*!40101 SET @saved_cs_client     = @@character_set_client */;
/*!50503 SET character_set_client = utf8mb4 */;
CREATE TABLE `KarbantartasTipus` (
  `karbTipusId` int NOT NULL,
  `karbTipusKod` varchar(255) CHARACTER SET utf8mb4 COLLATE utf8mb4_hu_0900_as_cs DEFAULT NULL,
  `karbTipusLeiras` varchar(255) CHARACTER SET utf8mb4 COLLATE utf8mb4_hu_0900_as_cs DEFAULT NULL,
  `creationDateTime` datetime(6) DEFAULT NULL,
  `updateDateTime` datetime(6) DEFAULT NULL,
  PRIMARY KEY (`karbTipusId`)
) ENGINE=InnoDB DEFAULT CHARSET=utf8mb4 COLLATE=utf8mb4_hu_0900_as_cs;
/*!40101 SET character_set_client = @saved_cs_client */;

--
-- Dumping data for table `KarbantartasTipus`
--

LOCK TABLES `KarbantartasTipus` WRITE;
/*!40000 ALTER TABLE `KarbantartasTipus` DISABLE KEYS */;
INSERT INTO `KarbantartasTipus` VALUES (1,'4.1.1','Háromfázisú motorok karbantartása',NULL,NULL),(2,'4.1.2','Fordulatszámérzékelők(ROU relé, iniciátor, tachogenerátor',NULL,NULL),(3,'4.1.3','Automaták, szakaszolók',NULL,NULL),(4,'4.1.4','Transzformátor, ellenállás, egyenirányító',NULL,NULL),(5,'4.1.5','Végálláskapcsolók',NULL,NULL),(6,'4.1.6','Betápszekrény',NULL,NULL),(7,'4.1.7','Vezérlőszekrények',NULL,NULL),(8,'4.1.8','Sorkapocsszekrény',NULL,NULL),(9,'4.1.9','Üzemi fék (eldró,fékmágnes)',NULL,NULL),(10,'4.1.10','Vészfék',NULL,NULL),(11,'4.1.11','Lágyindító',NULL,NULL),(12,'4.1.12','Indítópult, Vezérlőpult, Távvezérlés, dugalj',NULL,NULL),(13,'4.1.13','Zsírszivattyú - olajszivattyú',NULL,NULL),(14,'4.1.14','Mágneskapcsoló, relé',NULL,NULL),(15,'4.1.15','Időrelé, thermorelé, olajszint érzékelő, PTC',NULL,NULL),(16,'4.1.16','Vészleállító gomb, nyomógomb, kapcsoló, műszerek, jelzőlámpa',NULL,NULL),(17,'Cesare Kft','Frekvenciaváltó karbantartás a Cesare Kft-vel',NULL,NULL);
/*!40000 ALTER TABLE `KarbantartasTipus` ENABLE KEYS */;
UNLOCK TABLES;

--
-- Table structure for table `Lepcso`
--

DROP TABLE IF EXISTS `Lepcso`;
/*!40101 SET @saved_cs_client     = @@character_set_client */;
/*!50503 SET character_set_client = utf8mb4 */;
CREATE TABLE `Lepcso` (
  `lepcsoSzama` int NOT NULL,
  `creationDateTime` datetime(6) DEFAULT NULL,
  `updateDateTime` datetime(6) DEFAULT NULL,
  `erVedId` int DEFAULT NULL,
  `locationId` int DEFAULT NULL,
  `tipusId` int DEFAULT NULL,
  `statusId` int DEFAULT NULL,
  PRIMARY KEY (`lepcsoSzama`),
  KEY `FKt09tycp4vmhkgijw76yvytyik` (`erVedId`),
  KEY `FKh8oomolk5ktleu03o987ti537` (`locationId`),
  KEY `FKf3s4888sn5cnrhv6qk06pa5qx` (`tipusId`),
  KEY `FK4l6l33y8yidur9tvdjb2s6sbd` (`statusId`),
  CONSTRAINT `FK4l6l33y8yidur9tvdjb2s6sbd` FOREIGN KEY (`statusId`) REFERENCES `Status` (`statusId`),
  CONSTRAINT `FKf3s4888sn5cnrhv6qk06pa5qx` FOREIGN KEY (`tipusId`) REFERENCES `Tipus` (`tipusId`),
  CONSTRAINT `FKh8oomolk5ktleu03o987ti537` FOREIGN KEY (`locationId`) REFERENCES `Location` (`locationId`),
  CONSTRAINT `FKt09tycp4vmhkgijw76yvytyik` FOREIGN KEY (`erVedId`) REFERENCES `ErintesVedelem` (`erVedId`)
) ENGINE=InnoDB DEFAULT CHARSET=utf8mb4 COLLATE=utf8mb4_0900_ai_ci;
/*!40101 SET character_set_client = @saved_cs_client */;

--
-- Dumping data for table `Lepcso`
--

LOCK TABLES `Lepcso` WRITE;
/*!40000 ALTER TABLE `Lepcso` DISABLE KEYS */;
INSERT INTO `Lepcso` VALUES (7,'2020-08-02 11:20:48.585882','2020-12-03 06:04:10.423000',11,12,13,0),(8,'2020-08-02 11:21:24.220731','2020-11-28 10:26:51.944000',14,15,13,0),(9,'2020-08-02 11:22:10.458060','2020-12-03 06:04:17.349000',16,17,13,0),(10,'2020-08-02 11:24:06.353654','2020-12-10 12:32:05.445111',18,19,13,0),(284,'2020-08-03 09:06:27.943066','2020-12-03 06:04:24.683000',218,46,22,0),(285,'2020-08-03 09:06:37.335699','2020-08-03 09:06:37.335710',219,46,22,0),(286,'2020-08-03 09:06:47.664083','2020-08-03 09:06:47.664095',220,46,22,0),(308,'2020-08-03 09:08:15.877353','2020-12-03 05:54:26.453000',221,27,31,4),(309,'2020-08-03 09:08:29.152646','2020-12-03 05:54:39.505000',222,27,31,4),(310,'2020-08-03 09:08:36.351448','2020-12-03 05:54:51.970000',223,27,31,4),(311,'2020-08-03 09:08:43.886198','2020-12-03 05:55:00.243000',224,27,31,4),(312,'2020-08-02 11:35:19.175548','2020-12-03 05:55:18.756000',30,27,31,4),(313,'2020-08-02 11:36:07.596863','2020-12-03 05:55:38.691000',32,27,31,4),(314,'2020-08-02 11:36:20.849419','2020-12-03 05:55:47.365000',33,27,31,4),(315,'2020-08-02 11:36:32.123396','2020-12-03 05:55:57.855000',34,27,31,4),(322,'2020-08-02 11:43:09.059270','2020-08-02 11:43:09.059305',65,27,62,0),(323,'2020-08-02 11:43:18.558701','2020-08-02 11:43:18.558729',66,27,62,0),(324,'2020-08-02 11:43:23.920127','2020-08-02 11:43:23.920153',67,27,62,0),(351,'2020-08-02 11:42:35.034473','2021-02-03 10:30:04.276000',60,61,62,0),(352,'2020-08-02 11:42:43.577386','2020-08-02 11:42:43.577412',63,61,62,0),(353,'2020-08-02 11:42:49.605319','2020-08-02 11:42:49.605346',64,61,62,0),(480,'2020-08-02 11:44:37.327295','2020-08-02 11:44:37.327326',71,72,62,0),(481,'2020-08-02 11:44:48.112057','2020-08-02 11:44:48.112085',73,72,62,0),(482,'2020-08-02 11:44:54.077043','2020-08-13 04:39:33.188821',74,72,62,0),(501,'2020-08-03 08:34:42.254519','2020-08-03 08:34:42.254532',193,194,62,0),(502,'2020-08-03 08:34:50.988103','2020-08-03 08:34:50.988115',195,194,62,0),(503,'2020-08-03 08:35:01.944754','2020-08-03 08:35:01.944765',196,194,62,0),(713,'2020-08-03 09:10:59.983327','2020-12-03 06:02:58.396000',225,226,227,4),(714,'2020-08-18 09:40:34.634000','2020-12-03 06:03:07.142000',314,226,227,4),(748,'2020-11-12 16:12:28.631000','2020-12-03 05:56:22.759000',5077,5078,22,4),(749,'2020-11-12 16:12:39.515000','2020-12-03 05:56:35.855000',5079,5078,22,4),(750,'2020-12-03 05:56:49.906000','2020-12-03 05:56:49.906000',5081,5078,22,4),(751,'2020-11-12 16:14:25.126000','2020-11-12 16:14:25.126000',5082,5078,22,4),(764,'2020-08-02 11:31:31.268687','2020-12-03 05:57:08.317000',26,27,22,4),(765,'2020-08-02 11:31:42.215139','2020-12-03 05:57:18.250000',28,27,22,4),(766,'2020-08-02 11:31:55.598240','2020-12-03 05:57:27.236000',29,27,22,4),(780,'2020-08-03 09:01:20.728317','2020-12-03 05:57:52.088000',209,27,210,4),(781,'2020-08-03 09:01:31.346590','2020-12-03 05:58:01.943000',211,27,210,4),(782,'2020-08-03 09:01:42.008446','2020-12-03 05:58:11.649000',212,27,210,4),(783,'2020-11-12 16:15:09.359000','2020-12-03 05:58:27.604000',5083,5084,22,4),(784,'2020-11-12 16:15:28.560000','2020-12-03 05:58:36.054000',5085,5084,22,4),(785,'2020-11-12 16:15:44.118000','2020-12-03 05:58:45.437000',5086,5084,22,4),(789,'2020-11-12 16:11:16.224000','2020-12-03 05:58:59.637000',5073,5074,22,4),(790,'2020-11-12 16:11:47.972000','2020-12-03 05:59:09.819000',5075,5074,22,4),(791,'2020-11-12 16:11:58.007000','2020-12-03 05:59:24.190000',5076,5074,22,4),(808,'2020-08-02 11:25:04.175888','2020-12-03 05:59:42.665000',20,21,22,4),(809,'2020-08-02 11:25:25.084740','2020-12-03 05:59:55.427000',23,21,22,4),(810,'2020-08-02 11:26:20.046616','2020-12-03 06:00:06.830000',24,21,22,4),(811,'2020-08-02 11:26:39.333768','2020-12-03 06:00:16.979000',25,21,22,4),(1042,'2020-11-12 16:17:25.267000','2020-12-03 06:00:44.875000',5087,5088,202,4),(1043,'2020-11-12 18:20:39.996000','2020-12-03 06:00:53.661000',5527,5088,202,4),(1044,'2020-11-12 18:20:54.408000','2020-12-03 06:01:06.471000',5528,5088,202,4),(1105,'2020-08-03 08:57:36.091019','2020-12-03 06:01:23.916000',201,36,202,4),(1106,'2020-08-03 08:57:47.312098','2020-12-03 06:01:34.186000',203,36,202,4),(1107,'2020-08-03 08:57:57.256213','2020-12-03 06:01:43.395000',204,36,202,4),(1108,'2020-08-03 08:58:03.640950','2020-12-03 06:01:53.232000',205,36,202,4),(1126,'2020-08-03 08:58:12.712618','2020-12-03 06:02:09.011000',206,36,202,4),(1127,'2020-08-03 08:58:23.586739','2020-12-03 06:02:26.740000',207,36,202,4),(1128,'2020-08-03 08:58:32.685295','2020-12-03 06:02:40.851000',208,36,202,4),(1353,'2020-08-02 11:39:06.022003','2021-01-29 11:58:40.560000',41,42,43,0),(1361,'2020-08-02 11:39:17.023355','2020-08-02 11:39:17.023438',44,42,43,0),(1522,'2020-08-05 06:38:57.536410','2020-08-14 10:15:23.429000',242,98,43,0),(1523,'2020-08-05 06:38:45.710933','2020-08-05 06:43:52.351385',241,98,43,0),(3708,'2020-08-02 11:39:52.841430','2020-08-02 11:39:52.841476',45,46,47,0),(3709,'2020-08-02 11:40:06.867868','2020-08-25 07:22:45.948000',48,46,47,0),(3710,'2020-08-02 11:40:17.132975','2020-08-02 11:40:17.133001',49,46,47,0),(3711,'2020-08-02 11:40:41.183767','2020-08-05 07:09:59.535125',50,46,51,0),(3712,'2020-08-02 11:40:48.888573','2020-08-10 06:55:53.373234',52,46,51,0),(3713,'2020-08-02 11:40:59.001997','2020-08-05 06:07:58.045519',53,46,51,0),(3991,'2020-08-03 08:13:25.246403','2020-08-03 08:13:25.246433',120,121,99,0),(3992,'2020-08-03 08:13:37.011969','2020-08-03 08:13:37.011990',122,121,99,0),(3993,'2020-08-03 08:13:47.638944','2020-08-03 08:13:47.638989',123,121,99,0),(3994,'2020-08-03 08:13:57.897271','2020-08-03 08:13:57.897289',124,121,99,0),(3995,'2020-08-03 08:14:05.597713','2020-08-05 06:45:41.988643',125,121,99,0),(3996,'2020-08-03 08:14:13.251645','2020-08-03 08:14:13.251666',126,121,99,0),(3997,'2020-08-03 08:14:18.580386','2020-08-17 06:17:25.317000',127,121,99,0),(3998,'2020-08-03 08:14:27.297164','2020-08-11 04:43:22.066882',128,121,99,0),(4014,'2020-08-03 08:14:48.259652','2020-08-05 07:13:08.451834',129,130,99,0),(4015,'2020-08-03 08:14:55.275323','2020-08-03 08:14:55.275364',131,130,99,0),(4016,'2020-08-03 08:15:00.905955','2020-08-03 08:15:00.905977',132,130,99,0),(4017,'2020-08-03 08:15:06.829771','2020-08-03 08:15:06.829788',133,130,99,0),(4018,'2020-08-03 08:15:20.623401','2020-08-03 08:15:20.623420',134,130,99,0),(4019,'2020-08-03 08:15:28.928110','2020-08-03 08:15:28.928128',135,130,99,0),(4020,'2020-08-03 08:15:48.709553','2020-08-31 10:58:02.954000',136,137,99,0),(4021,'2020-08-03 08:15:57.112101','2020-08-03 08:15:57.112121',138,137,99,0),(4022,'2020-08-03 08:16:04.536845','2020-08-03 08:16:04.536862',139,137,99,0),(4023,'2020-08-03 08:16:11.442295','2020-08-03 08:16:11.442312',140,137,99,0),(4024,'2020-08-03 08:16:16.406207','2020-08-03 08:16:58.966102',141,143,99,0),(4025,'2020-08-03 08:16:22.877419','2020-08-03 08:17:56.302242',142,143,99,0),(4026,'2020-08-03 08:18:11.893210','2020-08-03 08:18:11.893227',144,143,99,0),(4027,'2020-08-03 08:18:26.854892','2020-08-11 04:43:50.274463',145,143,99,0),(4028,'2020-08-03 08:18:41.710090','2020-08-03 08:18:41.710111',146,143,99,0),(4029,'2020-08-03 08:18:49.891622','2020-08-03 08:18:49.891648',147,143,99,0),(4030,'2020-08-03 08:05:01.274949','2020-08-03 08:06:00.429807',106,108,99,0),(4031,'2020-08-03 08:05:50.287433','2020-08-03 08:05:50.287451',107,108,99,0),(4032,'2020-08-03 08:08:04.131441','2020-08-03 08:08:04.131461',109,108,99,0),(4033,'2020-08-03 08:08:17.007304','2020-08-03 08:08:17.007331',110,108,99,0),(4034,'2020-08-03 08:08:39.451361','2020-08-03 08:08:39.451423',111,108,112,0),(4035,'2020-08-03 08:08:53.475114','2020-08-03 08:08:53.475136',113,108,112,0),(4036,'2020-08-03 08:09:12.955818','2020-08-03 08:09:12.955838',114,108,112,0),(4037,'2020-08-03 08:09:43.791216','2020-08-03 08:09:43.791243',115,108,112,0),(4038,'2020-08-03 07:53:57.671085','2020-08-31 10:57:02.146000',100,98,99,0),(4039,'2020-08-03 07:53:31.893949','2020-08-05 06:30:15.803633',97,98,99,0),(4040,'2020-08-03 07:54:12.278140','2020-08-03 07:54:12.278166',101,98,99,0),(4041,'2020-08-03 07:54:23.248355','2020-08-03 07:54:23.248401',102,98,99,0),(4042,'2020-08-03 08:10:48.669894','2020-08-03 08:10:48.669915',116,98,112,0),(4043,'2020-08-03 08:11:01.484278','2020-08-03 08:11:01.484298',117,98,112,0),(4044,'2020-08-03 08:11:21.133520','2020-08-03 08:11:21.133538',118,98,112,0),(4045,'2020-08-03 08:11:39.782092','2020-08-03 08:11:39.782144',119,98,112,0),(4046,'2020-08-03 08:19:57.976450','2020-08-07 09:11:00.859785',148,21,99,0),(4047,'2020-08-03 08:20:07.487593','2020-08-03 08:20:07.487619',149,21,99,0),(4048,'2020-08-03 08:20:21.503616','2020-08-31 10:59:16.913000',150,21,99,0),(4049,'2020-08-03 08:20:29.823241','2020-08-24 05:56:56.499000',151,21,99,0),(4050,'2020-08-03 08:20:46.833185','2020-08-07 09:21:10.376018',152,21,99,0),(4051,'2020-08-03 08:21:17.109342','2020-08-03 08:21:17.109359',153,21,99,0),(4052,'2020-08-03 08:21:26.809687','2020-08-03 08:21:26.809707',154,21,99,0),(4053,'2020-08-03 08:21:36.832024','2020-08-05 06:54:42.301162',155,21,99,0),(4054,'2020-08-03 08:21:54.760095','2020-08-03 08:21:54.760116',156,21,99,0),(4055,'2020-08-03 08:22:01.280340','2020-08-03 08:22:01.280363',157,21,99,0),(4056,'2020-08-03 08:22:13.960712','2020-08-03 08:22:13.960728',158,21,99,0),(4057,'2020-08-03 08:22:23.343393','2020-08-03 08:22:23.343415',159,21,99,0),(4058,'2020-08-03 08:22:33.112260','2020-08-03 08:22:33.112277',160,21,99,0),(4059,'2020-08-03 08:22:42.713068','2020-08-03 08:22:42.713084',161,21,99,0),(4060,'2020-08-03 08:23:01.968486','2020-08-03 08:23:01.968506',162,163,99,0),(4061,'2020-08-03 08:23:16.087839','2020-08-03 08:23:16.087856',164,163,99,0),(4062,'2020-08-03 08:23:22.330628','2020-08-03 08:23:22.330647',165,163,99,0),(4063,'2020-08-03 08:23:30.295743','2020-08-03 08:23:30.295760',166,163,99,0),(4064,'2020-08-03 08:23:37.375567','2020-08-03 08:23:37.375585',167,163,99,0),(4065,'2020-08-03 08:23:49.469710','2020-08-03 08:23:49.469726',168,163,99,0),(4066,'2020-08-03 08:24:09.791350','2020-08-03 08:24:09.791374',169,163,99,0),(4067,'2020-08-03 08:24:15.207272','2020-08-03 08:24:15.207300',170,163,99,0),(4068,'2020-08-03 08:25:01.793126','2020-08-03 08:25:01.793148',171,172,99,0),(4069,'2020-08-03 08:25:15.358420','2020-08-03 08:25:15.358447',173,172,99,0),(4070,'2020-08-03 08:25:43.382186','2020-08-03 08:25:43.382201',174,172,99,0),(4071,'2020-08-03 08:25:50.286021','2020-08-03 08:25:50.286043',175,172,99,0),(4072,'2020-08-03 08:25:56.522306','2020-08-31 11:00:02.109000',176,172,99,0),(4073,'2020-08-03 08:26:02.066032','2020-08-11 04:44:57.618700',177,172,99,0),(4074,'2020-08-03 08:26:09.329767','2020-08-03 08:26:09.329781',178,172,99,0),(4075,'2020-08-03 08:26:16.706588','2020-08-24 06:03:21.423000',179,172,99,0),(4076,'2020-08-03 08:27:53.443244','2020-08-03 08:27:53.443285',180,181,99,0),(4077,'2020-08-03 08:28:09.863844','2020-08-03 08:28:09.863898',182,181,99,0),(4078,'2020-08-03 08:28:21.648326','2020-08-03 08:28:21.648341',183,181,99,0),(4079,'2020-08-03 08:28:30.727265','2020-08-03 08:28:30.727281',184,181,99,0),(4080,'2020-08-03 08:28:55.952664','2020-08-03 08:28:55.952679',185,181,99,0),(4081,'2020-08-03 08:29:08.897816','2020-08-03 08:29:08.897831',186,181,99,0),(4082,'2020-08-03 08:29:16.094450','2020-08-03 08:29:16.094471',187,181,99,0),(4083,'2020-08-03 08:29:25.585608','2020-08-03 08:29:25.585622',188,181,99,0),(4084,'2020-08-03 08:29:33.198824','2020-08-03 08:29:33.198846',189,181,99,0),(4142,'2020-08-02 11:41:32.276833','2020-08-11 04:41:09.953346',54,55,56,0),(4143,'2020-08-02 11:41:45.255423','2020-08-12 08:10:12.423878',57,55,56,0),(4144,'2020-08-02 11:41:56.326486','2020-08-02 11:41:56.326513',58,55,56,0),(4145,'2020-08-02 11:42:04.029906','2020-08-05 07:16:11.886507',59,55,56,0),(4577,'2020-08-02 11:45:52.394318','2021-03-01 05:51:55.938084',75,76,56,3),(4578,'2020-08-02 11:46:09.017284','2020-08-02 11:46:09.017310',77,76,56,0),(4579,'2020-08-02 11:46:18.829347','2020-12-21 07:52:20.247368',78,76,56,0),(4580,'2020-08-02 11:46:26.540624','2020-08-02 11:46:26.540648',79,76,56,0),(4727,'2020-08-03 08:36:57.558664','2020-08-03 08:36:57.558678',197,198,3,0),(4728,'2020-08-03 08:39:36.748913','2020-08-03 08:39:36.748924',199,198,3,0),(4729,'2020-08-03 08:39:45.623365','2020-08-03 08:39:45.623375',200,198,3,0),(4736,'2020-08-02 11:43:49.436363','2020-08-02 11:43:49.436400',68,27,37,0),(4737,'2020-08-02 11:43:58.498915','2020-08-02 11:43:58.498952',69,27,37,0),(4738,'2020-08-02 11:44:07.325807','2020-08-02 11:44:07.325829',70,27,37,0),(4739,'2020-08-02 11:46:50.940321','2020-08-03 08:31:22.129481',80,76,99,0),(4740,'2020-08-02 11:47:15.665551','2020-08-03 08:32:41.828330',81,76,99,0),(4741,'2020-08-02 11:47:26.775620','2020-08-03 08:32:53.541492',82,76,99,0),(4742,'2020-08-02 11:37:28.376149','2020-08-31 10:43:22.879000',35,36,37,0),(4743,'2020-08-02 11:37:40.430302','2020-09-02 10:13:11.067000',38,36,37,0),(4744,'2020-08-02 11:37:46.696299','2020-08-02 11:37:46.696326',39,36,37,0),(4745,'2020-08-02 11:37:58.090253','2020-08-18 09:37:15.321000',40,36,37,0),(4748,'2020-11-12 16:23:08.967000','2020-11-12 16:23:08.967000',5093,5094,37,0),(4749,'2020-11-12 16:23:45.802000','2020-12-03 05:53:46.966000',5096,5094,37,0),(4750,'2020-11-12 16:27:39.572000','2020-11-12 16:27:39.572000',5097,198,37,0),(4751,'2020-11-12 16:27:51.397000','2020-11-12 16:27:51.397000',5098,198,37,0),(4752,'2020-11-12 16:28:02.586000','2020-11-12 16:28:02.586000',5099,198,37,0),(4753,'2020-08-03 09:11:46.974044','2020-08-03 09:11:46.974053',228,229,37,0),(4754,'2020-08-03 09:11:58.619343','2020-08-03 09:11:58.619354',230,229,37,0),(4755,'2020-11-12 16:21:17.225000','2020-11-12 16:21:18.282000',5089,86,37,0),(4756,'2020-11-12 16:21:32.308000','2020-11-12 16:21:32.911000',5090,86,37,0),(4757,'2020-11-12 16:21:48.457000','2020-11-12 16:21:49.424000',5091,86,37,0),(4758,'2020-11-12 16:22:00.996000','2020-11-12 16:22:01.584000',5092,86,37,0),(4848,'2020-08-03 07:42:29.562276','2020-12-11 06:10:52.634550',92,93,56,0),(4849,'2020-08-03 08:33:44.897769','2020-12-17 07:23:18.602760',190,93,56,0),(4850,'2020-08-03 08:34:02.966498','2020-08-03 08:34:02.966517',191,93,56,0),(4851,'2020-08-03 08:34:14.321639','2020-08-03 08:34:14.321650',192,93,56,0),(5099,'2020-08-03 07:35:32.157343','2020-08-07 09:25:11.677638',87,88,13,0),(5100,'2020-08-03 07:34:10.626075','2020-08-05 06:18:54.179061',85,86,13,0),(5101,'2020-08-03 09:03:37.072692','2020-08-04 06:36:08.532145',215,86,13,0),(10000,'2021-02-24 07:24:00.684853','2021-02-24 07:25:43.927300',7714,7715,7716,5),(20000,'2021-01-29 11:32:56.072000','2021-01-29 11:32:56.072000',6941,6942,6943,5),(20002,'2021-01-29 11:33:57.527000','2021-01-29 11:33:57.527000',6944,42,6945,5),(20003,'2021-01-29 11:34:27.557000','2021-01-29 11:34:27.557000',6946,181,6945,5),(20004,'2021-01-29 11:35:06.185000','2021-01-29 11:35:06.185000',6947,55,6945,5),(20005,'2021-01-29 11:35:32.220000','2021-01-29 11:35:32.220000',6948,61,6945,5),(20006,'2021-01-29 11:36:21.685000','2021-01-29 11:36:21.685000',6949,27,6950,5),(20007,'2021-01-29 11:36:49.333000','2021-01-29 11:36:49.333000',6951,27,6952,5),(20008,'2021-01-29 11:37:18.614000','2021-01-29 11:37:18.614000',6953,72,6945,5),(20009,'2021-01-29 11:37:40.738000','2021-01-29 11:37:40.738000',6954,76,6945,5),(20010,'2021-01-29 11:38:16.363000','2021-01-29 11:38:16.363000',6955,93,6945,5),(20011,'2021-01-29 11:38:51.869000','2021-01-29 11:38:51.869000',6956,194,6945,5),(30001,'2021-01-29 11:40:54.404000','2021-01-29 11:40:54.404000',6957,6958,6945,5),(30002,'2021-01-29 11:41:13.368000','2021-01-29 11:41:13.368000',6959,5074,6945,5),(30003,'2021-01-29 11:41:29.445000','2021-01-29 11:41:29.445000',6960,5078,6945,5),(30004,'2021-01-29 11:41:47.268000','2021-01-29 11:41:47.268000',6961,21,6945,5),(30005,'2021-01-29 11:42:04.068000','2021-01-29 11:42:04.068000',6962,5084,6945,5),(30006,'2021-01-29 11:42:41.532000','2021-01-29 11:42:41.532000',6963,6964,6945,5),(30007,'2021-01-29 11:43:16.711000','2021-01-29 11:43:16.711000',6965,6966,6945,5),(30008,'2021-01-29 11:43:32.049000','2021-01-29 11:43:32.049000',6967,5088,6945,5),(30009,'2021-01-29 11:43:59.534000','2021-01-29 11:43:59.534000',6968,6969,6945,5),(30010,'2021-01-29 11:44:24.640000','2021-01-29 11:44:24.640000',6970,6971,6945,5),(30011,'2021-01-29 11:44:41.669000','2021-01-29 11:44:41.669000',6972,86,6945,5),(30012,'2021-01-29 11:44:59.908000','2021-01-29 11:44:59.908000',6973,5094,6945,5),(30013,'2021-01-29 11:45:18.302000','2021-01-29 11:45:18.302000',6974,229,6945,5),(30014,'2021-01-29 11:45:38.513000','2021-01-29 11:45:38.513000',6975,198,6945,5),(40000,'2021-01-29 11:46:43.505000','2021-01-29 11:46:43.505000',6976,121,6945,5),(40001,'2021-01-29 11:46:59.745000','2021-01-29 11:46:59.745000',6977,130,6945,5),(40002,'2021-01-29 11:47:29.284000','2021-01-29 11:47:29.284000',6978,137,6945,5),(40003,'2021-01-29 11:47:43.512000','2021-01-29 11:47:43.512000',6979,143,6945,5),(40004,'2021-01-29 11:48:13.429000','2021-01-29 11:48:13.429000',6980,108,6945,5),(40005,'2021-01-29 11:48:31.976000','2021-01-29 11:48:31.976000',6981,98,6945,5),(40006,'2021-01-29 11:49:10.927000','2021-01-29 11:49:10.927000',6982,21,6945,5),(40007,'2021-01-29 11:49:30.140000','2021-01-29 11:49:30.140000',6983,163,6945,5),(40008,'2021-01-29 11:49:50.128000','2021-01-29 11:49:50.128000',6984,172,6945,5),(40009,'2021-01-29 11:50:07.001000','2021-01-29 11:50:07.001000',6985,181,6945,5),(5114058,'2020-08-02 11:17:56.774094','2020-09-02 10:02:18.564000',1,2,3,0),(5114059,'2020-08-02 11:18:44.345494','2020-08-07 09:36:57.596286',4,5,3,0),(5114060,'2020-08-02 11:19:09.930384','2020-08-05 07:03:58.277813',7,8,3,0),(5114061,'2020-08-02 11:19:26.093130','2020-08-07 09:04:02.257654',9,10,3,0);
/*!40000 ALTER TABLE `Lepcso` ENABLE KEYS */;
UNLOCK TABLES;

--
-- Table structure for table `Location`
--

DROP TABLE IF EXISTS `Location`;
/*!40101 SET @saved_cs_client     = @@character_set_client */;
/*!50503 SET character_set_client = utf8mb4 */;
CREATE TABLE `Location` (
  `locationId` int NOT NULL,
  `creationDateTime` datetime(6) DEFAULT NULL,
  `locationName` varchar(255) DEFAULT NULL,
  `updateDateTime` datetime(6) DEFAULT NULL,
  PRIMARY KEY (`locationId`)
) ENGINE=InnoDB DEFAULT CHARSET=utf8mb4 COLLATE=utf8mb4_0900_ai_ci;
/*!40101 SET character_set_client = @saved_cs_client */;

--
-- Dumping data for table `Location`
--

LOCK TABLES `Location` WRITE;
/*!40000 ALTER TABLE `Location` DISABLE KEYS */;
INSERT INTO `Location` VALUES (2,'2020-08-02 11:17:56.770990','Kőbánya - Kispest - 1','2020-08-02 11:17:56.771024'),(5,'2020-08-02 11:18:44.341782','Kőbánya - Kispest - 2','2020-08-02 11:18:44.341836'),(8,'2020-08-02 11:19:09.928900','Kőbánya - Kispest - 3','2020-08-02 11:19:09.928940'),(10,'2020-08-02 11:19:26.091222','Kőbánya - Kispest - 4','2020-08-02 11:19:26.091273'),(12,'2020-08-02 11:20:48.583278','Kőbánya - Kispest - 5','2020-08-02 11:20:48.583322'),(15,'2020-08-02 11:21:24.219189','Kőbánya - Kispest - 6','2020-08-02 11:21:24.219243'),(17,'2020-08-02 11:22:10.456586','Kőbánya - Kispest - 7','2020-08-02 11:22:10.456618'),(19,'2020-08-02 11:24:06.351176','Kőbánya - Kispest - 8','2020-08-02 11:24:06.351235'),(21,'2020-08-02 11:25:04.172649','Kálvin tér','2020-08-02 11:25:04.172684'),(27,'2020-08-02 11:31:31.266925','Deák tér','2020-08-02 11:31:31.267010'),(36,'2020-08-02 11:37:28.372971','Nyugati tér','2020-08-02 11:37:28.373002'),(42,'2020-08-02 11:39:06.019599','Stadion','2020-08-02 11:39:06.019628'),(46,'2020-08-02 11:39:52.838050','Baross tér','2020-08-02 11:39:52.838076'),(55,'2020-08-02 11:41:32.274023','Blaha Lujza tér','2020-08-02 11:41:32.274048'),(61,'2020-08-02 11:42:35.031740','Astoria','2020-08-02 11:42:35.031767'),(72,'2020-08-02 11:44:37.326049','Kossuth tér','2020-08-02 11:44:37.326086'),(76,'2020-08-02 11:45:52.393206','Batthyányi tér','2020-08-02 11:45:52.393235'),(86,'2020-08-03 07:34:10.624510','Árpád híd','2020-08-03 07:34:10.624532'),(88,'2020-08-03 07:35:32.156083','Flórián tér','2020-08-03 07:35:32.156110'),(93,'2020-08-03 07:42:29.560654','Széll Kálmán tér','2020-08-03 07:42:29.560683'),(98,'2020-08-03 07:53:31.891335','Fővám tér','2020-08-03 07:53:31.891360'),(108,'2020-08-03 08:05:50.286406','Szent Gellért tér','2020-08-03 08:05:50.286425'),(121,'2020-08-03 08:13:25.244884','Kelenföld','2020-08-03 08:13:25.244901'),(130,'2020-08-03 08:14:48.258800','Bikás Park','2020-08-03 08:14:48.258817'),(137,'2020-08-03 08:15:48.708691','Újbuda','2020-08-03 08:15:48.708710'),(143,'2020-08-03 08:16:58.965089','Móricz Zs. körtér','2020-08-03 08:16:58.965108'),(163,'2020-08-03 08:23:01.967568','Rákóczi tér','2020-08-03 08:23:01.967583'),(172,'2020-08-03 08:25:01.791852','II. János Pál pápa tér','2020-08-03 08:25:01.791876'),(181,'2020-08-03 08:27:53.442341','Keleti pályaudvar','2020-08-03 08:27:53.442358'),(194,'2020-08-03 08:34:42.253656','Déli pályaudvar','2020-08-03 08:34:42.253667'),(198,'2020-08-03 08:36:57.557568','Újpest- Központ','2020-08-03 08:36:57.557630'),(226,'2020-08-03 09:10:59.981544','Várfok utca','2020-08-03 09:10:59.981557'),(229,'2020-08-03 09:11:46.973384','Gyöngyösi utca','2020-08-03 09:11:46.973393'),(5074,'2020-11-12 16:11:16.222000','Klinikák','2020-11-12 16:11:16.222000'),(5078,'2020-11-12 16:12:28.629000','Corvin-negyed','2020-11-12 16:12:28.629000'),(5084,'2020-11-12 16:15:09.356000','Ferenciek tere','2020-11-12 16:15:09.356000'),(5088,'2020-11-12 16:17:25.265000','Arany János utca','2020-11-12 16:17:25.265000'),(5094,'2020-11-12 16:23:08.965000','Dózsa György út','2020-11-12 16:23:08.965000'),(6942,'2021-01-29 11:32:55.977000','Fehér úti műhely','2021-01-29 11:32:55.977000'),(6958,'2021-01-29 11:40:54.403000','Kőbánya - Kispest','2021-01-29 11:40:54.403000'),(6964,'2021-01-29 11:42:41.531000','Deák tér É - D','2021-01-29 11:42:41.531000'),(6966,'2021-01-29 11:43:16.710000','Deák tér CNIM gépház','2021-01-29 11:43:16.710000'),(6969,'2021-01-29 11:43:59.532000','Nyugati tér Észak','2021-01-29 11:43:59.532000'),(6971,'2021-01-29 11:44:24.639000','Nyugati tér Dél','2021-01-29 11:44:24.639000'),(7715,'2021-02-24 07:24:00.681103','Kőér utca telephely','2021-02-24 07:24:00.681129');
/*!40000 ALTER TABLE `Location` ENABLE KEYS */;
UNLOCK TABLES;

--
-- Table structure for table `mytable`
--

DROP TABLE IF EXISTS `mytable`;
/*!40101 SET @saved_cs_client     = @@character_set_client */;
/*!50503 SET character_set_client = utf8mb4 */;
CREATE TABLE `mytable` (
  `Sorszám` decimal(4,0) DEFAULT NULL,
  `Szekrényszám` varchar(18) COLLATE utf8mb4_hungarian_ci DEFAULT NULL,
  `Megnevezés` varchar(46) COLLATE utf8mb4_hungarian_ci NOT NULL,
  `Típus` varchar(32) COLLATE utf8mb4_hungarian_ci DEFAULT NULL,
  `Cikkszám` varchar(32) COLLATE utf8mb4_hungarian_ci DEFAULT NULL,
  `Egység` varchar(7) COLLATE utf8mb4_hungarian_ci DEFAULT NULL,
  `Mennyiség` varchar(4) COLLATE utf8mb4_hungarian_ci DEFAULT NULL,
  `Megjegyzés` varchar(28) COLLATE utf8mb4_hungarian_ci DEFAULT NULL
) ENGINE=InnoDB DEFAULT CHARSET=utf8mb4 COLLATE=utf8mb4_hungarian_ci;
/*!40101 SET character_set_client = @saved_cs_client */;

--
-- Dumping data for table `mytable`
--

LOCK TABLES `mytable` WRITE;
/*!40000 ALTER TABLE `mytable` DISABLE KEYS */;
INSERT INTO `mytable` VALUES (NULL,'nagyraktár 17 polc','1 fázisú csatlakozó 3 pólusú',NULL,NULL,'szett','1',NULL),(314,'5 konténer','3 eres merev kábel 3 x 1.5',NULL,NULL,'méter','25',NULL),(222,'15 szekrény','3 fázisú átkapcsoló','Ganz KK','KK0-20-6036','db','3',NULL),(NULL,'nagyraktár 17 polc','3 fázisú csatlakozó 4 pólusú',NULL,NULL,'db','3',NULL),(105,'16 szekrény','4 pólusú csatlakozó female','Phoenix Contact','SACC-FR-4CON-PG7-M SCO','db','27',NULL),(264,'6 konténer','4 pólusú csatlakozó female','Telemecanique','XZC C12FCM40B','db','2',NULL),(106,'16 szekrény','4 pólusú csatlakozó male','Phoenix Contact','SACC-MR-4CON-PG7-M SCO','db','37',NULL),(185,'15 szekrény','adapter Telemecanique VÁK-hoz','Telemecanique','ZCPEP20','db','30',NULL),(NULL,'1 konténer','adapter Telemecanique VÁK-hoz',NULL,'ZCPEP20','db','4',NULL),(142,'14 szekrény','akkumulátor','AEG','PSX 12','db','1',NULL),(228,'18 szekrény','akkus forrasztó','Milwaukee','M12 SI-201C','db','1',NULL),(129,'14 szekrény','akkus fúrógép szett','BOSCH','GSP 12-1','db','1',NULL),(226,'18 szekrény','akkus fúrógép szett','BOSCH','GSR14.4-2-LI+','db','1',NULL),(141,'14 szekrény','akkutöltő','AEG',NULL,'db','1',NULL),(112,'17 szekrény','alátét stopgomb alá','V/A Elektronika Rt','R 22/30','pár','150',NULL),(NULL,'nagyraktár 3 polc','aljzat késes olvadóbetéthez',NULL,NULL,'db','6',NULL),(291,'4 konténer','áramfigyelő relé','Moeller','ZW 6-400','db','3',NULL),(371,'5 konténer','áramfigyelő relé','Schneider','RM35JA32MR','db','1',NULL),(NULL,'2 konténer','áramfigyelő relé','Schneider','RM35JA32MR','db','1',NULL),(NULL,'fiókos szekrény 2','áramfigyelő relé','Schneider','RM35JA32MR','db','5',NULL),(NULL,'2 konténer','áramváltó','Moeller',NULL,'db','2',NULL),(50,'12 szekrény','áramvédő kapcsoló','Ganz KK','GFI025.2.030','db','6',NULL),(251,'6 konténer','áramvédő relé időzítővel','Moeller','PKZ2-RT','db','1',NULL),(309,'4 konténer','áramvédő relé időzítővel','Moeller','ZM-40-PKZ2','db','1',NULL),(401,'3 konténer','AS-I foglalat','Hirschmann','ASI FKK-F','db','2','Keleti CNIM'),(400,'3 konténer','AS-I modul','Hirschmann','ASI AM 02 EEEE','db','2','Keleti CNIM'),(108,'16 szekrény','AS-I modul','Pepperl-Fuchs','VAA-2E2A-G12-SAJEA2L','db','1',NULL),(149,'20 szekrény','AS-I modul','Pepperl-Fuchs',NULL,'db','2','1523 sz.lépcsőből kiszerelve'),(NULL,'nagyraktár 15 polc','asztali lámpa',NULL,NULL,'db','5',NULL),(NULL,'nagyraktár 31 polc','behúzótekercs','Klöckner-Moeller','J-3-22','db','1',NULL),(402,'3 konténer','behúzótekercs 220V','Ganz KK','DIL-K4... K11 HL-K...','db','8',NULL),(304,'4 konténer','behúzótekercs 220V','Klöckner-Moeller','J-DIL 6','db','3',NULL),(NULL,'nagyraktár 31 polc','behúzótekercs 220V DIL típushoz','Klöckner-Moeller','J-DIL 0','db','5',NULL),(NULL,'nagyraktár 31 polc','behúzótekercs 220V DIL típushoz','Klöckner-Moeller','J-DIL 3','db','1',NULL),(NULL,'fiókos szekrény 16','behúzótekercs 220V DIL típushoz',NULL,NULL,'db','6',NULL),(305,'4 konténer','behúzótekercs 380V','Klöckner-Moeller','J-DIL 4','db','3',NULL),(NULL,'nagyraktár 31 polc','behúzótekercs 380V DIL típushoz','Klöckner-Moeller','J-8-44','db','2',NULL),(NULL,'nagyraktár 17 polc','betápszekrény',NULL,NULL,'db','2',NULL),(NULL,'nagyraktár 6 polc','Betétfej 25A 500V','vDf E16 25A 500V',NULL,'db','25',NULL),(154,'20 szekrény','bilincs szalag',NULL,NULL,'tekercs','1',NULL),(98,'19 szekrény','billenőkapcsoló',NULL,NULL,'db','25',NULL),(NULL,'1 konténer','bimetál relé','Moeller','Z0-12','db','1',NULL),(NULL,'1 konténer','bimetál relé','Moeller','Z2-24','db','1',NULL),(343,'3 konténer','biztonsági modul OTIS','E.Dold & Söhne KG','BD5987.02/301','db','1',NULL),(NULL,'2 konténer','biztonsági relé','Schneider','XPS-ATE5110','db','1',NULL),(NULL,'2 konténer','biztonsági relé CNIM lépcsőkocsihiány','IFM','G1501S','db','2','használt'),(156,'20 szekrény','biztosító aljzat','KVGY','vDb/v E16 25A 500 V','db','20',NULL),(NULL,'nagyraktár 3 polc','biztosító aljzat E16 25A','vDb/v E16',NULL,'db','40',NULL),(69,'11 szekrény','bronzkefe 40 x 16 x 40','B-12-29',NULL,'db','220',NULL),(70,'11 szekrény','bronzkefe 40 x 20 x 40','B-12X15',NULL,'db','110',NULL),(150,'20 szekrény','bronzkefe 40 x 20 x 40',NULL,NULL,'db','300',NULL),(NULL,'nagyraktár 8 polc','bronzkefe 40 x 20 x 40',NULL,NULL,'db','40',NULL),(110,'16 szekrény','buszkábel fekete',NULL,NULL,'m','20',NULL),(146,'20 szekrény','buszkábel fekete',NULL,NULL,'méter','6',NULL),(109,'16 szekrény','buszkábel sárga',NULL,NULL,'m','20',NULL),(147,'20 szekrény','buszkábel sárga',NULL,NULL,'méter','6',NULL),(39,'12 szekrény','CNIM fék mikrokapcsoló',NULL,NULL,'db','8',NULL),(42,'12 szekrény','CNIM PLC elem','Volta','ER14250','db','40',NULL),(100,'13 szekrény','csapágyhőmérő',NULL,NULL,'db','3',NULL),(157,'20 szekrény','csapágyhőmérő kapcsoló',NULL,NULL,'db','8',NULL),(NULL,'2 konténer','csatlakozó visszajelzővel','MurrElektronik','3129025','db','2',NULL),(NULL,'fiókos szekrény 5','csatlakozó visszajelzővel','MurrElektronik','31229025','db','1',NULL),(348,'3 konténer','csatlakozóház Thyssen fékcsatlakozóhoz',NULL,'1215298','db','3',NULL),(NULL,'fiókos szekrény 5','csatlakozóház Thyssen fékcsatlakozóhoz',NULL,NULL,'db','2',NULL),(140,'14 szekrény','csősatu',NULL,NULL,'db','1',NULL),(121,'17 szekrény','DEMAG fékvezérlő','DEMAG','539 355 44','db','3',NULL),(NULL,'1 konténer','dugó 3 fázisú 4 pólusú',NULL,NULL,'db','2',NULL),(NULL,'1 konténer','dugó 3 fázisú 5 pólusú',NULL,NULL,'db','3',NULL),(139,'14 szekrény','dugókulcs szett','CroVa',NULL,'db','1',NULL),(132,'14 szekrény','dugókulcs szett','KS Tools','117.0600','db','1',NULL),(NULL,'1 konténer','dugvilla 230V',NULL,NULL,'db','8',NULL),(NULL,'nagyraktár 15 polc','E14 izzó 24V 15W',NULL,NULL,'db','51',NULL),(NULL,'nagyraktár 30 polc','E27 izzó 15W',NULL,NULL,'db','70',NULL),(NULL,'nagyraktár 30 polc','E27 Izzó 40W',NULL,NULL,'db','9',NULL),(327,'3 konténer','egyenirányító','phoenix Contact','UEG 20-GR/230/2/SO1','db','1','1523 karból bontva'),(NULL,'1 konténer','egyenirányító','SEMICRON','SKBaB500/445-4','db','1',NULL),(1,'12 szekrény','Elektronikus előtét','Ganz KK','PC 1 x 36 T8 TOP','db','35',NULL),(175,'15 szekrény','elektronikus motorvédő','Schneider','LR9F5369','db','1',NULL),(107,'16 szekrény','előregyártott kábel 4 pólusú csatival',NULL,NULL,'db','6',NULL),(NULL,'2 konténer','előtét 11W max',NULL,NULL,'db','14',NULL),(46,'12 szekrény','enkóder','Kubler','8.5020.4551.1024','db','1',NULL),(NULL,'2 konténer','enkóder','Kübler','8.5020.4551.1024','db','1',NULL),(307,'4 konténer','érvéghüvely',NULL,NULL,'db','sok',NULL),(NULL,'2 konténer','érvéghüvely',NULL,NULL,'doboz','1','különféle'),(49,'12 szekrény','fázisfigyelő hőkioldó','Moeller','ZW6-220','db','1',NULL),(308,'4 konténer','fázisfigyelő időzítővel','E.Dold & Söhne KG','AK9840.82','db','2',NULL),(NULL,'fiókos szekrény 13','fázisfigyelő relé','Carlo Gavazzi','DPA51CM44','db','1',NULL),(NULL,'fiókos szekrény 13','fázisfigyelő relé','Carlo Gavazzi','DPC01DM11400HZ','db','2',NULL),(NULL,'2 konténer','fázisfigyelő relé','E.Dold & Söhne KG','AK9840.82','db','1',NULL),(214,'15 szekrény','fázisfigyelő relé','Schneider','RM4 TA32','db','1',NULL),(NULL,'2 konténer','fázisfigyelő relé','Schneider','RM4 TA32','db','1',NULL),(148,'20 szekrény','fedőburkolat Fővám téri inverterhez',NULL,NULL,'db','8',NULL),(NULL,'fiókos szekrény 13','fék panel OTIS',NULL,NULL,'db','6',NULL),(NULL,'1 konténer','fék tápegység','Kendrion','33 43312A03','db','2','1 javítva, 1 rossz'),(325,'3 konténer','fékáramkör','DEMAG','568 100 44','db','5',NULL),(NULL,'12 szekrény','fékmágnes','KONE','GF2 100-A55/125','db','4',NULL),(NULL,'gépház polc','fékmágnes','kis OK',NULL,'db','3',NULL),(NULL,'gépház polc','fékmágnes','nagy OK',NULL,'db','1',NULL),(NULL,'gépház polc','fékmágnes','OTIS',NULL,'db','3',NULL),(NULL,'gépház polc','fékmágnes','Thyssen',NULL,'db','2',NULL),(NULL,'nagyraktár 19 polc','fékmágnes','KONE','BRA 600','db','1',NULL),(40,'12 szekrény','fékmágnes csatlakozó','Farnell','1215298','db','2',NULL),(32,'12 szekrény','fékvezérlő modul','KONE','KM5073016G01','db','4',NULL),(131,'14 szekrény','feliratozó kézi','DYMO','1540','db','1',NULL),(NULL,'1 konténer','fémtipli M10 x 40',NULL,NULL,'db','50',NULL),(NULL,'1 konténer','fémtipli M8 x 30',NULL,NULL,'db','100',NULL),(NULL,'nagyraktár 31 polc','fénycső előtét 20W',NULL,NULL,'db','35',NULL),(NULL,'konténer teteje','fénycső F20W','Tungsram',NULL,'db','66',NULL),(NULL,'nagyraktár 30 polc','fénycső F58W/29',NULL,NULL,'db','45',NULL),(NULL,'2 konténer','fénycső foglalat G23','Holux',NULL,'db','10',NULL),(NULL,'nagyraktár 30 polc','fénycső FT8/18W',NULL,NULL,'db','300',NULL),(NULL,'nagyraktár 30 polc','fénycső FT8/36W',NULL,NULL,'db','350',NULL),(NULL,'nagyraktár 31 polc','fénycsőfoglalat T8',NULL,NULL,'db','15',NULL),(189,'15 szekrény','fénycsőgyújtó','Tungsram','IS-2','db','200',NULL),(NULL,'nagyraktár 31 polc','fénycsőgyújtó 4-22W',NULL,NULL,'db','550',NULL),(NULL,'19 szekrény','fésűfűtés KONE fűtőszál','KONE',NULL,'db','4',NULL),(NULL,'2 konténer','feszültségfigyelő relé','Schneider','RM22TG20','db','16',NULL),(310,'4 konténer','feszültségmérő műszer','Ganz KK','72 LV','db','2',NULL),(NULL,'2 konténer','feszültségmérő műszer 250V',NULL,NULL,'db','4',NULL),(346,'3 konténer','feszültségszűrő','SCHAFFNER','PN2070-1-06','db','2',NULL),(43,'12 szekrény','feszültségvédelmi relé','Ganz KK','UA','db','2',NULL),(44,'12 szekrény','feszültségvédelmi relé','Ganz KK','UASNC','db','2',NULL),(289,'4 konténer','feszültségvédelmi relé','Ganz KK','UASNC','db','2',NULL),(NULL,'1 konténer','feszültségvédelmi relé','Ganz KK','UASNC','db','1',NULL),(45,'12 szekrény','feszültségvédelmi relé','Ganz KK','UNC','db','1',NULL),(290,'4 konténer','feszültségvédelmi relé','Ganz KK','UNC','db','1',NULL),(76,'19 szekrény','fi - relé','Ganz KK','GFI 063.4.300','db','2',NULL),(NULL,'1 konténer','fi - relé','Schneider','A9Z24280','db','10',NULL),(225,'15 szekrény','fi - relé','Schneider','A9Z24463','db','8',NULL),(NULL,'2 konténer','fi - relé','Schneider','A9Z35463','db','1',NULL),(NULL,'1 konténer','fi - relé','Schneider','A9Z35463','db','1',NULL),(377,'5 konténer','fi - relé','Schneider','A9Z35480','db','4',NULL),(NULL,'1 konténer','fi - relé','Schneider','A9Z35480','db','1',NULL),(81,'19 szekrény','fi - relé','Schneider','A9Z35491','db','1',NULL),(375,'5 konténer','fi - relé','Schneider','A9Z35491','db','2',NULL),(83,'19 szekrény','fi - relé','Schneider','GB 16916.21','db','1','4738 karból kiszedve'),(82,'19 szekrény','fi - relé','TRACON','TFVH4-100300','db','1',NULL),(NULL,'5 konténer','finder relé 230V AC','Finder','55.34.8.230.0040','db','50',NULL),(NULL,'5 konténer','finder relé 24V AC','Finder','55.34.8.024.0040','db','50',NULL),(236,'6 konténer','fojtótrafó',NULL,NULL,'db','1',NULL),(NULL,'fiókos szekrény 2','forgásirány figyelő','TURCK','MS23-22EX0-R/24VDC','db','2',NULL),(134,'14 szekrény','forrasztópáka 220V','ERSA','0760CD','db','1',NULL),(133,'14 szekrény','forrasztópáka 24V','Weller',NULL,'db','1','ROSSZ'),(292,'4 konténer','főkapcsoló','BRIMMA','FLTA 250','db','1',NULL),(NULL,'nagyraktár 21 polc','főkapcsoló','Moeller','NZM9-250','db','2',NULL),(287,'4 konténer','főkapcsoló','Telemecanique','VCDN12','db','1',NULL),(NULL,'1 konténer','főkapcsoló',NULL,'ZVGK 63','db','1',NULL),(288,'4 konténer','főkapcsoló ajtórögzítővel','Moeller','RH-PKZ2','db','1',NULL),(303,'4 konténer','földszivárgás modul','Schneider','56173','db','1',NULL),(NULL,'2 konténer','földszivárgás modul','Schneider','RH99M','db','1',NULL),(NULL,'1 konténer','fúró-és vágóolaj spray 500 ml','Förch',NULL,'flakon','1',NULL),(NULL,'2 konténer','fűtés termosztát','Omron','E5CC-RX3A5M-000','db','1',NULL),(85,'19 szekrény','fűtőbetét','KONE','5101 kar M-Zóna','db','1',NULL),(NULL,'nagyraktár 1 polc','gégecső 16mm',NULL,NULL,'méter','200',NULL),(NULL,'nagyraktár 1 polc','gégecső 20mm',NULL,NULL,'méter','20',NULL),(118,'17 szekrény','gombafejű működtetőfej','V/A Elektronika Rt','P-r sw','db','27',NULL),(NULL,'1 konténer','görgő Telemecanique VÁK-hoz',NULL,NULL,'db','3',NULL),(381,'3 konténer','görgő VÁK-hoz','EATON','LS-XRLA','db','3',NULL),(388,'3 konténer','Graetz-híd 3 fázisú',NULL,NULL,'db','1',NULL),(366,'5 konténer','gumikábel 2 eres 3 m',NULL,NULL,'db','2',NULL),(365,'5 konténer','gumikábel 3 eres 5 m',NULL,NULL,'db','3',NULL),(294,'4 konténer','hajólámpa',NULL,NULL,'db','1',NULL),(NULL,'nagyraktár 30 polc','halogén izzó 100W egyenes',NULL,NULL,'db','3',NULL),(233,'18 szekrény','hidraulikus prés','Stilo','STI932','db','1',NULL),(230,'18 szekrény','hosszabbító kábel  40 m',NULL,NULL,'db','1',NULL),(136,'14 szekrény','hosszabbító kábel gumiszigetelésű',NULL,NULL,'m','15',NULL),(29,'12 szekrény','hőkioldó','Ganz KK','GMV 25f','db','25',NULL),(78,'19 szekrény','hőkioldó','Ganz KK','GMV 25f','db','10',NULL),(221,'15 szekrény','hőkioldó','Ganz KK','H0-2K','db','7',NULL),(NULL,'nagyraktár 3 polc','hőkioldó LT lépcsőkhöz',NULL,NULL,'db','20',NULL),(143,'14 szekrény','hőlégfúvó','BOSCH','GHG 650 LCE','db','1',NULL),(NULL,'1 konténer','hőrelé','Ganz KK','BH 0','db','1',NULL),(22,'12 szekrény','hőrelé','Ganz KK','H0-2K','db','1',NULL),(74,'19 szekrény','hőrelé','Ganz KK','H0-2K','db','27',NULL),(NULL,'1 konténer','hőrelé','Ganz KK','H0-2K','db','1',NULL),(NULL,'fiókos szekrény 14','idő','SCHLEICHER','R2.064.0209.0','db','8',NULL),(37,'12 szekrény','időrelé','ELCO','CRM-93H','db','1',NULL),(379,'3 konténer','időrelé','Nivelco','VDE 0435','db','4',NULL),(124,'17 szekrény','időrelé','SCHLEICHER','SZT31','db','4',NULL),(123,'17 szekrény','időrelé','SCHLEICHER','SZT32','db','2',NULL),(122,'17 szekrény','időrelé','SCHLEICHER','SZT320','db','6',NULL),(283,'4 konténer','időrelé','siEMENS','3RP1505-2AW30','db','7',NULL),(281,'4 konténer','időrelé','SiEMENS','3RP1525-2BP30','db','6',NULL),(282,'4 konténer','időrelé','siEMENS','3RP1540-2BN31','db','6',NULL),(380,'3 konténer','időrelé','Telemecanique','RE8RB11BU','db','2',NULL),(181,'15 szekrény','időrelé foglalattal','Ganz KK','DYM C 100 S 220 V','db','16',NULL),(NULL,'fiókos szekrény 18','időzítő','ELKO','CRM-93H','db','8',NULL),(33,'12 szekrény','időzítő','Finder','83.91.0.240.0000','db','1',NULL),(NULL,'fiókos szekrény 8','időzítő','Finder','83.91.0.240.0000','db','11',NULL),(NULL,'1 konténer','időzítő','Finder','85.04.8.240.0000','db','20',NULL),(NULL,'fiókos szekrény 4','időzítő','Finder','85.04.8.240.0000','db','16',NULL),(354,'3 konténer','időzítő','Ganz KK','DYM C 10 M 220V','db','2',NULL),(355,'3 konténer','időzítő','Ganz KK','DYM C 100 M 220 V','db','13',NULL),(353,'3 konténer','időzítő','Ganz KK','DYM C 100 S 220 V','db','18',NULL),(80,'19 szekrény','időzítő','Nivelco','D6DM DELTA VDE 0435','db','1',NULL),(257,'6 konténer','időzítő','Omron','H3DE-H','db','3',NULL),(258,'6 konténer','időzítő','Omron','H3DE-M2','db','1',NULL),(179,'15 szekrény','időzítő','Schneider','LADT2','db','5',NULL),(125,'17 szekrény','időzítő','Schneider','RE8RB11BU','db','2',NULL),(NULL,'fiókos szekrény 18','időzítő','SiEMENS','3RP2505-2AW30','db','14',NULL),(NULL,'fiókos szekrény 14','időzítő multifunkciós','Schneider','RE22R2MMU','db','10',NULL),(372,'5 konténer','időzitő relé multifunkciós','Schneider','RE17RMXMU','db','5',NULL),(NULL,'fiókos szekrény 8','impulzus relé','Schneider','A9C30111','db','6',NULL),(NULL,'fiókos szekrény 8','impulzus relé','Schneider','A9C32816','db','14',NULL),(38,'12 szekrény','infra érzékelő (lépcsőkocsi)','Pepperl-Fuchs','RL31-8-H-800-RT-IO/59/73c/136','db','1',NULL),(26,'12 szekrény','infra-radar burkolat','CNIM',NULL,'db','1',NULL),(326,'3 konténer','infrasorompó','Novelco','ISV-153','szett','4',NULL),(30,'12 szekrény','iniciátor','AECO','SI12SM-C2','db','20',NULL),(NULL,'nagyraktár 21 polc','iniciátor','KONE','KM281751H01','db','1',NULL),(NULL,'nagyraktár 21 polc','iniciátor','Telemecanique','XS8C1A1PAL01M12','db','2',NULL),(NULL,'2 konténer','iniciátor','TURCK','Bi2-M12-Y1X-H1141','db','10',NULL),(259,'6 konténer','iniciátor vezeték anya csatlakozóval 5 m','Telemecanique','XZC P1241L5','db','1',NULL),(NULL,'2 konténer','iniciátor vezeték csatlakozóval',NULL,NULL,'doboz','1',NULL),(387,'3 konténer','iniciátor vezetékkel','TURCK','Mi10-P18-Y0/S100','db','1',NULL),(NULL,'2 konténer','iniciátor vezetékkel - különböző',NULL,NULL,'doboz','2',NULL),(344,'3 konténer','irányfény CNIM','Ningbo Pecaf','ERI-05','db','3',NULL),(NULL,'nagyraktár 8 polc','irányfény dobozfedél LT lépcsőhöz',NULL,NULL,'db','3',NULL),(NULL,'nagyraktár 30 polc','izzó 24V 18W',NULL,NULL,'db','50',NULL),(NULL,'nagyraktár 30 polc','izzó 24V 2W',NULL,NULL,'db','15',NULL),(276,'6 konténer','izzó 24V 3W',NULL,NULL,'db','5',NULL),(NULL,'2 konténer','izzó 24V 3W',NULL,NULL,'db','70',NULL),(NULL,'nagyraktár 30 polc','izzó 24V 3W',NULL,NULL,'db','25',NULL),(NULL,'2 konténer','izzó 40W E27',NULL,NULL,'db','1',NULL),(350,'3 konténer','izzófoglalat','VA RT','FA','db','30',NULL),(71,'11 szekrény','izzófoglalat E27 porcelán',NULL,NULL,'db','5',NULL),(173,'20 szekrény','izzófoglalatok (E14-27), fénycsőfoglalat',NULL,NULL,NULL,NULL,NULL),(347,'3 konténer','javítókészlet LT irányfényhez',NULL,NULL,'doboz','1',NULL),(255,'6 konténer','kábelbilincs',NULL,NULL,'db','10',NULL),(NULL,'nagyraktár 9 polc','kábelsaru alumínium','As 120-22/14,5',NULL,'db','20',NULL),(NULL,NULL,'kábelsaru alumínium','AS 240-28/21',NULL,'db','10',NULL),(274,'6 konténer','kábelsaru alumínium',NULL,'35 10','db','10',NULL),(53,'11 szekrény','kábelsaru alumínium',NULL,'AS120-22/14,5','db','160',NULL),(55,'11 szekrény','kábelsaru alumínium',NULL,'AS150-24/16,5','db','170',NULL),(52,'11 szekrény','kábelsaru alumínium',NULL,'AS185-26/18','db','180',NULL),(56,'11 szekrény','kábelsaru alumínium',NULL,'AS240-28/21','db','165',NULL),(51,'11 szekrény','kábelsaru alumínium',NULL,'AS70-18/11','db','150',NULL),(57,'11 szekrény','kábelsaru alumínium',NULL,'AS95-20/13','db','150',NULL),(54,'11 szekrény','kábelsaru alumínium',NULL,'AS95W','db','9',NULL),(275,'6 konténer','kábelsaru galvanizált',NULL,'25Qmm/M8','db','10',NULL),(64,'11 szekrény','kábelsaru réz',NULL,'VS120-12/20','db','20',NULL),(58,'11 szekrény','kábelsaru réz',NULL,'VS120-20/15','db','12',NULL),(61,'11 szekrény','kábelsaru réz',NULL,'VS240-26/21','db','12',NULL),(60,'11 szekrény','kábelsaru réz',NULL,'VS25-10/8','db','12',NULL),(62,'11 szekrény','kábelsaru réz',NULL,'VS35-12/8','db','24',NULL),(59,'11 szekrény','kábelsaru réz',NULL,'VS70-16/12','db','12',NULL),(63,'11 szekrény','kábelsaru réz ónozott',NULL,'CL35-10','db','20',NULL),(NULL,NULL,'kapcsoló 3 fázisú 32A','Ganz KK','KK 1-6002','db','8',NULL),(211,'15 szekrény','kapcsoló 3 fázisú 63A','Schneider','28902','db','2',NULL),(79,'19 szekrény','kapcsoló 3 pólusú','Koncar','GN20-10-P','db','15',NULL),(NULL,'nagyraktár 5 polc','kapocsdekli LT motorhoz',NULL,NULL,'db','3',NULL),(NULL,'nagyraktár 31 polc','késes biztosító aljzat','M.Schneider','00SU5N','db','6',NULL),(NULL,'nagyraktár 31 polc','késes biztosító aljzat','TRACON','NTA-0','db','30',NULL),(NULL,'nagyraktár 6 polc','késes biztosító aljzat',NULL,NULL,'db','3',NULL),(NULL,'nagyraktár 2 polc','késes olvadóbiztosító 100A',NULL,NULL,'db','30',NULL),(NULL,'nagyraktár 5 polc','késes olvadóbiztosító 100A',NULL,NULL,'db','3',NULL),(NULL,'nagyraktár 3 polc','késes olvadóbiztosító 125A',NULL,NULL,'db','30',NULL),(NULL,'nagyraktár 3 polc','késes olvadóbiztosító 160A',NULL,NULL,'db','12',NULL),(NULL,'nagyraktár 5 polc','késes olvadóbiztosító 200A',NULL,NULL,'db','12',NULL),(NULL,'nagyraktár 2 polc','késes olvadóbiztosító 20A',NULL,NULL,'db','24',NULL),(NULL,'nagyraktár 2 polc','késes olvadóbiztosító 35A',NULL,NULL,'db','9',NULL),(NULL,'nagyraktár 2 polc','késes olvadóbiztosító 50A','VNO 00 50A',NULL,'db','55',NULL),(NULL,'nagyraktár 5 polc','késes olvadóbiztosító 50A',NULL,NULL,'db','24',NULL),(NULL,'nagyraktár 2 polc','késes olvadóbiztosító 63A',NULL,NULL,'db','3',NULL),(NULL,'nagyraktár 2 polc','késes olvadóbiztosító 80A',NULL,NULL,'db','60',NULL),(NULL,'nagyraktár 5 polc','késes olvadóbiztosító 80A',NULL,NULL,'db','36',NULL),(126,'17 szekrény','kis relé 11 lábú','EVIG','KR11','db','9',NULL),(260,'6 konténer','kis relé 11 lábú 24V DC','EVIG','KR11','db','8',NULL),(203,'15 szekrény','kismegszakító','ABB','S 201M K 6A','db','4',NULL),(204,'15 szekrény','kismegszakító','ABB','S 202P Z 6A','db','1',NULL),(NULL,'1 konténer','kismegszakító','ABB','S 271 K 2A','db','2',NULL),(202,'15 szekrény','kismegszakító','ABB','S 271 K 4A','db','1',NULL),(267,'6 konténer','kismegszakító','ABB','S 271 K 4A','db','1',NULL),(NULL,'1 konténer','kismegszakító','AEG','E91E B10','db','1',NULL),(NULL,'1 konténer','kismegszakító','AEG','E91E C10','db','3',NULL),(NULL,'1 konténer','kismegszakító','AEG','E91E C4','db','2',NULL),(NULL,'1 konténer','kismegszakító','AEG','E91E C6','db','2',NULL),(266,'6 konténer','kismegszakító','BBC','S 161 - K','db','1',NULL),(195,'15 szekrény','kismegszakító','EATON','CLS4-C6','db','4',NULL),(198,'15 szekrény','kismegszakító','EATON','PL7-B1,5/1','db','3',NULL),(207,'15 szekrény','kismegszakító','EATON','PL7-B3/1','db','4',NULL),(193,'15 szekrény','kismegszakító','EATON','PL7-C2/1','db','4',NULL),(208,'15 szekrény','kismegszakító','EATON','PL7-C3/2','db','4',NULL),(268,'6 konténer','kismegszakító','Legrand','028 21','db','1',NULL),(NULL,'1 konténer','kismegszakító','Legrand','6046 62','db','6',NULL),(NULL,'1 konténer','kismegszakító','Legrand','6046 62 C10','db','4',NULL),(NULL,'1 konténer','kismegszakító','Legrand','6050 01 C4','db','6',NULL),(NULL,'1 konténer','kismegszakító','Legrand','6050 02 C6','db','14',NULL),(192,'15 szekrény','kismegszakító','Merlin Gerin','C60a C20','db','1',NULL),(NULL,'1 konténer','kismegszakító','Merlin Gerin','C60a C20','db','4',NULL),(NULL,'1 konténer','kismegszakító','Moeller','CLS6-C2','db','1',NULL),(196,'15 szekrény','kismegszakító','Schneider','iC80L Z 3A','db','1',NULL),(194,'15 szekrény','kismegszakító','Schneider','iC80N B 1A','db','4',NULL),(199,'15 szekrény','kismegszakító','Schneider','iC80N B 2A','db','4',NULL),(206,'15 szekrény','kismegszakító','Schneider','iC80N B 4A','db','4',NULL),(205,'15 szekrény','kismegszakító','Schneider','iC80N C 10A','db','3',NULL),(NULL,'1 konténer','kismegszakító','Schneider','iC80N C 10A','db','1',NULL),(197,'15 szekrény','kismegszakító','Schneider','iC80N C 1A','db','4',NULL),(191,'15 szekrény','kismegszakító','Schneider','iC80N C 6A','db','2',NULL),(201,'15 szekrény','kismegszakító','Schneider','iC80N D 3A','db','1',NULL),(200,'15 szekrény','kismegszakító','Schneider','iC80N D 63A','db','1',NULL),(265,'6 konténer','kismegszakító','SiEMENS','5SX22','db','8',NULL),(190,'15 szekrény','kismegszakító','SiEMENS','5SY4106-7','db','4',NULL),(NULL,'nagyraktár 31 polc','kismegszakító 35-L',NULL,NULL,'db','4',NULL),(NULL,'2 konténer','kompakt fénycső 11W G23 foglalat','Tungsram','FD11 F82','db','5',NULL),(NULL,'4 konténer','kompakt fénycső 12W  E27','OSRAM',NULL,'db','160',NULL),(NULL,'2 konténer','kompakt fénycső 12W E27 foglalat','OSRAM',NULL,'db','23',NULL),(NULL,'2 konténer','kompakt fénycső 13W E27 foglalat',NULL,NULL,'db','19',NULL),(NULL,'nagyraktár','kompakt fénycső 15W csavart E27','Philips',NULL,'db','96',NULL),(NULL,'2 konténer','kompakt fénycső 18W','General Electric','GX24q-2','db','195',NULL),(NULL,'2 konténer','kompakt fénycső 18W 2G11',NULL,NULL,'db','30',NULL),(NULL,'2 konténer','kompakt fénycső 7W  G23','Tungsram',NULL,'db','20',NULL),(NULL,'2 konténer','kompakt fénycső 7W 2 PIN','General Electric',NULL,'db','27',NULL),(NULL,'2 konténer','kompakt fénycső 9W G23 foglalat',NULL,NULL,'db','40',NULL),(227,'18 szekrény','kompresszor','Steinhaus',NULL,'db','1',NULL),(NULL,'1 konténer','kontakt spray','Förch',NULL,'flakon','12',NULL),(NULL,'1 konténer','kontakt spray','Nicro','664','flakon','1',NULL),(NULL,'1 konténer','kötegelő különböző méretekben',NULL,NULL,'csomag','8',NULL),(66,'11 szekrény','kötődoboz 120 x 120',NULL,NULL,'db','13',NULL),(293,'4 konténer','kötődoboz 95 x 170',NULL,NULL,'db','3',NULL),(NULL,'fiókos szekrény 2','közdarab Stop-gombhoz','Moeller','M22-LS','db','36',NULL),(393,'3 konténer','kulcsos kapcsoló','VA RT','VDE 0660','db','2',NULL),(97,'19 szekrény','kulcsos kapcsoló OK',NULL,'AT12F935','db','11',NULL),(261,'6 konténer','kulcsos kapcsoló OK',NULL,NULL,'db','3',NULL),(120,'17 szekrény','kulcsos nyomógomb','V/A Elektronika Rt','VDE 0660','db','1',NULL),(145,'14 szekrény','lakatfogó','BENNING','CM 8','db','1',NULL),(116,'17 szekrény','lámpafoglalat','V/A Elektronika Rt','Fa-oGL','db','30',NULL),(NULL,NULL,'lapos kábelsaru csatlakozó 4 p.',NULL,NULL,'db','40',NULL),(NULL,NULL,'lapos kábelsaru összekötő',NULL,NULL,'db','120',NULL),(151,'20 szekrény','LED szalag időjárásálló 24V',NULL,NULL,'tekercs','1',NULL),(378,'3 konténer','LED szalag toldó',NULL,NULL,'db','10',NULL),(NULL,'2 konténer','lépcsőkocsihiány érzékelő CNIM','IFM','IMS126','db','1',NULL),(NULL,'2 konténer','lépcsőkocsihiány érzékelő KONE','Telemecanique','XS7C1A1PAL01M12','db','3',NULL),(135,'14 szekrény','lombfúvó','Makita','UB1101','db','1',NULL),(NULL,'1 konténer','mágneskapcsoló','ABB','AF09-30-10-13','db','25',NULL),(NULL,'nagyraktár 8 polc','mágneskapcsoló','DIL 6-22',NULL,'db','7','bontott'),(362,'3 konténer','mágneskapcsoló','EATON','DILER-40-G','db','2',NULL),(84,'19 szekrény','mágneskapcsoló','EATON','DILM25-32','db','6',NULL),(11,'12 szekrény','mágneskapcsoló','EATON','DILER-31-G','db','2',NULL),(12,'12 szekrény','mágneskapcsoló','EATON','DILER-40-G','db','1',NULL),(7,'12 szekrény','mágneskapcsoló','EATON','DILM25-32','db','2',NULL),(329,'3 konténer','mágneskapcsoló','ganz KK','DIL 00-52d','db','4',NULL),(351,'3 konténer','mágneskapcsoló','Ganz KK','DIL 00L-44','db','1',NULL),(NULL,'nagyraktár 5 polc','mágneskapcsoló','Ganz KK','DIL 00L-44','db','50',NULL),(20,'12 szekrény','mágneskapcsoló','Ganz KK','DIL 00L-62','db','3',NULL),(NULL,'1 konténer','mágneskapcsoló','Ganz KK','DIL 00L-62','db','3',NULL),(NULL,'nagyraktár 11 polc','mágneskapcsoló','Ganz KK','DIL 2-22d','db','12','bontott'),(27,'12 szekrény','mágneskapcsoló','Ganz KK','DIL-K(G)4','db','9',NULL),(5,'12 szekrény','mágneskapcsoló','Ganz KK','DIL-K7-10','db','4',NULL),(306,'4 konténer','mágneskapcsoló','Ganz KK','DIL-K75X-22','db','1',NULL),(15,'12 szekrény','mágneskapcsoló','Ganz KK','DIL1AM/22','db','1',NULL),(14,'12 szekrény','mágneskapcsoló','Ganz KK','DIL2M','db','2',NULL),(13,'12 szekrény','mágneskapcsoló','Ganz KK','DILR31','db','1',NULL),(357,'3 konténer','mágneskapcsoló','Ganz KK','DL -K11-10','db','1',NULL),(358,'3 konténer','mágneskapcsoló','Ganz KK','DL -K7-10','db','1',NULL),(77,'19 szekrény','mágneskapcsoló','Ganz KK','DL 0 - 52','db','23',NULL),(4,'12 szekrény','mágneskapcsoló','Ganz KK','DL 00 L - 44','db','1',NULL),(NULL,'1 konténer','mágneskapcsoló','Ganz KK','DL 00L-44','db','4',NULL),(75,'19 szekrény','mágneskapcsoló','Ganz KK','DL 00L-62','db','10',NULL),(298,'4 konténer','mágneskapcsoló','Ganz KK','DL 2 -22d','db','8',NULL),(28,'12 szekrény','mágneskapcsoló','Ganz KK','DL-K4-10','db','5',NULL),(6,'12 szekrény','mágneskapcsoló','Ganz KK','DL-K7-10','db','4',NULL),(NULL,'1 konténer','mágneskapcsoló','Ganz KK','DL-K7-10','db','1',NULL),(21,'12 szekrény','mágneskapcsoló','Ganz KK','DL00-52d','db','3',NULL),(NULL,'1 konténer','mágneskapcsoló','Ganz KK','DL00-52d','db','33',NULL),(19,'12 szekrény','mágneskapcsoló','Ganz KK','DL00L-44','db','1',NULL),(24,'19 szekrény','mágneskapcsoló','Ganz KK','DL2-22d','db','9',NULL),(167,'20 szekrény','mágneskapcsoló','Moeller','DILER-40-E','db','1',NULL),(25,'12 szekrény','mágneskapcsoló','Powerman','PMC-65','db','2',NULL),(18,'12 szekrény','mágneskapcsoló','Schneider','CA3KN31BD','db','10',NULL),(16,'12 szekrény','mágneskapcsoló','Schneider','CA3KN31BD3','db','2',NULL),(17,'12 szekrény','mágneskapcsoló','Schneider','CA3KN40BD','db','8',NULL),(263,'6 konténer','mágneskapcsoló','Schneider','CA3KN40BD3','db','2',NULL),(NULL,'1 konténer','mágneskapcsoló','Schneider','CA3KN40BD3','db','1',NULL),(220,'15 szekrény','mágneskapcsoló','Schneider','CAD32BD','db','2',NULL),(210,'15 szekrény','mágneskapcsoló','Schneider','LC1 D80P7','db','1',NULL),(65,'11 szekrény','mágneskapcsoló','Schneider','LC1D115P7','db','2',NULL),(73,'19 szekrény','mágneskapcsoló','Schneider','LC1D323P7','db','10',NULL),(209,'15 szekrény','mágneskapcsoló','Schneider','LC1D65AP7','db','1',NULL),(279,'4 konténer','mágneskapcsoló','SiEMENS','3RH1344-2AP00-0KA0','db','12',NULL),(280,'4 konténer','mágneskapcsoló','SiEMENS','3RT1017-2AP04','db','6',NULL),(297,'4 konténer','mágneskapcsoló','SiEMENS','3RT1036-3AP06','db','8',NULL),(72,'19 szekrény','mágneskapcsoló','SiEMENS','3RT1036-3APO6','db','15',NULL),(NULL,NULL,'mágneskapcsoló','SiEMENS','3RT1036-3APO6','db','9',NULL),(241,'6 konténer','mágneskapcsoló','Telemecanique','CA2KN22M7','db','2',NULL),(31,'12 szekrény','mágneskapcsoló','TRACON','TR1K0904','db','1',NULL),(231,'18 szekrény','milliOhm-mérő','PeakTech','PeakTech2705','db','1',NULL),(41,'12 szekrény','mini PLC','Schneider','Zelio sr2A101BD','db','1',NULL),(NULL,'1 konténer','motortömítő szilikonos 200 ml','Förch','K 166','flakon','1','bontott'),(219,'15 szekrény','motorvédő kapcsoló','EATON','PKZM4-40','db','1',NULL),(340,'3 konténer','motorvédő kapcsoló','Moeller','PKZM0-16','db','1',NULL),(341,'3 konténer','motorvédő kapcsoló','Moeller','PKZM0-32','db','4',NULL),(NULL,'2 konténer','motorvédő kapcsoló','Schneider','GV2ME07','db','4',NULL),(278,'4 konténer','motorvédő kapcsoló','SieMENS','3RV1041-4FA10','db','6',NULL),(217,'15 szekrény','motorvédő kismegszakító 10-16A','EATON','PKZM0-16','db','1',NULL),(324,'3 konténer','motorvédő relé','Ganz KK','H0-2K','db','1',NULL),(NULL,'nagyraktár 31 polc','motorvédő relé','Ganz KK','H0-2K','db','2',NULL),(333,'3 konténer','motorvédő relé','Ganz KK','UNC','db','1',NULL),(342,'3 konténer','motorvédő relé','Moeller','ZM-40-PKZ2','db','2',NULL),(330,'3 konténer','motorvédő relé','Schneider','06ATEX0036X','db','1',NULL),(212,'15 szekrény','motorvédő relé','Schneider','GV2ME16','db','2',NULL),(213,'15 szekrény','motorvédő relé','Schneider','GV2ME20','db','2',NULL),(152,'20 szekrény','NH késes biztosító aljzat','KAWETRA','NHZ-1 S 250 A 690 V','db','6',NULL),(164,'20 szekrény','NH késes olvadóbiztosító 100A','LINDNER','NH-C00 gL-gL','db','1',NULL),(172,'20 szekrény','NH késes olvadóbiztosító 125A','ELCO','NH 0/gG 125A 500 V','db','3',NULL),(171,'20 szekrény','NH késes olvadóbiztosító 160A','ELCO','NH 1/gG 160A 500 V','db','4',NULL),(160,'20 szekrény','NH késes olvadóbiztosító 16A','ELCO','NH 00 C 16A gG 500 V','db','50',NULL),(166,'20 szekrény','NH késes olvadóbiztosító 200A','KAWETRA','NH 1 200A gG 500V','db','18',NULL),(169,'20 szekrény','NH késes olvadóbiztosító 20A',NULL,'NH00 / gL 20 A 500 V','db','6',NULL),(239,'20 szekrény','NH késes olvadóbiztosító 250A',NULL,NULL,'db','3',NULL),(240,'20 szekrény','NH késes olvadóbiztosító 315A',NULL,'NH00 DIN80','db','8',NULL),(158,'20 szekrény','NH késes olvadóbiztosító 35A','KAWETRA','NH 00 C 35A gG 500 V','db','15',NULL),(170,'20 szekrény','NH késes olvadóbiztosító 35A','VBKM VT','NH00/gL 35A 500 V','db','3',NULL),(168,'20 szekrény','NH késes olvadóbiztosító 50A','ELCO','NH00 / gL 50 A 500 V','db','3',NULL),(159,'20 szekrény','NH késes olvadóbiztosító 50A','KAWETRA','NH 00 C 50A gG 500 V',NULL,NULL,NULL),(163,'20 szekrény','NH késes olvadóbiztosító 63A',NULL,'0-SE2 63A','db','2',NULL),(162,'20 szekrény','NH késes olvadóbiztosító 63A',NULL,'NH 00 C 63A gG 500 V','db','5',NULL),(165,'20 szekrény','NH késes olvadóbiztosító 80A','TRACON','NT00C-80','db','33',NULL),(360,'3 konténer','NH késes olvadóbiztosító 80A','TRACON','NT00C-80','db','3',NULL),(334,'3 konténer','nyomógomb betét','TRACON','NYAE102','db','22',NULL),(115,'17 szekrény','nyomógomb K érintkező','V/A Elektronika Rt','K 13200','db','90',NULL),(119,'17 szekrény','nyomógomb kapcsolóval','V/A Elektronika Rt','P-v IK 13730','db','20',NULL),(NULL,'nagyraktár 3 polc','nyomógomb LT lépcsőkhöz',NULL,NULL,'tálca','2',NULL),(117,'17 szekrény','nyomógomb működtetőfej','V/A Elektronika Rt','D-x-sw','db','30',NULL),(252,'6 konténer','nyomógomb OK lépcsőkhöz',NULL,'VDE 0660','db','4',NULL),(127,'17 szekrény','OK motorvédő kártya','OK',NULL,'db','2',NULL),(385,'3 konténer','OK olajzó elosztó','OK','163229','db','2',NULL),(35,'12 szekrény','olajgomba',NULL,NULL,'db','3',NULL),(NULL,'2 konténer','olajgomba',NULL,NULL,'db','3',NULL),(NULL,'1 konténer','olajgomba',NULL,NULL,'db','2',NULL),(250,'6 konténer','olajzó kártya','REBS','EUW II','db','1',NULL),(247,'6 konténer','olajzó kocka',NULL,NULL,'db','1',NULL),(246,'6 konténer','olajzókártya tartó',NULL,NULL,'db','3',NULL),(295,'4 konténer','olajzótartály szivattyúval komplett',NULL,NULL,'db','2',NULL),(NULL,'2 konténer','olvadóbiztosító 10 x 38 10A',NULL,NULL,'db','50',NULL),(NULL,'2 konténer','olvadóbiztosító 10 x 38 4A',NULL,NULL,'db','50',NULL),(NULL,'2 konténer','olvadóbiztosító 10 x 38 6A',NULL,NULL,'db','50',NULL),(NULL,'2 konténer','olvadóbiztosító 10 x 38 8A',NULL,NULL,'db','50',NULL),(161,'20 szekrény','olvadóbiztosító 16A','ETI','gG - gL 16A','db','5',NULL),(NULL,'2 konténer','olvadóbiztosító 22 x 58 32A',NULL,NULL,'db','10',NULL),(NULL,'2 konténer','olvadóbiztosító 22 x 58 40A',NULL,NULL,'db','10',NULL),(NULL,'2 konténer','olvadóbiztosító 22 x 58 50A',NULL,NULL,'db','10',NULL),(NULL,'2 konténer','olvadóbiztosító 22 x 58 63A',NULL,NULL,'db','10',NULL),(NULL,'2 konténer','olvadóbiztosító 22 x 58 80A',NULL,NULL,'db','10',NULL),(317,'5 konténer','olvadóbiztosító 63A','KVGY','CH 22 gG','db','30',NULL),(229,'18 szekrény','oszcilloszkóp 2 csatormás','Tektronix','TDS 2012C','db','1',NULL),(138,'14 szekrény','patentfogó saruzó fejjel',NULL,NULL,'db','1',NULL),(NULL,'nagyraktár 3 polc','pattintós relé foglalat','DIPE PY14',NULL,'db','30',NULL),(376,'5 konténer','PLC','Schneider','SR2 A101BD','db','3',NULL),(NULL,'2 konténer','PLC','Schneider','SR2 A101BD','db','3','használt'),(99,'13 szekrény','PLC görgő',NULL,NULL,'db','8',NULL),(153,'20 szekrény','plombazsinór',NULL,NULL,'tekercs','1',NULL),(NULL,'nagyraktár 3 polc','porcelán gyűrű biztosító aljzathoz 2A',NULL,NULL,'db','50',NULL),(NULL,'nagyraktár 3 polc','porcelán gyűrű biztosító aljzathoz 6A',NULL,NULL,'db','50',NULL),(NULL,'2 konténer','radar burkolat CNIM',NULL,NULL,'db','1',NULL),(NULL,'2 konténer','radar fedél Thyssen',NULL,NULL,'db','3',NULL),(NULL,'2 konténer','radar komplett Thyssen','Bircher','Merkur 2 ES.C','db','1',NULL),(235,'6 konténer','régi vezérlőegység',NULL,NULL,'db','1',NULL),(254,'6 konténer','relé','Finder','60.12.9.024.0040','db','1',NULL),(NULL,'1 konténer','relé','Moeller','DILR31','db','3',NULL),(NULL,'fiókos szekrény 7','relé','RELOG','2 RH 30','db','4',NULL),(155,'20 szekrény','relé','EAW','RELOG 4 RH 40','db','16',NULL),(245,'6 konténer','relé','Finder','55.34.9.024.0040','db','7',NULL),(248,'6 konténer','relé','RelPol','R15-2012-23-5024-WT','db','3',NULL),(223,'15 szekrény','relé','Schneider','LRD04','db','2',NULL),(NULL,'1 konténer','relé','Schneider','LRD08','db','1',NULL),(224,'15 szekrény','relé','Schneider','LRD32','db','2',NULL),(389,'3 konténer','relé 11 pólusú',NULL,'1,51013E+11','db','39',NULL),(NULL,'fiókos szekrény 1','relé 12V DC','RE-CO','GPM-4','db','19',NULL),(NULL,'5 konténer','relé 12V DC kis méretű CNIM lépcsőhöz','Weidmüller','RCL424012','db','1',NULL),(NULL,'fiókos szekrény 8','relé 200V DC KR11','EVIG',NULL,'db','20',NULL),(NULL,'fiókos szekrény 6','relé 230V AC','Omron','MY4 220/240VAC','db','16',NULL),(NULL,'fiókos szekrény 6','relé 230V AC','RE-CO','GPM-4','db','4',NULL),(NULL,'5 konténer','relé 230V AC','Shrack','PT 570 730','db','50',NULL),(NULL,'fiókos szekrény 12','relé 230V AC KR11',NULL,NULL,'db','50',NULL),(NULL,'nagyraktár 31 polc','relé 230V AC KR11',NULL,NULL,'db','19',NULL),(NULL,'fiókos szekrény 9','relé 230V AC KR8','EVIG',NULL,'db','14',NULL),(NULL,'fiókos szekrény 6','relé 24V AC','Omron','MY4 24VAC','db','8',NULL),(NULL,'fiókos szekrény 9','relé 24V AC KR11','EVIG',NULL,'db','6',NULL),(NULL,'fiókos szekrény 6','relé 24V AC KR11','Finder','60.13.8.024.0040','db','3',NULL),(NULL,'fiókos szekrény 15','relé 24V AC KR11',NULL,NULL,'db','85',NULL),(NULL,'fiókos szekrény 10','relé 24V AC KR8','RelPol','R15-2012-23-5024-WT','db','70',NULL),(NULL,'fiókos szekrény 1','relé 24V DC','Finder','56.34.9.024.0040','db','2',NULL),(NULL,'fiókos szekrény 1','relé 24V DC','RelPol','R4N-2014-23-1024-WTL','db','108',NULL),(NULL,'fiókos szekrény 1','relé 24V DC','Weidmüller','DRM 570024LT','db','2',NULL),(NULL,'5 konténer','relé 24V DC kis méretű CNIM lépcsőhöz','Weidmüller','RCL424024','db','50',NULL),(NULL,'fiókos szekrény 11','relé 24V DC KR11',NULL,NULL,'db','62',NULL),(NULL,'nagyraktár 31 polc','relé 24V DC KR11',NULL,NULL,'db','8',NULL),(NULL,'nagyraktár 31 polc','relé 24V DC KR11',NULL,NULL,'db','80',NULL),(NULL,'fiókos szekrény 9','relé 24V DC KR8','EVIG',NULL,'db','7',NULL),(NULL,'fiókos szekrény 9','relé 24V DC KR8','Finder','60.12.9.024.0040','db','6',NULL),(269,'6 konténer','relé KONE sorkapocshoz',NULL,NULL,'db','2',NULL),(NULL,'nagyraktár 3 polc','relé különféle',NULL,NULL,'db','40',NULL),(399,'3 konténer','reléfoglalat 11 pólusú','MISZ Jászberény','JFCS-11','db','120',NULL),(373,'5 konténer','reléfoglalat 11 pólusú sínre szerelhető','Finder','90 21','db','9',NULL),(243,'6 konténer','reléfoglalat 8 pólusú kerek','Finder','90.20','db','1',NULL),(242,'6 konténer','reléfoglalat 8 pólusú kerek',NULL,NULL,'db','3',NULL),(244,'6 konténer','reléfoglalat Finder','Finder','34425','db','4',NULL),(370,'5 konténer','reléfoglalat Finder sínre szerelhető','Finder','94 04','db','29',NULL),(96,'19 szekrény','reléfoglalat KR11','SCHRACK','MT78740','db','2',NULL),(NULL,'5 konténer','reléfoglalat sínre szerelhető','Weidmüller','8869490000','db','50',NULL),(186,'15 szekrény','rugós pálca Telemecanique VÁK.hoz','Telemecanique','ZCE07','db','10',NULL),(130,'14 szekrény','saruzó fogó','ESPA',NULL,'db','1',NULL),(128,'14 szekrény','saruzó fogó','STANLEY Dubuis','MGL 63 242/16','db','1',NULL),(NULL,'nagyraktár 16 polc','sávcsatlakozó',NULL,NULL,'panel','12',NULL),(NULL,'2 konténer','sebességfigyelő relé Thyssen','ThyssenKrupp','TSR DMS','db','2',NULL),(NULL,'1 konténer','segéd kapcsoló blokk','Ganz KK','HL-K 44','db','3',NULL),(285,'4 konténer','segéd kapcsoló blokk','SiEMENS','3RH1921-2DA11','db','51',NULL),(NULL,'1 konténer','segéd kapcsoló blokk','SiEMENS','3RH1921-2DA11','db','4',NULL),(332,'3 konténer','segédérintkező','ABB','CA422M','db','1',NULL),(367,'3 konténer','segédérintkező','ABB','CA422M','db','15',NULL),(361,'3 konténer','segédérintkező','EATON','22DILEM','db','2',NULL),(345,'3 konténer','segédérintkező','EATON','DILER-31-G','db','1',NULL),(NULL,'1 konténer','segédérintkező','EATON','DILER-31-G','db','1',NULL),(301,'4 konténer','segédérintkező','EATON','DILER-40-G','db','5',NULL),(NULL,'1 konténer','segédérintkező','EATON','DILER-40-G','db','2',NULL),(23,'12 szekrény','segédérintkező','EATON','DILM150-XHI22','db','13',NULL),(331,'3 konténer','segédérintkező','EATON','DILM150-XHI22','db','1',NULL),(300,'4 konténer','segédérintkező','EATON','DILM150-XHI22','db','5',NULL),(10,'12 szekrény','segédérintkező','EATON','DILM32-XHI22','db','15',NULL),(9,'12 szekrény','segédérintkező','EATON','22DILEM','db','8',NULL),(352,'3 konténer','segédérintkező','Ganz KK','Hi-04','db','1',NULL),(8,'12 szekrény','segédérintkező','Moeller','13 DIL','db','4',NULL),(3,'12 szekrény','segédérintkező','Moeller','22 DILE','db','8',NULL),(328,'3 konténer','segédérintkező','Moeller','22DILE','db','5',NULL),(299,'4 konténer','segédérintkező','Moeller','22DILE','db','7',NULL),(302,'4 konténer','segédérintkező','Moeller','31DIL','db','5',NULL),(NULL,'1 konténer','segédérintkező','MU System','PMC-16M','db','3',NULL),(NULL,'1 konténer','segédérintkező','MU System','PMS-4M','db','21',NULL),(359,'3 konténer','segédérintkező','OMU System','PMC-9M','db','1',NULL),(356,'3 konténer','segédérintkező','Powerman','PMS-4M','db','1',NULL),(363,'3 konténer','segédérintkező','Schneider','LADN11','db','1',NULL),(284,'4 konténer','segédérintkező','siEMENS','3RH1911-2FA22','db','12',NULL),(286,'4 konténer','segédérintkező','SiEMENS','3RH1911-2HA12','db','6',NULL),(NULL,'1 konténer','segédérintkező','Telemecanique','LC1 K09008M7','db','1',NULL),(NULL,'1 konténer','segédérintkező','TRACON','TR5-KN04','db','5',NULL),(369,'3 konténer','segédérintkező sorolható','Powerman','PMC-50','db','4',NULL),(368,'3 konténer','segédérintkező sorolható','Powerman','PMC-65','db','3',NULL),(182,'15 szekrény','sínre szerelhető dugalj 220 V','Pollmann Elektrotechnik','VES 633 47 87','db','20',NULL),(NULL,'5 konténer','sínrögzítő','Schneider','ABL 1A02','db','14',NULL),(410,'3 konténer','sorkapocs','KIPSZER','KCSN 2,5','db','80',NULL),(270,'6 konténer','sorkapocs','Wago','Wago 249','db','50',NULL),(272,'6 konténer','sorkapocs','Wago','Wago 279','db','40',NULL),(313,'5 konténer','sorkapocs','Weidmüller','SAK16','db','4',NULL),(312,'5 konténer','sorkapocs','Weidmüller','SAK35','db','10',NULL),(316,'5 konténer','sorkapocs','Weidmüller','SAK6','db','40',NULL),(311,'5 konténer','sorkapocs','Weidmüller','SAK95','db','6',NULL),(271,'6 konténer','sorkapocs  számozva','Weidmüller','WDU6','db','50',NULL),(NULL,'1 konténer','sorkapocs 2,5 mm2 3A 12 tagú',NULL,NULL,'csomag','2',NULL),(NULL,'1 konténer','sorkapocs 4 mm2 6A 12 tagú',NULL,NULL,'csomag','2',NULL),(256,'6 konténer','sorkapocs olvadóbetéttel','Wago','Wago 281','db','4',NULL),(NULL,'nagyraktár 21 polc','stop-gomb','KONE','PBF 22','db','4',NULL),(238,'6 konténer','Stop-gomb','régi',NULL,'db','12',NULL),(NULL,'fiókos szekrény 2','Stop-gomb különböző típus',NULL,NULL,'db','40',NULL),(101,'13 szekrény','Stop-gomb VÁK-kal',NULL,NULL,'db','3',NULL),(349,'3 konténer','stopgombok',NULL,NULL,'doboz','1','különféle lépcsőkhöz'),(234,'18 szekrény','szerszámkészlet','Extol',NULL,'db','1',NULL),(103,'16 szekrény','Szervizcsatlakozó 10 pin',NULL,NULL,'db','2',NULL),(104,'16 szekrény','Szervizcsatlakozó 6 pin',NULL,NULL,'db','10',NULL),(102,'16 szekrény','Szervizdugó + foglalat','OK - KONE lépcsőkhöz',NULL,'db','7',NULL),(111,'16 szekrény','szervizkábelek (üzemképes - rossz)',NULL,NULL,'db','8',NULL),(144,'14 szekrény','szigetelésvizsgáló','Soner','MIC 2505','db','1',NULL),(NULL,'1 konténer','szigetelőszalag 15 mm fekete',NULL,NULL,'tekercs','30',NULL),(NULL,'1 konténer','szigetelőszalag 19 mm fekete',NULL,NULL,'tekercs','35',NULL),(NULL,'1 konténer','szigetelőszalag 19 mm piros',NULL,NULL,'tekercs','20',NULL),(NULL,'1 konténer','szigetelőszalag 19 mm sárga',NULL,NULL,'tekercs','5',NULL),(NULL,'1 konténer','szigetelőszalag 25 mm kék',NULL,NULL,'tekercs','4',NULL),(NULL,'1 konténer','szigetelőszalag 25 mm zöld-sárga',NULL,NULL,'tekercs','36',NULL),(NULL,'5 konténer','szilárdtest relé 24-240V AC','Schneider','SSL1A12NDR','db','10',NULL),(NULL,'1 konténer','szilikon spray 500 ml','Förch','S 420','flakon','1',NULL),(137,'14 szekrény','szorítópofa KS 14 hidr.préshez',NULL,NULL,'szett','1',NULL),(315,'5 konténer','tápegység','Phoenix Contact','QUINT -PS/100-240AC/30DC/2,4/EFD','db','1',NULL),(36,'12 szekrény','tápegység','SIEMENS','6EP1322-1SH01','db','1',NULL),(47,'12 szekrény','Tápegység 24 V','Omron','S8FS-C05024J','db','5',NULL),(48,'12 szekrény','Tápegység 24 V','Schneider','ABL1REM24025','db','4',NULL),(374,'5 konténer','tápegység 24 V','Schneider','ABL8MEM24012','db','4',NULL),(NULL,'2 konténer','tápegység 24 V 1.2 A','Omron','S8FS-C05024J','db','11',NULL),(NULL,'2 konténer','tápegység 24 V 1.2 A','Schneider','ABL8MEM24012','db','3','használt'),(NULL,'2 konténer','tápegység 24 V AC','Comatec','TBD2 020 24 P3','db','9',NULL),(NULL,'2 konténer','tápegység 24V DC 5A','MeanWell','NDR-120-24','db','5',NULL),(232,'18 szekrény','tappancs',NULL,NULL,'db','1','1 karja törött'),(NULL,'nagyraktár 30 polc','telefonizzó',NULL,NULL,'db','100',NULL),(NULL,'1 konténer','tisztító spray elektronikai 400 ml','Nicro','935','flakon','7',NULL),(NULL,'1 konténer','tok Telemecanique VÁK-hoz',NULL,NULL,'db','3',NULL),(174,'15 szekrény','tokozott motorvédő','Ganz KK','DTMn-K11','db','3',NULL),(249,'6 konténer','tokozott motorvédő','Ganz KK','DTMn-K11','db','1',NULL),(NULL,'1 konténer','tolómérő',NULL,NULL,'db','1',NULL),(NULL,'1 konténer','tölthető akku 9V',NULL,NULL,'db','3',NULL),(273,'6 konténer','tömszelence 54 mm',NULL,NULL,'db','2',NULL),(176,'15 szekrény','tömszelence 6-13 mm','V-TEC','VM20LGR','db','30',NULL),(237,'6 konténer','transzformátor','régi OTIS vezérlés trafói - Kuka',NULL,'db','7',NULL),(NULL,'nagyraktár 8 polc','transzformátor nagy OK','380 / 5 - 45 - 55 - 65 - 220V',NULL,'db','2','bontott'),(NULL,'1 konténer','transzformátor nagy OK',NULL,NULL,'db','1',NULL),(216,'15 szekrény','túláramvédő','EATON','ZB32-24','db','4',NULL),(215,'15 szekrény','túláramvédő','EATON','ZB65-65','db','2',NULL),(218,'15 szekrény','túláramvédő','EATON','ZE-2,4','db','2',NULL),(NULL,'2 konténer','üvegbiztosíték  5 x 20 2,5A',NULL,NULL,'db','900',NULL),(384,'2 konténer','üvegbiztosíték 1A',NULL,NULL,'db','40',NULL),(382,'2 konténer','üvegbiztosíték 2A',NULL,NULL,'db','140',NULL),(NULL,'2 konténer','üvegbiztosíték 5 x 20 1,25A',NULL,NULL,'db','700',NULL),(NULL,'2 konténer','üvegbiztosíték 5 x 20 1,6A',NULL,NULL,'db','1200',NULL),(NULL,'2 konténer','üvegbiztosíték 5 x 20 2A',NULL,NULL,'db','1000',NULL),(NULL,'2 konténer','üvegbiztosíték 5 x 20 500mA',NULL,NULL,'db','2500',NULL),(NULL,'2 konténer','üvegbiztosíték 5 x 20 800mA',NULL,NULL,'db','100',NULL),(383,'2 konténer','üvegbiztosíték 500mA',NULL,NULL,'db','100',NULL),(409,'3 konténer','üzemóra számláló','BAUSER','1518','db','20',NULL),(397,'3 konténer','üzemóra számláló','THEBEN','BZ 142-1','db','8',NULL),(338,'3 konténer','VÁK','Bernstein','B12-SUIZ TASTER','db','1',NULL),(339,'3 konténer','VÁK','Bernstein','GC-SU1 FF','db','4',NULL),(277,'6 konténer','VÁK','Bernstein Classic','ENK-U1Z IW','db','4',NULL),(91,'19 szekrény','VÁK','EATON','LS-02','db','2',NULL),(319,'5 konténer','VÁK','EATON','LS-02','db','3',NULL),(92,'19 szekrény','VÁK','EATON','LS-11S','db','1',NULL),(321,'5 konténer','VÁK','EATON','LS-11S/P','db','2',NULL),(94,'19 szekrény','VÁK','EATON','LS-11S/RL','db','2',NULL),(323,'5 konténer','VÁK','EATON','LS-11S/RL','db','1',NULL),(320,'5 konténer','VÁK','EATON','LS-11s/RLA','db','3',NULL),(93,'19 szekrény','VÁK','EATON','LS-11S/S','db','1',NULL),(322,'5 konténer','VÁK','EATON','LS-11S/S','db','1',NULL),(408,'3 konténer','VÁK','Highly','ED-1-1-62','db','12',NULL),(NULL,'1 konténer','VÁK','Highly','ED-1-1-62','db','1',NULL),(184,'15 szekrény','VÁK','HIGHLY','ZE6100','db','2',NULL),(NULL,'1 konténer','VÁK','Highly','ZE6100','db','2',NULL),(183,'15 szekrény','VÁK','HIGHLY','ZE6102','db','6',NULL),(95,'19 szekrény','VÁK','HIGHLY','ZE6102','db','8',NULL),(404,'3 konténer','VÁK','Highly','ZE6102','db','3',NULL),(NULL,'1 konténer','VÁK','Highly','ZE6102','db','1',NULL),(86,'19 szekrény','VÁK','LAMIVILL','PN4-0V3-1','db','20',NULL),(87,'19 szekrény','VÁK','LAMIVILL','PN4-0V3-2','db','17',NULL),(88,'19 szekrény','VÁK','LAMIVILL','PN4-0V3-3','db','7',NULL),(89,'19 szekrény','VÁK','LAMIVILL','PN4-0V3-6','db','25',NULL),(406,'3 konténer','VÁK','Moujen','MEA-9104','db','10',NULL),(407,'3 konténer','VÁK','Moujen','MEA-9112','db','15',NULL),(188,'15 szekrény','VÁK','MOUJEN','MJ-7101','db','2',NULL),(90,'19 szekrény','VÁK','MOUJEN','MJ-7101','db','5',NULL),(177,'15 szekrény','VÁK','Omron','ZE-N-2G','db','6',NULL),(337,'3 konténer','VÁK','Schneider','ZB2BE101','db','20',NULL),(NULL,'1 konténer','VÁK','Telemecanique','XE2 SP2141','db','7',NULL),(178,'15 szekrény','VÁK','Telemecanique','ZCP29','db','29',NULL),(180,'15 szekrény','VÁK','Telemecanique','ZCT21P16','db','5',NULL),(NULL,'nagyraktár 31 polc','VÁK',NULL,'ZE6100','db','2',NULL),(NULL,'nagyraktár 31 polc','VÁK',NULL,'ZE6102','db','2',NULL),(405,'3 konténer','VÁK','Highly','ZE6100','db','1',NULL),(335,'3 konténer','VÁK fej','Telemecanique','ZCE28','db','1',NULL),(390,'3 konténer','VÁK K elemes','VA RT','13200','db','10',NULL),(391,'3 konténer','VÁK K elemes','VA RT','13202','db','6',NULL),(392,'3 konténer','VÁK K elemes','VA RT','VDE 0660','db','10',NULL),(262,'6 konténer','VÁK K elemes',NULL,'VDE 0660','db','11',NULL),(403,'3 konténer','VÁK Keleti CNIM fékhez',NULL,NULL,'db','1',NULL),(NULL,'nagyraktár 21 polc','VÁK KONE','KONE','KM5233646H01','db','1',NULL),(NULL,'nagyraktár 21 polc','VÁK KONE görgős','KONE','KM3670221','db','1',NULL),(NULL,'nagyraktár 21 polc','VÁK KONE reteszes','KONE','2635','db','2',NULL),(NULL,'nagyraktár 31 polc','VÁK LT lépcsőkhöz különböző',NULL,NULL,'doboz','1',NULL),(187,'15 szekrény','VÁK reteszes','Telemecanique','XCPR2902P20','db','18',NULL),(336,'3 konténer','VÁK rugós karral','EATON','LSM-11S/S','db','7',NULL),(34,'12 szekrény','váltóérintkezős kapcsoló','E.Dold & Söhne KG','AD 866.12','db','2',NULL),(NULL,'fiókos szekrény 5','varisztor',NULL,'S20K275','db','7',NULL),(NULL,'nagyraktár 13 polc','végrögzítő','Weidmüller','EWK 11 x 50','db','500',NULL),(NULL,'nagyraktár 13 polc','végrögzítő','Weidmüller','EWK 18 x 50','db','900',NULL),(396,'3 konténer','ventilátor','NMB','5915PC23TB30A00','db','3',NULL),(394,'3 konténer','ventilátor','Pfannenberg','RAL 7035','db','4',NULL),(398,'3 konténer','ventilátor','SUNON','MEC0382V1-000U-G99','db','5',NULL),(67,'11 szekrény','ventilátor',NULL,'C18C23HTBF00','db','7',NULL),(395,'3 konténer','ventilátor',NULL,'FPF13KR230BE-110','db','1',NULL),(NULL,'nagyraktár 13 polc','vezérlőpanel LT',NULL,NULL,'db','2','bontott'),(318,'5 konténer','vezérlőpanel OTIS',NULL,NULL,'db','1',NULL),(296,'4 konténer','vezetékszámozó',NULL,NULL,'doboz','1',NULL),(386,'3 konténer','VGA kábel 1m',NULL,NULL,'db','1',NULL),(NULL,'fiókos szekrény 5','világító nyomógombfej','Ganz KK','V-V-Z','db','10',NULL),(253,'6 konténer','visszajelző lámpa LT - OTIS lépcsőkhöz',NULL,NULL,'db','4',NULL),(364,'3 konténer','visszajelző lámpafej különböző',NULL,NULL,'doboz','1',NULL),(114,'17 szekrény','visszajelző lámpafej piros','V/A Elektronika Rt','L2-rt sw','db','50',NULL),(113,'17 szekrény','visszajelző lámpafej zöld','V/A Elektronika Rt','L2-gn sw','db','40',NULL),(NULL,'nagyraktár 1 polc','víztiszta cső 1 / 2',NULL,NULL,'méter','500',NULL),(NULL,'nagyraktár 1 polc','víztiszta cső 10 / 14',NULL,NULL,'méter','75',NULL),(NULL,'nagyraktár 1 polc','víztiszta cső 5 / 7',NULL,NULL,'méter','300',NULL),(NULL,'nagyraktár 1 polc','víztiszta cső 6 / 10',NULL,NULL,'méter','100',NULL),(NULL,'nagyraktár 1 polc','víztiszta cső 8',NULL,NULL,'méter','80',NULL),(NULL,'nagyraktár 31 polc','voltmérő átkapcsoló','Ganz KK','VGK 16','db','8',NULL),(NULL,'1 konténer','WAGO 2-es',NULL,NULL,'doboz','1',NULL),(NULL,'1 konténer','WAGO 3-as',NULL,NULL,'doboz','4',NULL),(NULL,'1 konténer','WD 40 400 ml',NULL,NULL,'flakon','1',NULL),(68,'11 szekrény','zsugorcső 19,1 mm',NULL,NULL,'db','100',NULL),(NULL,'nagyraktár','elektronikus előtét  2 x 36W','TRACON','Tracon TLFV-EE-236','db','50',NULL),(NULL,'5 konténer','szilárdtest relé 60V - 2A 240V AC','Finder','34.881.7.060.8240','db','19',NULL),(NULL,'5 konténer','relé 12V DC kis méretű 2CO','Weidmüller','RCL424012','db','49',NULL),(NULL,'5 konténer','LED-modul kijelzővel reléfoglalatra szerelhető','Weidmüller','RIM3 6/24VUC','db','50',NULL);
/*!40000 ALTER TABLE `mytable` ENABLE KEYS */;
UNLOCK TABLES;

--
-- Table structure for table `seq`
--

DROP TABLE IF EXISTS `seq`;
/*!40101 SET @saved_cs_client     = @@character_set_client */;
/*!50503 SET character_set_client = utf8mb4 */;
CREATE TABLE `seq` (
  `next_val` bigint DEFAULT NULL
) ENGINE=InnoDB DEFAULT CHARSET=utf8mb4 COLLATE=utf8mb4_hungarian_ci;
/*!40101 SET character_set_client = @saved_cs_client */;

--
-- Dumping data for table `seq`
--

LOCK TABLES `seq` WRITE;
/*!40000 ALTER TABLE `seq` DISABLE KEYS */;
INSERT INTO `seq` VALUES (1);
/*!40000 ALTER TABLE `seq` ENABLE KEYS */;
UNLOCK TABLES;

--
-- Table structure for table `Status`
--

DROP TABLE IF EXISTS `Status`;
/*!40101 SET @saved_cs_client     = @@character_set_client */;
/*!50503 SET character_set_client = utf8mb4 */;
CREATE TABLE `Status` (
  `statusId` int NOT NULL,
  `title` varchar(45) CHARACTER SET utf8mb4 COLLATE utf8mb4_hu_0900_as_cs NOT NULL DEFAULT '""',
  PRIMARY KEY (`statusId`),
  UNIQUE KEY `statusId_UNIQUE` (`statusId`)
) ENGINE=InnoDB DEFAULT CHARSET=utf8mb4 COLLATE=utf8mb4_hu_0900_as_cs;
/*!40101 SET character_set_client = @saved_cs_client */;

--
-- Dumping data for table `Status`
--

LOCK TABLES `Status` WRITE;
/*!40000 ALTER TABLE `Status` DISABLE KEYS */;
INSERT INTO `Status` VALUES (0,'üzemképes'),(1,'javítás alatt'),(2,'alkatrészre vár'),(3,'főjavítás alatt'),(4,'felújítás alatt'),(5,'gépház');
/*!40000 ALTER TABLE `Status` ENABLE KEYS */;
UNLOCK TABLES;

--
-- Table structure for table `Tipus`
--

DROP TABLE IF EXISTS `Tipus`;
/*!40101 SET @saved_cs_client     = @@character_set_client */;
/*!50503 SET character_set_client = utf8mb4 */;
CREATE TABLE `Tipus` (
  `tipusId` int NOT NULL,
  `creationDateTime` datetime(6) DEFAULT NULL,
  `tipusNev` varchar(255) DEFAULT NULL,
  `updateDateTime` datetime(6) DEFAULT NULL,
  PRIMARY KEY (`tipusId`)
) ENGINE=InnoDB DEFAULT CHARSET=utf8mb4 COLLATE=utf8mb4_0900_ai_ci;
/*!40101 SET character_set_client = @saved_cs_client */;

--
-- Dumping data for table `Tipus`
--

LOCK TABLES `Tipus` WRITE;
/*!40000 ALTER TABLE `Tipus` DISABLE KEYS */;
INSERT INTO `Tipus` VALUES (3,'2020-08-02 11:17:56.772523','OK-RTHD','2020-08-02 11:17:56.772558'),(6,'2020-08-02 11:18:44.343686','OK-RTHD','2020-08-02 11:18:44.343738'),(13,'2020-08-02 11:20:48.584508','Kone TransitMaster','2020-08-02 11:20:48.584542'),(22,'2020-08-02 11:25:04.174218','LT - 4','2020-08-02 11:25:04.174262'),(31,'2020-08-02 11:35:19.174218','OTIS MPE 513','2020-08-02 11:35:19.174247'),(37,'2020-08-02 11:37:28.374571','CNIM','2020-08-02 11:37:28.374624'),(43,'2020-08-02 11:39:06.020853','Thyssen','2020-08-02 11:39:06.020882'),(47,'2020-08-02 11:39:52.839400','CNIM 4P1','2020-08-02 11:39:52.839451'),(51,'2020-08-02 11:40:41.182224','CNIM 23E','2020-08-02 11:40:41.182264'),(56,'2020-08-02 11:41:32.275225','OK-RTHDM5','2020-08-02 11:41:32.275262'),(62,'2020-08-02 11:42:35.033018','LT - 3','2020-08-02 11:42:35.033049'),(99,'2020-08-03 07:53:31.892701','CNIM E-Premium','2020-08-03 07:53:31.892754'),(112,'2020-08-03 08:08:39.450302','CNIM 23EB','2020-08-03 08:08:39.450324'),(202,'2020-08-03 08:57:36.090243','ET - 3SZ','2020-08-03 08:57:36.090255'),(210,'2020-08-03 09:01:20.727431','LP - 6I','2020-08-03 09:01:20.727442'),(227,'2020-08-03 09:10:59.982386','Kone TransitMaster T140','2020-08-03 09:10:59.982415'),(6943,'2021-01-29 11:32:56.030000','TMK','2021-01-29 11:32:56.030000'),(6945,'2021-01-29 11:33:57.525000','gépház','2021-01-29 11:33:57.526000'),(6950,'2021-01-29 11:36:21.683000','K -Ny gépház','2021-01-29 11:36:21.683000'),(6952,'2021-01-29 11:36:49.332000','OTIS gépház','2021-01-29 11:36:49.332000'),(7716,'2021-02-24 07:24:00.683097','műhely','2021-02-24 07:24:00.683131');
/*!40000 ALTER TABLE `Tipus` ENABLE KEYS */;
UNLOCK TABLES;
/*!40103 SET TIME_ZONE=@OLD_TIME_ZONE */;

/*!40101 SET SQL_MODE=@OLD_SQL_MODE */;
/*!40014 SET FOREIGN_KEY_CHECKS=@OLD_FOREIGN_KEY_CHECKS */;
/*!40014 SET UNIQUE_CHECKS=@OLD_UNIQUE_CHECKS */;
/*!40101 SET CHARACTER_SET_CLIENT=@OLD_CHARACTER_SET_CLIENT */;
/*!40101 SET CHARACTER_SET_RESULTS=@OLD_CHARACTER_SET_RESULTS */;
/*!40101 SET COLLATION_CONNECTION=@OLD_COLLATION_CONNECTION */;
/*!40111 SET SQL_NOTES=@OLD_SQL_NOTES */;

-- Dump completed on 2021-03-01 10:11:01
