-- MySQL dump 10.13  Distrib 8.0.21, for macos10.15 (x86_64)
--
-- Host: localhost    Database: mgl2020
-- ------------------------------------------------------
-- Server version	8.0.21

/*!40101 SET @OLD_CHARACTER_SET_CLIENT=@@CHARACTER_SET_CLIENT */;
/*!40101 SET @OLD_CHARACTER_SET_RESULTS=@@CHARACTER_SET_RESULTS */;
/*!40101 SET @OLD_COLLATION_CONNECTION=@@COLLATION_CONNECTION */;
/*!50503 SET NAMES utf8 */;
/*!40103 SET @OLD_TIME_ZONE=@@TIME_ZONE */;
/*!40103 SET TIME_ZONE='+00:00' */;
/*!40014 SET @OLD_UNIQUE_CHECKS=@@UNIQUE_CHECKS, UNIQUE_CHECKS=0 */;
/*!40014 SET @OLD_FOREIGN_KEY_CHECKS=@@FOREIGN_KEY_CHECKS, FOREIGN_KEY_CHECKS=0 */;
/*!40101 SET @OLD_SQL_MODE=@@SQL_MODE, SQL_MODE='NO_AUTO_VALUE_ON_ZERO' */;
/*!40111 SET @OLD_SQL_NOTES=@@SQL_NOTES, SQL_NOTES=0 */;

--
-- Table structure for table `ErintesVedelem`
--

DROP TABLE IF EXISTS `ErintesVedelem`;
/*!40101 SET @saved_cs_client     = @@character_set_client */;
/*!50503 SET character_set_client = utf8mb4 */;
CREATE TABLE `ErintesVedelem` (
  `erVedId` int NOT NULL,
  `creationDateTime` datetime(6) DEFAULT NULL,
  `ervenyes` date DEFAULT NULL,
  `jegyzokonyvSzam` varchar(255) DEFAULT NULL,
  `kelt` date DEFAULT NULL,
  `updateDateTime` datetime(6) DEFAULT NULL,
  PRIMARY KEY (`erVedId`)
) ENGINE=InnoDB DEFAULT CHARSET=utf8mb4 COLLATE=utf8mb4_0900_ai_ci;
/*!40101 SET character_set_client = @saved_cs_client */;

--
-- Dumping data for table `ErintesVedelem`
--

LOCK TABLES `ErintesVedelem` WRITE;
/*!40000 ALTER TABLE `ErintesVedelem` DISABLE KEYS */;
INSERT INTO `ErintesVedelem` VALUES (1,'2020-08-02 11:17:56.759572','2020-08-01',NULL,'2020-08-01','2020-08-02 11:17:56.759642'),(4,'2020-08-02 11:18:44.339193','2020-08-01',NULL,'2020-08-01','2020-08-02 11:18:44.339233'),(7,'2020-08-02 11:19:09.927329','2020-08-01',NULL,'2020-08-01','2020-08-02 11:19:09.927358'),(9,'2020-08-02 11:19:26.089349','2020-08-01',NULL,'2020-08-01','2020-08-02 11:19:26.089380'),(11,'2020-08-02 11:20:48.581715','2020-08-01',NULL,'2020-08-01','2020-08-02 11:20:48.581746'),(14,'2020-08-02 11:21:24.217470','2020-08-01',NULL,'2020-08-01','2020-08-02 11:21:24.217521'),(16,'2020-08-02 11:22:10.455106','2021-10-08','XXXX','2020-10-08','2020-10-08 18:28:11.261000'),(18,'2020-08-02 11:24:06.338172','2020-08-01',NULL,'2020-08-01','2020-08-02 11:24:06.338240'),(20,'2020-08-02 11:25:04.170504','2020-08-01',NULL,'2020-08-01','2020-08-02 11:25:04.170558'),(23,'2020-08-02 11:25:25.082928','2020-08-01',NULL,'2020-08-01','2020-08-02 11:25:25.082963'),(24,'2020-08-02 11:26:20.044187','2020-08-01',NULL,'2020-08-01','2020-08-02 11:26:20.044225'),(25,'2020-08-02 11:26:39.331849','2020-08-01',NULL,'2020-08-01','2020-08-02 11:26:39.331911'),(26,'2020-08-02 11:31:31.264165','2020-08-01',NULL,'2020-08-01','2020-08-02 11:31:31.264206'),(28,'2020-08-02 11:31:42.213180','2020-08-01',NULL,'2020-08-01','2020-08-02 11:31:42.213228'),(29,'2020-08-02 11:31:55.596106','2020-08-01',NULL,'2020-08-01','2020-08-02 11:31:55.596155'),(30,'2020-08-02 11:35:19.172535','2020-08-01',NULL,'2020-08-01','2020-08-02 11:35:19.172563'),(32,'2020-08-02 11:36:07.595050','2020-08-01',NULL,'2020-08-01','2020-08-02 11:36:07.595079'),(33,'2020-08-02 11:36:20.847525','2020-08-01',NULL,'2020-08-01','2020-08-02 11:36:20.847571'),(34,'2020-08-02 11:36:32.121946','2020-08-01',NULL,'2020-08-01','2020-08-02 11:36:32.121977'),(35,'2020-08-02 11:37:28.371520','2020-08-01',NULL,'2020-08-01','2020-08-02 11:37:28.371618'),(38,'2020-08-02 11:37:40.428866','2020-08-01',NULL,'2020-08-01','2020-08-02 11:37:40.428891'),(39,'2020-08-02 11:37:46.694274','2020-08-01',NULL,'2020-08-01','2020-08-02 11:37:46.694307'),(40,'2020-08-02 11:37:58.088407','2020-08-01',NULL,'2020-08-01','2020-08-02 11:37:58.088450'),(41,'2020-08-02 11:39:06.018226','2020-08-01',NULL,'2020-08-01','2020-08-02 11:39:06.018250'),(44,'2020-08-02 11:39:17.021857','2020-08-01',NULL,'2020-08-01','2020-08-02 11:39:17.021887'),(45,'2020-08-02 11:39:52.836318','2020-08-01',NULL,'2020-08-01','2020-08-02 11:39:52.836346'),(48,'2020-08-02 11:40:06.866722','2020-08-01',NULL,'2020-08-01','2020-08-02 11:40:06.866747'),(49,'2020-08-02 11:40:17.131734','2020-08-01',NULL,'2020-08-01','2020-08-02 11:40:17.131761'),(50,'2020-08-02 11:40:41.180263','2020-08-01',NULL,'2020-08-01','2020-08-02 11:40:41.180297'),(52,'2020-08-02 11:40:48.887024','2020-08-01',NULL,'2020-08-01','2020-08-02 11:40:48.887067'),(53,'2020-08-02 11:40:59.000750','2020-08-01',NULL,'2020-08-01','2020-08-02 11:40:59.000772'),(54,'2020-08-02 11:41:32.272462','2020-08-01',NULL,'2020-08-01','2020-08-02 11:41:32.272491'),(57,'2020-08-02 11:41:45.253466','2020-08-01',NULL,'2020-08-01','2020-08-02 11:41:45.253500'),(58,'2020-08-02 11:41:56.325194','2020-08-01',NULL,'2020-08-01','2020-08-02 11:41:56.325218'),(59,'2020-08-02 11:42:04.028822','2020-08-01',NULL,'2020-08-01','2020-08-02 11:42:04.028842'),(60,'2020-08-02 11:42:35.030347','2020-08-01',NULL,'2020-08-01','2020-08-02 11:42:35.030392'),(63,'2020-08-02 11:42:43.576310','2020-08-01',NULL,'2020-08-01','2020-08-02 11:42:43.576334'),(64,'2020-08-02 11:42:49.604071','2020-08-01',NULL,'2020-08-01','2020-08-02 11:42:49.604097'),(65,'2020-08-02 11:43:09.057813','2020-08-01',NULL,'2020-08-01','2020-08-02 11:43:09.057844'),(66,'2020-08-02 11:43:18.557099','2020-08-01',NULL,'2020-08-01','2020-08-02 11:43:18.557134'),(67,'2020-08-02 11:43:23.918881','2020-08-01',NULL,'2020-08-01','2020-08-02 11:43:23.918910'),(68,'2020-08-02 11:43:49.435130','2020-08-01',NULL,'2020-08-01','2020-08-02 11:43:49.435151'),(69,'2020-08-02 11:43:58.497821','2020-08-01',NULL,'2020-08-01','2020-08-02 11:43:58.497865'),(70,'2020-08-02 11:44:07.324529','2020-08-01',NULL,'2020-08-01','2020-08-02 11:44:07.324569'),(71,'2020-08-02 11:44:37.324540','2020-08-01',NULL,'2020-08-01','2020-08-02 11:44:37.324569'),(73,'2020-08-02 11:44:48.110702','2020-08-01',NULL,'2020-08-01','2020-08-02 11:44:48.110730'),(74,'2020-08-02 11:44:54.075947','2020-08-01',NULL,'2020-08-01','2020-08-02 11:44:54.075973'),(75,'2020-08-02 11:45:52.392019','2020-08-01',NULL,'2020-08-01','2020-08-02 11:45:52.392039'),(77,'2020-08-02 11:46:09.016115','2020-08-01',NULL,'2020-08-01','2020-08-02 11:46:09.016136'),(78,'2020-08-02 11:46:18.828332','2020-08-01',NULL,'2020-08-01','2020-08-02 11:46:18.828352'),(79,'2020-08-02 11:46:26.539536','2020-08-01',NULL,'2020-08-01','2020-08-02 11:46:26.539554'),(80,'2020-08-02 11:46:50.939045','2020-08-01',NULL,'2020-08-01','2020-08-02 11:46:50.939073'),(81,'2020-08-02 11:47:15.664360','2020-08-01',NULL,'2020-08-01','2020-08-02 11:47:15.664377'),(82,'2020-08-02 11:47:26.774434','2020-08-01',NULL,'2020-08-01','2020-08-02 11:47:26.774460'),(85,'2020-08-03 07:34:10.622750','2020-08-02',NULL,'2020-08-02','2020-08-03 07:34:10.622784'),(87,'2020-08-03 07:35:32.154633','2020-08-02',NULL,'2020-08-02','2020-08-03 07:35:32.154653'),(92,'2020-08-03 07:42:29.558680','2020-08-02',NULL,'2020-08-02','2020-08-03 07:42:29.558729'),(97,'2020-08-03 07:53:31.890084','2020-08-02',NULL,'2020-08-02','2020-08-03 07:53:31.890100'),(100,'2020-08-03 07:53:57.669738','2020-08-02',NULL,'2020-08-02','2020-08-03 07:53:57.669756'),(101,'2020-08-03 07:54:12.276326','2020-08-02',NULL,'2020-08-02','2020-08-03 07:54:12.276342'),(102,'2020-08-03 07:54:23.246792','2020-08-02',NULL,'2020-08-02','2020-08-03 07:54:23.246823'),(106,'2020-08-03 08:05:01.273539','2020-08-02',NULL,'2020-08-02','2020-08-03 08:05:01.273557'),(107,'2020-08-03 08:05:50.284872','2020-08-02',NULL,'2020-08-02','2020-08-03 08:05:50.284896'),(109,'2020-08-03 08:08:04.130270','2020-08-02',NULL,'2020-08-02','2020-08-03 08:08:04.130292'),(110,'2020-08-03 08:08:17.005889','2020-08-02',NULL,'2020-08-02','2020-08-03 08:08:17.005914'),(111,'2020-08-03 08:08:39.449175','2020-08-02',NULL,'2020-08-02','2020-08-03 08:08:39.449193'),(113,'2020-08-03 08:08:53.473383','2020-08-02',NULL,'2020-08-02','2020-08-03 08:08:53.473408'),(114,'2020-08-03 08:09:12.954645','2020-08-02',NULL,'2020-08-02','2020-08-03 08:09:12.954663'),(115,'2020-08-03 08:09:43.790072','2020-08-02',NULL,'2020-08-02','2020-08-03 08:09:43.790089'),(116,'2020-08-03 08:10:48.668651','2020-08-02',NULL,'2020-08-02','2020-08-03 08:10:48.668676'),(117,'2020-08-03 08:11:01.483246','2020-08-02',NULL,'2020-08-02','2020-08-03 08:11:01.483265'),(118,'2020-08-03 08:11:21.132398','2020-08-02',NULL,'2020-08-02','2020-08-03 08:11:21.132424'),(119,'2020-08-03 08:11:39.780925','2020-08-02',NULL,'2020-08-02','2020-08-03 08:11:39.780946'),(120,'2020-08-03 08:13:25.243739','2020-08-02',NULL,'2020-08-02','2020-08-03 08:13:25.243758'),(122,'2020-08-03 08:13:37.010867','2020-08-02',NULL,'2020-08-02','2020-08-03 08:13:37.010887'),(123,'2020-08-03 08:13:47.637661','2020-08-02',NULL,'2020-08-02','2020-08-03 08:13:47.637679'),(124,'2020-08-03 08:13:57.896230','2020-08-02',NULL,'2020-08-02','2020-08-03 08:13:57.896249'),(125,'2020-08-03 08:14:05.596465','2020-08-02',NULL,'2020-08-02','2020-08-03 08:14:05.596490'),(126,'2020-08-03 08:14:13.250389','2020-08-02',NULL,'2020-08-02','2020-08-03 08:14:13.250409'),(127,'2020-08-03 08:14:18.579372','2020-08-02',NULL,'2020-08-02','2020-08-03 08:14:18.579388'),(128,'2020-08-03 08:14:27.295836','2020-08-02',NULL,'2020-08-02','2020-08-03 08:14:27.295857'),(129,'2020-08-03 08:14:48.257808','2020-08-02',NULL,'2020-08-02','2020-08-03 08:14:48.257824'),(131,'2020-08-03 08:14:55.274263','2020-08-02',NULL,'2020-08-02','2020-08-03 08:14:55.274285'),(132,'2020-08-03 08:15:00.904900','2020-08-02',NULL,'2020-08-02','2020-08-03 08:15:00.904919'),(133,'2020-08-03 08:15:06.828841','2020-08-02',NULL,'2020-08-02','2020-08-03 08:15:06.828856'),(134,'2020-08-03 08:15:20.622352','2020-08-02',NULL,'2020-08-02','2020-08-03 08:15:20.622376'),(135,'2020-08-03 08:15:28.926954','2020-08-02',NULL,'2020-08-02','2020-08-03 08:15:28.926976'),(136,'2020-08-03 08:15:48.707594','2020-08-02',NULL,'2020-08-02','2020-08-03 08:15:48.707610'),(138,'2020-08-03 08:15:57.111097','2020-08-02',NULL,'2020-08-02','2020-08-03 08:15:57.111129'),(139,'2020-08-03 08:16:04.535892','2020-08-02',NULL,'2020-08-02','2020-08-03 08:16:04.535910'),(140,'2020-08-03 08:16:11.441340','2020-08-02',NULL,'2020-08-02','2020-08-03 08:16:11.441379'),(141,'2020-08-03 08:16:16.405169','2020-08-02',NULL,'2020-08-02','2020-08-03 08:16:16.405187'),(142,'2020-08-03 08:16:22.876431','2020-08-02',NULL,'2020-08-02','2020-08-03 08:16:22.876447'),(144,'2020-08-03 08:18:11.892229','2020-08-02',NULL,'2020-08-02','2020-08-03 08:18:11.892243'),(145,'2020-08-03 08:18:26.853912','2020-08-02',NULL,'2020-08-02','2020-08-03 08:18:26.853933'),(146,'2020-08-03 08:18:41.709117','2020-08-02',NULL,'2020-08-02','2020-08-03 08:18:41.709134'),(147,'2020-08-03 08:18:49.890537','2020-08-02',NULL,'2020-08-02','2020-08-03 08:18:49.890556'),(148,'2020-08-03 08:19:57.975308','2020-08-02',NULL,'2020-08-02','2020-08-03 08:19:57.975326'),(149,'2020-08-03 08:20:07.486063','2020-08-02',NULL,'2020-08-02','2020-08-03 08:20:07.486091'),(150,'2020-08-03 08:20:21.502667','2020-08-02',NULL,'2020-08-02','2020-08-03 08:20:21.502712'),(151,'2020-08-03 08:20:29.822260','2020-08-02',NULL,'2020-08-02','2020-08-03 08:20:29.822277'),(152,'2020-08-03 08:20:46.832238','2020-08-02',NULL,'2020-08-02','2020-08-03 08:20:46.832254'),(153,'2020-08-03 08:21:17.108369','2020-08-02',NULL,'2020-08-02','2020-08-03 08:21:17.108385'),(154,'2020-08-03 08:21:26.808739','2020-08-02',NULL,'2020-08-02','2020-08-03 08:21:26.808755'),(155,'2020-08-03 08:21:36.831007','2020-08-02',NULL,'2020-08-02','2020-08-03 08:21:36.831024'),(156,'2020-08-03 08:21:54.759107','2020-08-02',NULL,'2020-08-02','2020-08-03 08:21:54.759125'),(157,'2020-08-03 08:22:01.279264','2020-08-02',NULL,'2020-08-02','2020-08-03 08:22:01.279288'),(158,'2020-08-03 08:22:13.959778','2020-08-02',NULL,'2020-08-02','2020-08-03 08:22:13.959806'),(159,'2020-08-03 08:22:23.342272','2020-08-02',NULL,'2020-08-02','2020-08-03 08:22:23.342290'),(160,'2020-08-03 08:22:33.111227','2020-08-02',NULL,'2020-08-02','2020-08-03 08:22:33.111244'),(161,'2020-08-03 08:22:42.712163','2020-08-02',NULL,'2020-08-02','2020-08-03 08:22:42.712180'),(162,'2020-08-03 08:23:01.966677','2020-08-02',NULL,'2020-08-02','2020-08-03 08:23:01.966703'),(164,'2020-08-03 08:23:16.086900','2020-08-02',NULL,'2020-08-02','2020-08-03 08:23:16.086917'),(165,'2020-08-03 08:23:22.329627','2020-08-02',NULL,'2020-08-02','2020-08-03 08:23:22.329644'),(166,'2020-08-03 08:23:30.294865','2020-08-02',NULL,'2020-08-02','2020-08-03 08:23:30.294879'),(167,'2020-08-03 08:23:37.374649','2020-08-02',NULL,'2020-08-02','2020-08-03 08:23:37.374670'),(168,'2020-08-03 08:23:49.468811','2020-08-02',NULL,'2020-08-02','2020-08-03 08:23:49.468828'),(169,'2020-08-03 08:24:09.790359','2020-08-02',NULL,'2020-08-02','2020-08-03 08:24:09.790375'),(170,'2020-08-03 08:24:15.206063','2020-08-02',NULL,'2020-08-02','2020-08-03 08:24:15.206089'),(171,'2020-08-03 08:25:01.790650','2020-08-02',NULL,'2020-08-02','2020-08-03 08:25:01.790688'),(173,'2020-08-03 08:25:15.357531','2020-08-02',NULL,'2020-08-02','2020-08-03 08:25:15.357553'),(174,'2020-08-03 08:25:43.381255','2020-08-02',NULL,'2020-08-02','2020-08-03 08:25:43.381269'),(175,'2020-08-03 08:25:50.285040','2020-08-02',NULL,'2020-08-02','2020-08-03 08:25:50.285051'),(176,'2020-08-03 08:25:56.521406','2020-08-02',NULL,'2020-08-02','2020-08-03 08:25:56.521423'),(177,'2020-08-03 08:26:02.065149','2020-08-02',NULL,'2020-08-02','2020-08-03 08:26:02.065161'),(178,'2020-08-03 08:26:09.328750','2020-08-02',NULL,'2020-08-02','2020-08-03 08:26:09.328761'),(179,'2020-08-03 08:26:16.705621','2020-08-02',NULL,'2020-08-02','2020-08-03 08:26:16.705635'),(180,'2020-08-03 08:27:53.441276','2020-08-02',NULL,'2020-08-02','2020-08-03 08:27:53.441292'),(182,'2020-08-03 08:28:09.862974','2020-08-02',NULL,'2020-08-02','2020-08-03 08:28:09.862988'),(183,'2020-08-03 08:28:21.647451','2020-08-02',NULL,'2020-08-02','2020-08-03 08:28:21.647478'),(184,'2020-08-03 08:28:30.726316','2020-08-02',NULL,'2020-08-02','2020-08-03 08:28:30.726331'),(185,'2020-08-03 08:28:55.951675','2020-08-02',NULL,'2020-08-02','2020-08-03 08:28:55.951687'),(186,'2020-08-03 08:29:08.896974','2020-08-02',NULL,'2020-08-02','2020-08-03 08:29:08.896987'),(187,'2020-08-03 08:29:16.093303','2020-08-02',NULL,'2020-08-02','2020-08-03 08:29:16.093319'),(188,'2020-08-03 08:29:25.584729','2020-08-02',NULL,'2020-08-02','2020-08-03 08:29:25.584741'),(189,'2020-08-03 08:29:33.197882','2020-08-02',NULL,'2020-08-02','2020-08-03 08:29:33.197925'),(190,'2020-08-03 08:33:44.896863','2020-08-02',NULL,'2020-08-02','2020-08-03 08:33:44.896874'),(191,'2020-08-03 08:34:02.965571','2020-08-02',NULL,'2020-08-02','2020-08-03 08:34:02.965579'),(192,'2020-08-03 08:34:14.320829','2020-08-02',NULL,'2020-08-02','2020-08-03 08:34:14.320839'),(193,'2020-08-03 08:34:42.252831','2020-08-02',NULL,'2020-08-02','2020-08-03 08:34:42.252840'),(195,'2020-08-03 08:34:50.987231','2020-08-02',NULL,'2020-08-02','2020-08-03 08:34:50.987241'),(196,'2020-08-03 08:35:01.943928','2020-08-02',NULL,'2020-08-02','2020-08-03 08:35:01.943939'),(197,'2020-08-03 08:36:57.556462','2020-08-02',NULL,'2020-08-02','2020-08-03 08:36:57.556475'),(199,'2020-08-03 08:39:36.748036','2020-08-02',NULL,'2020-08-02','2020-08-03 08:39:36.748047'),(200,'2020-08-03 08:39:45.622560','2020-08-02',NULL,'2020-08-02','2020-08-03 08:39:45.622569'),(201,'2020-08-03 08:57:36.089316','2020-08-02',NULL,'2020-08-02','2020-08-03 08:57:36.089327'),(203,'2020-08-03 08:57:47.311251','2020-08-02',NULL,'2020-08-02','2020-08-03 08:57:47.311260'),(204,'2020-08-03 08:57:57.255319','2020-08-02',NULL,'2020-08-02','2020-08-03 08:57:57.255333'),(205,'2020-08-03 08:58:03.640116','2020-08-02',NULL,'2020-08-02','2020-08-03 08:58:03.640127'),(206,'2020-08-03 08:58:12.711743','2020-08-02',NULL,'2020-08-02','2020-08-03 08:58:12.711757'),(207,'2020-08-03 08:58:23.585771','2020-08-02',NULL,'2020-08-02','2020-08-03 08:58:23.585783'),(208,'2020-08-03 08:58:32.684461','2020-08-02',NULL,'2020-08-02','2020-08-03 08:58:32.684475'),(209,'2020-08-03 09:01:20.726290','2020-08-02',NULL,'2020-08-02','2020-08-03 09:01:20.726300'),(211,'2020-08-03 09:01:31.345758','2020-08-02',NULL,'2020-08-02','2020-08-03 09:01:31.345769'),(212,'2020-08-03 09:01:42.007482','2020-08-02',NULL,'2020-08-02','2020-08-03 09:01:42.007495'),(213,'2020-08-03 09:02:35.760142','2020-08-02',NULL,'2020-08-02','2020-08-03 09:02:35.760153'),(214,'2020-08-03 09:02:53.248854','2020-08-02',NULL,'2020-08-02','2020-08-03 09:02:53.248863'),(215,'2020-08-03 09:03:37.071471','2020-08-02',NULL,'2020-08-02','2020-08-03 09:03:37.071572'),(216,'2020-08-03 09:04:34.337007','2020-08-02',NULL,'2020-08-02','2020-08-03 09:04:34.337018'),(217,'2020-08-03 09:04:45.209134','2020-08-02',NULL,'2020-08-02','2020-08-03 09:04:45.209147'),(218,'2020-08-03 09:06:27.942103','2020-08-02',NULL,'2020-08-02','2020-08-03 09:06:27.942113'),(219,'2020-08-03 09:06:37.334859','2020-08-02',NULL,'2020-08-02','2020-08-03 09:06:37.334870'),(220,'2020-08-03 09:06:47.662972','2020-08-02',NULL,'2020-08-02','2020-08-03 09:06:47.662982'),(221,'2020-08-03 09:08:15.876510','2020-09-17','XXX','2020-08-25','2020-08-25 07:40:36.843000'),(222,'2020-08-03 09:08:29.151751','2020-08-02',NULL,'2020-08-02','2020-08-03 09:08:29.151762'),(223,'2020-08-03 09:08:36.350375','2020-08-02',NULL,'2020-08-02','2020-08-03 09:08:36.350386'),(224,'2020-08-03 09:08:43.885297','2020-08-02',NULL,'2020-08-02','2020-08-03 09:08:43.885309'),(225,'2020-08-03 09:10:59.980619','2020-08-02',NULL,'2020-08-02','2020-08-03 09:10:59.980631'),(228,'2020-08-03 09:11:46.972640','2020-08-02',NULL,'2020-08-02','2020-08-03 09:11:46.972649'),(230,'2020-08-03 09:11:58.618587','2020-08-02',NULL,'2020-08-02','2020-08-03 09:11:58.618597'),(241,'2020-08-05 06:38:45.709025','2020-08-04',NULL,'2020-08-04','2020-08-05 06:38:45.709051'),(242,'2020-08-05 06:38:57.534738','2020-08-04',NULL,'2020-08-04','2020-08-05 06:38:57.534756'),(314,'2020-08-18 09:40:34.632000','2020-08-18',NULL,'2020-08-18','2020-08-18 09:40:34.632000'),(485,'2020-10-26 08:02:04.968000','2020-10-26',NULL,'2020-10-26','2020-10-26 08:02:04.968000');
/*!40000 ALTER TABLE `ErintesVedelem` ENABLE KEYS */;
UNLOCK TABLES;

--
-- Table structure for table `Hiba`
--

DROP TABLE IF EXISTS `Hiba`;
/*!40101 SET @saved_cs_client     = @@character_set_client */;
/*!50503 SET character_set_client = utf8mb4 */;
CREATE TABLE `Hiba` (
  `hibaId` int NOT NULL,
  `creationDateTime` datetime(6) DEFAULT NULL,
  `datum` date DEFAULT NULL,
  `leiras` varchar(255) DEFAULT NULL,
  `updateDateTime` datetime(6) DEFAULT NULL,
  `lepcso_lepcsoSzama` int DEFAULT NULL,
  PRIMARY KEY (`hibaId`),
  KEY `FKjhdcto7k2vfbqj3ajfco4pjv` (`lepcso_lepcsoSzama`),
  CONSTRAINT `FKjhdcto7k2vfbqj3ajfco4pjv` FOREIGN KEY (`lepcso_lepcsoSzama`) REFERENCES `Lepcso` (`lepcsoSzama`)
) ENGINE=InnoDB DEFAULT CHARSET=utf8mb4 COLLATE=utf8mb4_0900_ai_ci;
/*!40101 SET character_set_client = @saved_cs_client */;

--
-- Dumping data for table `Hiba`
--

LOCK TABLES `Hiba` WRITE;
/*!40000 ALTER TABLE `Hiba` DISABLE KEYS */;
INSERT INTO `Hiba` VALUES (83,'2020-08-03 07:28:02.542499','2020-08-02','Se kép, se hang, állapotjelző sötét.','2020-08-03 07:28:02.542551',5114059),(90,'2020-08-03 07:39:11.580374','2020-08-01','Biztonsági áramkör szakadt','2020-08-03 07:39:11.580406',4745),(94,'2020-08-03 07:43:19.620422','2020-08-01','74B hiba, fékáramkör','2020-08-03 07:43:19.620441',4848),(96,'2020-08-03 07:48:10.978572','2020-07-31','Indításkor leoldja a betáp biztosítékot. A motor egyik tekercse szakadt.','2020-08-03 07:48:10.978601',5114058),(231,'2020-08-04 06:34:39.497675','2020-08-03','83-as hiba','2020-08-04 06:34:39.497736',5101),(235,'2020-08-05 06:10:27.628953','2020-08-03','Biztonsági áramkör szakadt','2020-08-05 06:10:27.628984',4745),(239,'2020-08-05 06:30:15.789729','2020-07-30','Utasérzékelés bizonytalan.','2020-08-05 06:30:15.789775',4039),(243,'2020-08-05 06:41:57.414867','2020-07-30','Felső fésű végálláskapcsoló hibajel','2020-08-05 06:44:20.380643',1523),(249,'2020-08-05 06:53:53.482373','2020-07-28','Forgalmi távvezérlés nem működik.','2020-08-05 06:53:53.482418',4053),(251,'2020-08-05 06:55:18.568698','2020-07-28','Forgalmi távvezérlés nem működik.','2020-08-05 06:55:18.568717',4046),(253,'2020-08-05 06:56:53.453852','2020-07-27','F100 hiba Földzárlat.','2020-08-05 06:56:53.453872',1523),(255,'2020-08-05 06:58:19.654973','2020-07-27','83 - as hiba','2020-08-05 06:58:19.655002',5101),(260,'2020-08-05 07:08:35.423858','2020-07-24','Sebességtúllépés hiba. ','2020-08-05 07:08:35.423884',3711),(267,'2020-08-07 06:08:23.341820','2020-08-03','Biztonsági kör szakadt','2020-08-07 06:08:23.341895',4745),(269,'2020-08-07 06:11:27.094295','2020-08-05','Motorfék hiba ','2020-08-07 06:11:27.094337',4049),(271,'2020-08-07 09:03:06.435458','2020-07-22','Biztonsági kör szakadás hibakeresés','2020-08-07 09:03:06.435528',4745),(275,'2020-08-07 09:09:54.480753','2020-07-17','Felső csipogó nem működik','2020-08-07 09:09:54.480788',4046),(279,'2020-08-07 09:23:44.218768','2020-07-12','Stop gomb benyomva','2020-08-07 09:23:44.218791',5099),(282,'2020-08-07 09:32:00.606764','2020-07-09','Vezérlőáramkör szakadás hiba','2020-08-07 09:32:00.606813',3709),(284,'2020-08-07 09:35:34.720588','2020-07-08','Lépcső időnként megáll, bizonytalan üzemkészség','2020-08-07 09:35:34.720613',5114059),(287,'2020-08-10 06:58:21.012226','2020-08-06','74B hiba 2. fék áramkör hiba','2020-08-10 06:58:21.012259',4848),(295,'2020-08-12 08:09:04.203346','2020-08-11','üzemkészség volt, indítani nem lehetett.','2020-08-12 08:09:04.203424',4143),(303,'2020-08-14 10:06:05.817000','2020-08-02','Csúszógyűrűk kopottak, bemaródtak.','2020-08-14 10:06:05.817000',482),(304,'2020-08-14 10:13:56.870000','2020-08-13','F77 hiba (segédérintkező hiba). A lépcső nem indítható.','2020-08-14 10:13:56.871000',1522),(307,'2020-08-17 06:16:05.785000','2020-08-12','Biztonságtechnikai ellenőrzés során kiderült, hogy a felső lépcsőkocsihiány érzékelő nem működik, nem állítja meg a lépcsőt.','2020-08-17 06:16:05.785000',3997),(309,'2020-08-18 03:48:39.040000','2020-08-16','\"\"\"\"\"\"','2020-08-18 03:50:41.424000',9),(310,'2020-08-18 09:34:16.317000','2020-08-18','Hibajel nélkül leállt','2020-08-18 09:37:15.323000',713),(312,'2020-08-18 09:38:53.439000','2020-08-18','Hibajel nélkül leállt','2020-08-18 09:38:53.439000',713),(315,'2020-08-18 09:42:48.211000','2020-08-18','A lépcső üzemképtelen, irányfény nem világít. Q33 kismegszakító és a Fi-relé lekapcsol. F41 kismegszakító leold.','2020-08-19 03:19:53.510000',714),(318,'2020-08-19 03:28:56.372000','2020-08-08','+++++','2020-08-19 03:28:56.372000',9),(321,'2020-08-24 05:56:09.511000','2020-08-23','Motorfék hiba','2020-08-24 05:56:09.511000',4049),(325,'2020-08-25 07:21:08.421000','2020-08-25','Távvezérlésben az Állj gombbal a  lépcső nem állítható meg, a gombra nem reagál.','2020-08-25 07:21:08.421000',3709),(339,'2020-08-31 10:42:27.445000','2020-08-30','Vezérlő áramkör szakadás','2020-08-31 10:42:27.445000',4742),(341,'2020-08-31 10:45:52.726000','2020-08-28','Utasérzékelő megrongálódott. Csak folyamatos üzemben működik.','2020-08-31 10:45:52.726000',4742),(342,'2020-08-31 10:49:34.901000','2020-08-28','Felső hangjelző folyamatosan csipog.','2020-08-31 10:49:34.901000',5100),(348,'2020-08-31 11:01:47.131000','2020-08-31','Irányfény javításra kiszerelve','2020-08-31 11:01:47.131000',284),(349,'2020-09-02 10:00:51.253000','2020-08-31','Motor hőkioldás hiba','2020-09-02 10:00:51.253000',5114058),(353,'2020-09-02 10:15:56.526000','2020-08-31','Kijelzőn csak a PROG felirat látható, nem reagál.','2020-09-02 10:15:56.526000',713);
/*!40000 ALTER TABLE `Hiba` ENABLE KEYS */;
UNLOCK TABLES;

--
-- Table structure for table `hibernate_sequence`
--

DROP TABLE IF EXISTS `hibernate_sequence`;
/*!40101 SET @saved_cs_client     = @@character_set_client */;
/*!50503 SET character_set_client = utf8mb4 */;
CREATE TABLE `hibernate_sequence` (
  `next_val` bigint DEFAULT NULL
) ENGINE=InnoDB DEFAULT CHARSET=utf8mb4 COLLATE=utf8mb4_0900_ai_ci;
/*!40101 SET character_set_client = @saved_cs_client */;

--
-- Dumping data for table `hibernate_sequence`
--

LOCK TABLES `hibernate_sequence` WRITE;
/*!40000 ALTER TABLE `hibernate_sequence` DISABLE KEYS */;
INSERT INTO `hibernate_sequence` VALUES (506),(506),(506),(506),(506);
/*!40000 ALTER TABLE `hibernate_sequence` ENABLE KEYS */;
UNLOCK TABLES;

--
-- Table structure for table `Javitas`
--

DROP TABLE IF EXISTS `Javitas`;
/*!40101 SET @saved_cs_client     = @@character_set_client */;
/*!50503 SET character_set_client = utf8mb4 */;
CREATE TABLE `Javitas` (
  `javitasId` int NOT NULL,
  `creationDateTime` datetime(6) DEFAULT NULL,
  `javitasKelte` date DEFAULT NULL,
  `leiras` varchar(255) DEFAULT NULL,
  `muszakSzama` int NOT NULL,
  `updateDateTime` datetime(6) DEFAULT NULL,
  `uzemkepes` bit(1) NOT NULL,
  `hiba_hibaId` int DEFAULT NULL,
  `lepcso_lepcsoSzama` int DEFAULT NULL,
  PRIMARY KEY (`javitasId`),
  KEY `FK7nkk2ilolsqttovt8j97lmhjg` (`hiba_hibaId`),
  KEY `FKbyck1anumnficqba6s0gt6m2p` (`lepcso_lepcsoSzama`),
  CONSTRAINT `FK7nkk2ilolsqttovt8j97lmhjg` FOREIGN KEY (`hiba_hibaId`) REFERENCES `Hiba` (`hibaId`),
  CONSTRAINT `FKbyck1anumnficqba6s0gt6m2p` FOREIGN KEY (`lepcso_lepcsoSzama`) REFERENCES `Lepcso` (`lepcsoSzama`)
) ENGINE=InnoDB DEFAULT CHARSET=utf8mb4 COLLATE=utf8mb4_0900_ai_ci;
/*!40101 SET character_set_client = @saved_cs_client */;

--
-- Dumping data for table `Javitas`
--

LOCK TABLES `Javitas` WRITE;
/*!40000 ALTER TABLE `Javitas` DISABLE KEYS */;
INSERT INTO `Javitas` VALUES (84,'2020-08-03 07:29:29.951584','2020-08-02','Tápegység modul érintkezők tisztítása, kontaktspray.',2,'2020-08-03 07:29:29.951615',_binary '',83,5114059),(89,'2020-08-03 07:37:23.740273','2020-08-02','Alsó felső trepni mechanika javítás, beállítás',3,'2020-08-03 07:37:23.740303',_binary '',NULL,5099),(91,'2020-08-03 07:41:24.809469','2020-08-02','Biztonsági áramkörben hibakeresés. Alsó szervizcsatlakozó vakdugó ellenőrzés.\nFelső szerelőakna végálláskapcsolók ellenőrzése',3,'2020-08-03 07:41:24.809492',_binary '',90,4745),(95,'2020-08-03 07:45:30.345464','2020-08-01','Szakadt iniciátor cseréje, iniciátorok beállítása.',4,'2020-08-03 07:45:30.345484',_binary '',94,4848),(232,'2020-08-04 06:36:08.527207','2020-08-03','K73 relé vizsgálata, reléérintkezők tisztítása',1,'2020-08-04 06:36:08.527237',_binary '',231,5101),(233,'2020-08-05 06:07:58.028423','2020-08-03','PLC elem csere',1,'2020-08-05 06:07:58.028496',_binary '',NULL,3713),(234,'2020-08-05 06:09:38.287580','2020-08-04','Motor kiemelése',4,'2020-08-05 06:09:38.287600',_binary '\0',96,5114058),(236,'2020-08-05 06:13:21.863721','2020-08-04','Biztonsági kör ellenőrzés, sorkapocsléc, kötések ellenőrzése.\nJavítás folyamatban, Metrószerviz értesítve.',1,'2020-08-05 06:13:21.863760',_binary '\0',90,4745),(237,'2020-08-05 06:15:29.192647','2020-08-03','Kishajtó végálláskapcsoló javítása',2,'2020-08-05 06:15:29.192677',_binary '',NULL,809),(238,'2020-08-05 06:18:54.175822','2020-08-02','Újraindítás után a kar üzemképes.',2,'2020-08-05 06:18:54.175876',_binary '',NULL,5100),(240,'2020-08-05 06:37:44.835539','2020-08-04','Radar pozíciójának beállítása,az alsó szerelőaknában DB jelű relé érintkezőinek tisztítása',1,'2020-08-05 06:37:44.835594',_binary '',239,4039),(244,'2020-08-05 06:43:52.348197','2020-08-04','Végálláskapcsoló vezeték levágás, újrakötés',2,'2020-08-05 06:43:52.348229',_binary '',243,1523),(245,'2020-08-05 06:45:41.986821','2020-07-29','Felső piktogram konzol javítása.',2,'2020-08-05 06:45:41.986851',_binary '',NULL,3995),(246,'2020-08-05 06:47:00.632161','2020-07-29','Vezérlőszekrény főkapcsoló mechanikai javítása',2,'2020-08-05 06:47:00.632190',_binary '',NULL,4053),(247,'2020-08-05 06:49:25.102436','2020-08-04','Lépcsőkocsi hiány érzékelő csatlakozó cseréje, radar felszerelése. Végálláskapcsolók ellenőrzése, kijelző elem csere.',2,'2020-08-05 06:49:25.102459',_binary '',NULL,1523),(248,'2020-08-05 06:52:46.953411','2020-07-28','Vezérlőszekrény 24 V-os relék cseréje.',3,'2020-08-07 06:15:30.574233',_binary '',239,4039),(250,'2020-08-05 06:54:42.299323','2020-07-28','AU relé cseréje.',3,'2020-08-05 06:54:42.299349',_binary '',249,4053),(252,'2020-08-05 06:55:49.047867','2020-07-26','AU relé cseréje',3,'2020-08-05 10:47:21.933640',_binary '',251,4046),(254,'2020-08-05 06:57:42.716425','2020-07-27','Alsó radar kábel szigetelése.',4,'2020-08-05 06:57:42.716446',_binary '',253,1523),(256,'2020-08-05 07:01:19.051284','2020-08-04','vezérlőszekrény csatlakozások ellenőrzése, K73 mágneskapcsoló ellenőrzése.',4,'2020-08-05 07:01:19.051306',_binary '',255,5101),(257,'2020-08-05 07:02:43.552408','2020-07-28','Olajzó impulzus jeladó kártya cseréje',3,'2020-08-05 07:02:43.552452',_binary '',NULL,5114059),(258,'2020-08-05 07:03:58.276165','2020-07-27','Olajzó impulzus jeladó kártya cseréje',4,'2020-08-05 07:03:58.276189',_binary '',NULL,5114060),(259,'2020-08-05 07:06:20.921683','2020-07-26','felső lépcsősüllyedés végálláskapcsoló beállítása',1,'2020-08-05 07:06:20.921705',_binary '',NULL,9),(261,'2020-08-05 07:09:59.533369','2020-07-24','Tachogenerátor vizsgálata, bordásszíj cseréje.',4,'2020-08-05 07:09:59.533457',_binary '',260,3711),(262,'2020-08-05 07:11:44.466008','2020-07-23','Alsó szerelőakna kizáró kapcsoló javítása',4,'2020-08-05 07:11:44.466029',_binary '',NULL,5114060),(263,'2020-08-05 07:13:08.450110','2020-07-23','Felső utasérzékelő radar javítása',4,'2020-08-05 07:13:08.450130',_binary '',NULL,4014),(264,'2020-08-05 07:16:11.885068','2020-07-21','Gumikorlát görgő visszaszerelés, iniciátor beállítás',3,'2020-08-05 07:16:11.885088',_binary '',NULL,4145),(265,'2020-08-05 07:17:58.690278','2020-07-19','távvezérlő áramkör átvizsgálása',1,'2020-08-05 07:17:58.690308',_binary '',NULL,1522),(266,'2020-08-05 07:20:36.281802','2020-07-16','Csipogó javításra elküldve Kelenföldre',2,'2020-08-13 04:44:10.876447',_binary '',NULL,4046),(268,'2020-08-07 06:10:25.606286','2020-08-05','Motorburkolat végálláskapcsoló kábele sérült, új szigeteléssel ellátva',3,'2020-08-07 06:10:25.606329',_binary '',267,4745),(270,'2020-08-07 06:12:29.552179','2020-08-05','Fékmágnes ütközési hézagok beállítása, iniciátorok ellenőrzése.',3,'2020-08-07 06:12:29.552215',_binary '',269,4049),(272,'2020-08-07 09:04:02.254427','2020-07-22','Fésűvilágítás javítása',1,'2020-08-07 09:04:02.254496',_binary '',NULL,5114061),(273,'2020-08-07 09:04:52.049393','2020-07-22','Fésűvilágítás javítása',1,'2020-08-07 09:04:52.049425',_binary '',NULL,5114060),(274,'2020-08-07 09:05:52.549696','2020-07-22','Alsó utasérzékelés javítása',1,'2020-08-07 09:05:52.549729',_binary '',NULL,4039),(276,'2020-08-07 09:11:00.857758','2020-07-16','Rálépésgátló vezérlő panel hibakeresés',2,'2020-08-13 04:45:08.663376',_binary '',275,4046),(277,'2020-08-07 09:21:10.372898','2020-07-16','vezérlőáramkör hibakeresés, világítás táp 10 A biztosíték',3,'2020-08-07 09:21:10.372922',_binary '',NULL,4050),(278,'2020-08-07 09:22:22.206534','2020-07-15','K50 relé segédérintkező cseréje',4,'2020-08-07 09:22:22.206580',_binary '',NULL,4143),(280,'2020-08-07 09:25:11.675618','2020-07-12','Stop nyomógomb cseréje, a többi gomb vizsgálata.',3,'2020-08-07 09:25:11.675640',_binary '',279,5099),(281,'2020-08-07 09:27:42.030298','2020-07-11','vezérlőszekrény ventilátor csere.',4,'2020-08-07 09:27:42.030353',_binary '',NULL,4050),(283,'2020-08-07 09:33:37.771791','2020-07-09','balusztrádban a stop kapcsoló át lett kapcsolva, ez okozta a hibát.',2,'2020-08-07 09:33:37.771827',_binary '',282,3709),(285,'2020-08-07 09:36:57.594601','2020-07-08','Mágneskapcsolók tisztítása, vezérlőszekrény tisztítása, csatlakozások ellenőrzése.',3,'2020-08-07 09:39:40.115152',_binary '',284,5114059),(286,'2020-08-10 06:55:53.359845','2020-08-08','távvezérlés átvizsgálás, relék ellenőrzése.',4,'2020-08-10 06:56:28.222681',_binary '',NULL,3712),(288,'2020-08-10 07:01:25.733771','2020-08-06','K20, K21 relé, mérés, ellenőrzés, fékmágnes mérés, ellenőrzés. Fék levegős lehet.',3,'2020-08-10 07:01:25.733802',_binary '\0',287,4848),(289,'2020-08-10 07:02:24.963472','2020-08-09','K 169 időrelé cseréje.',1,'2020-08-10 07:02:24.963501',_binary '',287,4848),(290,'2020-08-11 04:41:09.936869','2020-08-09','forgalmi távvezérlés jelző izzó csere',3,'2020-08-11 04:41:09.936959',_binary '',NULL,4142),(291,'2020-08-11 04:42:25.092857','2020-08-09','forgalmi távezérlés jelzőizzó csere',3,'2020-08-11 04:42:25.092888',_binary '',NULL,4848),(292,'2020-08-11 04:43:22.064169','2020-08-09','Fésűvilágítás tápcsere',4,'2020-08-11 04:43:22.064336',_binary '',NULL,3998),(293,'2020-08-11 04:43:50.271799','2020-08-09','Fésűvilágítás tápcsere',4,'2020-08-11 04:43:50.271835',_binary '',NULL,4027),(294,'2020-08-11 04:44:57.613636','2020-08-09','Fésűvilágítás tápcsere',4,'2020-08-11 04:44:57.613667',_binary '',NULL,4073),(296,'2020-08-12 08:10:12.418952','2020-08-11','K 155 relé cseréje (időzítő)',1,'2020-08-13 04:40:56.077579',_binary '',295,4143),(297,'2020-08-13 04:39:33.173999','2020-08-09','motor csere, csúszógyűrűk ellenőrzése',2,'2020-08-14 10:07:12.619000',_binary '',303,482),(298,'2020-08-13 04:46:12.401765','2020-08-12',' \"\"',5,'2020-08-13 10:43:31.278000',_binary '',NULL,10),(299,'2020-08-13 10:43:51.172000','2020-08-12','\'\'',5,'2020-08-13 10:43:51.172000',_binary '',NULL,10),(300,'2020-08-13 10:45:24.709000','2020-08-12','Csipogó csatlakozó kiváltása sorkapoccsal.',5,'2020-08-13 10:45:24.709000',_binary '',275,4046),(301,'2020-08-13 11:02:56.537000','2020-08-12','!!!',5,'2020-08-13 11:02:56.537000',_binary '',NULL,10),(302,'2020-08-14 10:04:15.217000','2020-08-13','Főmotor cseréje, próbajáratás',3,'2020-08-14 10:06:37.743000',_binary '',303,482),(305,'2020-08-14 10:15:23.427000','2020-08-13','Segédrelék érintkezőinek tisztítása, távvezérlés PLC újraindítása.',3,'2020-08-14 10:15:23.427000',_binary '',304,1522),(306,'2020-08-17 06:06:53.212000','2020-08-15','Felső rálépésgátló és felső utasérzékelő javítása, beállítása',2,'2020-08-17 06:06:53.212000',_binary '',NULL,4046),(308,'2020-08-17 06:17:25.315000','2020-08-13','Felső lépcsőkocsihiány érzékelő cseréje, beállítása, próbajáratás',3,'2020-08-17 06:17:25.315000',_binary '',307,3997),(311,'2020-08-18 09:35:08.391000','2020-08-18','Fék végálláskapcsoló beázás javítása',3,'2020-08-18 09:35:08.391000',_binary '',310,4745),(313,'2020-08-18 09:40:14.074000','2020-08-18','Vezérlőszekrény áramtalanítás, portalanítás, visszakapcsolás',3,'2020-08-18 09:40:14.074000',_binary '',312,713),(316,'2020-08-19 03:22:22.337000','2020-08-18','F41 kiiktatva, olajszivattyú zárlatos. Alsó aknában hibakeresés, indításkor azonnal leold a Fi-relé. Javítás folyamatban.',3,'2020-08-19 03:22:22.337000',_binary '\0',315,714),(317,'2020-08-19 03:28:18.489000','2020-08-17','Motor felújítva, bekötés, próbajáratás',4,'2020-08-19 03:28:18.489000',_binary '',96,5114058),(319,'2020-08-19 03:29:37.480000','2020-08-19','------',5,'2020-08-19 03:29:37.480000',_binary '',318,9),(320,'2020-08-19 09:54:53.378000','2020-08-19','Fék áramkör hibakeresés. Megégett csatlakozó beázás miatt zárlat. Fékmágnes kicserélve BRA 600 típus',2,'2020-08-19 09:54:53.378000',_binary '',315,714),(322,'2020-08-24 05:56:56.485000','2020-08-23','Fék iniciátor beállítása',3,'2020-08-24 05:56:56.485000',_binary '',321,4049),(323,'2020-08-24 06:03:21.409000','2020-08-20','Lépcsőkocsi hiány érzékelő konzol átalakítás, érzékelők beállítása',1,'2020-08-24 06:03:21.409000',_binary '',NULL,4075),(324,'2020-08-25 04:40:00.324000','2020-08-24','Kontakthiba megszüntetése',2,'2020-08-25 04:40:00.324000',_binary '',321,4049),(326,'2020-08-25 07:22:45.945000','2020-08-25','2K7 jelű relé kiváltása. 3 darab MR 42 impulzusrelével és egy Finder 24V AC relével.',4,'2020-08-25 07:22:45.945000',_binary '',325,3709),(340,'2020-08-31 10:43:22.868000','2020-08-31','Vezérlő áramkör hibakeresés. Felső vészleállító gomb tisztítás',3,'2020-08-31 10:43:22.868000',_binary '',339,4742),(343,'2020-08-31 10:50:25.601000','2020-08-31','Víztelenítés után a kar rendben üzemel.',1,'2020-08-31 10:50:25.601000',_binary '',342,5100),(344,'2020-08-31 10:57:02.144000','2020-08-27','Felső akna taposólemez alatti kábelek utólagos szigetelése. Fordított irány hiba megszüntetése a fordulatszám érzékelő pozíciójának beállításával',2,'2020-08-31 10:57:02.144000',_binary '',NULL,4038),(345,'2020-08-31 10:58:02.952000','2020-08-27','PLC tápegység csere',3,'2020-08-31 10:58:02.952000',_binary '',NULL,4020),(346,'2020-08-31 10:59:16.910000','2020-08-26','felső menetirányfény javítása',3,'2020-08-31 10:59:16.910000',_binary '',NULL,4048),(347,'2020-08-31 11:00:02.108000','2020-08-26','Felső utasérzékelő beállítás, javítás',4,'2020-08-31 11:00:02.108000',_binary '',NULL,4072),(350,'2020-09-02 10:02:18.556000','2020-09-01','Motor áramfelvétel mérése: 1.fázis 17 A, 2.fázis 16 A, 3.fázis 16 A.\nNyugtázás után forgalomnak átadva',1,'2020-09-02 10:02:18.556000',_binary '',349,5114058),(351,'2020-09-02 10:13:11.049000','2020-09-02','felső irányjelző bura rögzítés rongálás miatt',2,'2020-09-02 10:13:11.049000',_binary '',NULL,4743),(352,'2020-09-02 10:14:32.779000','2020-09-02','Felső utasérzékelő panel csatlakozók újraforrasztása.',2,'2020-09-02 10:14:32.779000',_binary '',341,4742),(354,'2020-09-02 10:17:14.983000','2020-09-01','Kijelző panel átvizsgálása, áramtalanítás után normál üzemben működik.',1,'2020-09-02 10:17:14.983000',_binary '',353,713);
/*!40000 ALTER TABLE `Javitas` ENABLE KEYS */;
UNLOCK TABLES;

--
-- Table structure for table `Karbantartas`
--

DROP TABLE IF EXISTS `Karbantartas`;
/*!40101 SET @saved_cs_client     = @@character_set_client */;
/*!50503 SET character_set_client = utf8mb4 */;
CREATE TABLE `Karbantartas` (
  `karbantartasId` int NOT NULL,
  `elvegezve` bit(1) NOT NULL,
  `karbantartasDatum` date DEFAULT NULL,
  `karbTipusId` int DEFAULT NULL,
  `lepcsoSzama` int DEFAULT NULL,
  `muszakSzama` int NOT NULL,
  `creationDateTime` datetime(6) DEFAULT NULL,
  `updateDateTime` datetime(6) DEFAULT NULL,
  PRIMARY KEY (`karbantartasId`),
  KEY `FK8e68gctd7g5tku34r3mmfqs83` (`karbTipusId`),
  KEY `FKbthnc4entfk26mhgtg8xro0lb` (`lepcsoSzama`),
  CONSTRAINT `FK8e68gctd7g5tku34r3mmfqs83` FOREIGN KEY (`karbTipusId`) REFERENCES `KarbantartasTipus` (`karbTipusId`),
  CONSTRAINT `FKbthnc4entfk26mhgtg8xro0lb` FOREIGN KEY (`lepcsoSzama`) REFERENCES `Lepcso` (`lepcsoSzama`)
) ENGINE=InnoDB DEFAULT CHARSET=utf8mb4 COLLATE=utf8mb4_hu_0900_as_cs;
/*!40101 SET character_set_client = @saved_cs_client */;

--
-- Dumping data for table `Karbantartas`
--

LOCK TABLES `Karbantartas` WRITE;
/*!40000 ALTER TABLE `Karbantartas` DISABLE KEYS */;
INSERT INTO `Karbantartas` VALUES (401,_binary '','2020-10-06',1,10,1,NULL,NULL),(402,_binary '','2020-10-06',2,10,1,NULL,NULL),(403,_binary '','2020-10-06',3,10,1,NULL,NULL),(404,_binary '','2020-10-06',4,10,1,NULL,NULL),(405,_binary '','2020-10-06',5,10,1,NULL,NULL),(406,_binary '','2020-10-06',6,10,1,NULL,NULL),(407,_binary '','2020-10-06',7,10,1,NULL,NULL),(408,_binary '','2020-10-06',8,10,1,NULL,NULL),(409,_binary '','2020-10-06',9,10,1,NULL,NULL),(410,_binary '\0',NULL,10,10,0,NULL,NULL),(411,_binary '\0',NULL,11,10,0,NULL,NULL),(412,_binary '\0',NULL,12,10,0,NULL,NULL),(413,_binary '\0',NULL,13,10,0,NULL,NULL),(414,_binary '\0',NULL,14,10,0,NULL,NULL),(415,_binary '\0',NULL,15,10,0,NULL,NULL),(416,_binary '\0',NULL,16,10,0,NULL,NULL),(417,_binary '\0',NULL,1,310,0,NULL,NULL),(418,_binary '\0',NULL,2,310,0,NULL,NULL),(419,_binary '\0',NULL,3,310,0,NULL,NULL),(420,_binary '\0',NULL,4,310,0,NULL,NULL),(421,_binary '\0',NULL,5,310,0,NULL,NULL),(422,_binary '\0',NULL,6,310,0,NULL,NULL),(423,_binary '\0',NULL,7,310,0,NULL,NULL),(424,_binary '\0',NULL,8,310,0,NULL,NULL),(425,_binary '\0',NULL,9,310,0,NULL,NULL),(426,_binary '\0',NULL,1,286,0,NULL,NULL),(427,_binary '\0',NULL,2,286,0,NULL,NULL),(428,_binary '\0',NULL,3,286,0,NULL,NULL),(429,_binary '\0',NULL,4,286,0,NULL,NULL),(430,_binary '\0',NULL,5,286,0,NULL,NULL),(431,_binary '\0',NULL,6,286,0,NULL,NULL),(432,_binary '','2020-10-06',1,9,1,NULL,NULL),(433,_binary '','2020-10-06',2,9,1,NULL,NULL),(434,_binary '','2020-10-27',3,9,1,NULL,'2020-10-27 18:14:32.989000'),(435,_binary '','2020-10-27',4,9,1,NULL,'2020-10-27 18:14:32.996000'),(436,_binary '\0',NULL,6,503,0,NULL,NULL),(437,_binary '\0',NULL,7,503,0,NULL,NULL),(438,_binary '\0',NULL,8,503,0,NULL,NULL),(439,_binary '\0',NULL,9,503,0,NULL,NULL),(440,_binary '\0',NULL,10,503,0,NULL,NULL),(441,_binary '\0',NULL,4,1108,0,NULL,NULL),(442,_binary '\0',NULL,5,1108,0,NULL,NULL),(443,_binary '\0',NULL,6,1108,0,NULL,NULL),(444,_binary '\0',NULL,7,1108,0,NULL,NULL),(445,_binary '\0',NULL,8,1108,0,NULL,NULL),(446,_binary '\0',NULL,9,1108,0,NULL,NULL),(447,_binary '\0',NULL,10,1108,0,NULL,NULL),(448,_binary '\0',NULL,11,1108,0,NULL,NULL),(456,_binary '','2020-10-06',8,8,1,NULL,NULL),(457,_binary '','2020-10-06',9,8,1,NULL,NULL),(458,_binary '','2020-10-27',10,8,1,NULL,'2020-10-27 18:14:14.242000'),(459,_binary '','2020-10-27',11,8,1,NULL,'2020-10-27 18:14:14.249000'),(460,_binary '','2020-10-27',12,8,1,NULL,'2020-10-27 18:14:14.255000'),(461,_binary '','2020-10-27',13,8,1,NULL,'2020-10-27 18:14:14.260000'),(462,_binary '','2020-10-06',14,8,1,NULL,NULL),(463,_binary '','2020-10-06',15,8,1,NULL,NULL),(464,_binary '','2020-10-06',16,8,1,NULL,NULL),(466,_binary '','2020-09-21',6,764,4,NULL,NULL),(467,_binary '\0',NULL,8,764,0,NULL,NULL),(468,_binary '','2020-09-21',12,764,4,NULL,NULL),(469,_binary '\0',NULL,13,764,0,NULL,NULL),(473,_binary '','2020-10-01',1,1353,3,NULL,NULL),(474,_binary '','2020-10-27',6,1353,1,NULL,'2020-10-27 18:14:21.921000'),(475,_binary '','2020-10-01',13,1353,3,NULL,NULL),(476,_binary '','2020-10-01',16,1353,3,NULL,NULL),(480,_binary '','2020-10-08',1,284,1,NULL,NULL),(481,_binary '','2020-10-08',5,284,1,NULL,NULL),(482,_binary '','2020-10-08',7,284,1,NULL,NULL),(483,_binary '','2020-10-08',9,284,1,NULL,NULL),(491,_binary '','2020-10-27',5,9,1,'2020-10-27 15:08:14.873000','2020-10-27 18:14:33.001000'),(492,_binary '','2020-10-27',6,9,1,'2020-10-27 15:08:19.479000','2020-10-27 18:14:33.007000'),(493,_binary '','2020-10-27',7,9,1,'2020-10-27 15:08:19.493000','2020-10-27 18:14:33.012000'),(494,_binary '','2020-10-27',8,9,1,'2020-10-27 15:08:19.507000','2020-10-27 18:14:33.019000'),(495,_binary '','2020-10-27',9,9,1,'2020-10-27 15:08:19.517000','2020-10-27 18:14:33.025000'),(496,_binary '','2020-10-27',10,9,1,'2020-10-27 15:08:19.529000','2020-10-27 18:14:33.031000'),(498,_binary '','2020-10-27',2,7,1,'2020-10-27 18:08:51.647000','2020-10-27 18:12:17.403000'),(499,_binary '','2020-10-27',3,7,1,'2020-10-27 18:08:51.658000','2020-10-27 18:09:03.130000'),(500,_binary '','2020-10-27',4,7,1,'2020-10-27 18:08:51.669000','2020-10-27 18:09:03.138000'),(501,_binary '','2020-10-27',5,7,1,'2020-10-27 18:08:51.679000','2020-10-27 18:09:03.144000'),(502,_binary '','2020-10-27',6,7,1,'2020-10-27 18:08:51.690000','2020-10-27 18:09:03.150000'),(504,_binary '','2020-10-27',1,7,1,'2020-10-27 18:11:45.586000','2020-10-27 18:12:17.395000'),(505,_binary '','2020-10-27',16,7,1,'2020-10-27 18:12:04.260000','2020-10-27 18:12:17.409000');
/*!40000 ALTER TABLE `Karbantartas` ENABLE KEYS */;
UNLOCK TABLES;

--
-- Table structure for table `KarbantartasTipus`
--

DROP TABLE IF EXISTS `KarbantartasTipus`;
/*!40101 SET @saved_cs_client     = @@character_set_client */;
/*!50503 SET character_set_client = utf8mb4 */;
CREATE TABLE `KarbantartasTipus` (
  `karbTipusId` int NOT NULL,
  `karbTipusKod` varchar(255) CHARACTER SET utf8mb4 COLLATE utf8mb4_hu_0900_as_cs DEFAULT NULL,
  `karbTipusLeiras` varchar(255) CHARACTER SET utf8mb4 COLLATE utf8mb4_hu_0900_as_cs DEFAULT NULL,
  `creationDateTime` datetime(6) DEFAULT NULL,
  `updateDateTime` datetime(6) DEFAULT NULL,
  PRIMARY KEY (`karbTipusId`)
) ENGINE=InnoDB DEFAULT CHARSET=utf8mb4 COLLATE=utf8mb4_hu_0900_as_cs;
/*!40101 SET character_set_client = @saved_cs_client */;

--
-- Dumping data for table `KarbantartasTipus`
--

LOCK TABLES `KarbantartasTipus` WRITE;
/*!40000 ALTER TABLE `KarbantartasTipus` DISABLE KEYS */;
INSERT INTO `KarbantartasTipus` VALUES (1,'4.1.1','Háromfázisú motorok karbantartása',NULL,NULL),(2,'4.1.2','Fordulatszámérzékelők(ROU relé, iniciátor, tachogenerátor',NULL,NULL),(3,'4.1.3','Automaták, szakaszolók',NULL,NULL),(4,'4.1.4','Transzformátor, ellenállás, egyenirányító',NULL,NULL),(5,'4.1.5','Végálláskapcsolók',NULL,NULL),(6,'4.1.6','Betápszekrény',NULL,NULL),(7,'4.1.7','Vezérlőszekrények',NULL,NULL),(8,'4.1.8','Sorkapocsszekrény',NULL,NULL),(9,'4.1.9','Üzemi fék (eldró,fékmágnes)',NULL,NULL),(10,'4.1.10','Vészfék',NULL,NULL),(11,'4.1.11','Lágyindító',NULL,NULL),(12,'4.1.12','Indítópult, Vezérlőpult, Távvezérlés, dugalj',NULL,NULL),(13,'4.1.13','Zsírszivattyú - olajszivattyú',NULL,NULL),(14,'4.1.14','Mágneskapcsoló, relé',NULL,NULL),(15,'4.1.15','Időrelé, thermorelé, olajszint érzékelő, PTC',NULL,NULL),(16,'4.1.16','Vészleállító gomb, nyomógomb, kapcsoló, műszerek, jelzőlámpa',NULL,NULL);
/*!40000 ALTER TABLE `KarbantartasTipus` ENABLE KEYS */;
UNLOCK TABLES;

--
-- Table structure for table `Lepcso`
--

DROP TABLE IF EXISTS `Lepcso`;
/*!40101 SET @saved_cs_client     = @@character_set_client */;
/*!50503 SET character_set_client = utf8mb4 */;
CREATE TABLE `Lepcso` (
  `lepcsoSzama` int NOT NULL,
  `creationDateTime` datetime(6) DEFAULT NULL,
  `updateDateTime` datetime(6) DEFAULT NULL,
  `uzemkepes` bit(1) NOT NULL,
  `erVedId` int DEFAULT NULL,
  `locationId` int DEFAULT NULL,
  `tipusId` int DEFAULT NULL,
  PRIMARY KEY (`lepcsoSzama`),
  KEY `FKt09tycp4vmhkgijw76yvytyik` (`erVedId`),
  KEY `FKh8oomolk5ktleu03o987ti537` (`locationId`),
  KEY `FKf3s4888sn5cnrhv6qk06pa5qx` (`tipusId`),
  CONSTRAINT `FKf3s4888sn5cnrhv6qk06pa5qx` FOREIGN KEY (`tipusId`) REFERENCES `Tipus` (`tipusId`),
  CONSTRAINT `FKh8oomolk5ktleu03o987ti537` FOREIGN KEY (`locationId`) REFERENCES `Location` (`locationId`),
  CONSTRAINT `FKt09tycp4vmhkgijw76yvytyik` FOREIGN KEY (`erVedId`) REFERENCES `ErintesVedelem` (`erVedId`)
) ENGINE=InnoDB DEFAULT CHARSET=utf8mb4 COLLATE=utf8mb4_0900_ai_ci;
/*!40101 SET character_set_client = @saved_cs_client */;

--
-- Dumping data for table `Lepcso`
--

LOCK TABLES `Lepcso` WRITE;
/*!40000 ALTER TABLE `Lepcso` DISABLE KEYS */;
INSERT INTO `Lepcso` VALUES (7,'2020-08-02 11:20:48.585882','2020-08-02 11:20:48.585914',_binary '\0',11,12,13),(8,'2020-08-02 11:21:24.220731','2020-08-02 11:21:24.220767',_binary '\0',14,15,13),(9,'2020-08-02 11:22:10.458060','2020-08-05 07:06:20.923299',_binary '',16,17,13),(10,'2020-08-02 11:24:06.353654','2020-08-13 04:46:12.405974',_binary '',18,19,13),(284,'2020-08-03 09:06:27.943066','2020-08-31 11:01:47.136000',_binary '',218,46,22),(285,'2020-08-03 09:06:37.335699','2020-08-03 09:06:37.335710',_binary '\0',219,46,22),(286,'2020-08-03 09:06:47.664083','2020-08-03 09:06:47.664095',_binary '\0',220,46,22),(308,'2020-08-03 09:08:15.877353','2020-08-03 09:08:15.877365',_binary '\0',221,27,31),(309,'2020-08-03 09:08:29.152646','2020-08-03 09:08:29.152659',_binary '\0',222,27,31),(310,'2020-08-03 09:08:36.351448','2020-08-03 09:08:36.351460',_binary '\0',223,27,31),(311,'2020-08-03 09:08:43.886198','2020-08-03 09:08:43.886211',_binary '\0',224,27,31),(312,'2020-08-02 11:35:19.175548','2020-08-02 11:35:19.175578',_binary '\0',30,27,31),(313,'2020-08-02 11:36:07.596863','2020-08-02 11:36:07.596921',_binary '\0',32,27,31),(314,'2020-08-02 11:36:20.849419','2020-08-02 11:36:20.849480',_binary '\0',33,27,31),(315,'2020-08-02 11:36:32.123396','2020-08-02 11:36:32.123430',_binary '\0',34,27,31),(322,'2020-08-02 11:43:09.059270','2020-08-02 11:43:09.059305',_binary '\0',65,27,62),(323,'2020-08-02 11:43:18.558701','2020-08-02 11:43:18.558729',_binary '\0',66,27,62),(324,'2020-08-02 11:43:23.920127','2020-08-02 11:43:23.920153',_binary '\0',67,27,62),(351,'2020-08-02 11:42:35.034473','2020-08-02 11:42:35.034507',_binary '\0',60,61,62),(352,'2020-08-02 11:42:43.577386','2020-08-02 11:42:43.577412',_binary '\0',63,61,62),(353,'2020-08-02 11:42:49.605319','2020-08-02 11:42:49.605346',_binary '\0',64,61,62),(480,'2020-08-02 11:44:37.327295','2020-08-02 11:44:37.327326',_binary '\0',71,72,62),(481,'2020-08-02 11:44:48.112057','2020-08-02 11:44:48.112085',_binary '\0',73,72,62),(482,'2020-08-02 11:44:54.077043','2020-08-13 04:39:33.188821',_binary '',74,72,62),(501,'2020-08-03 08:34:42.254519','2020-08-03 08:34:42.254532',_binary '\0',193,194,62),(502,'2020-08-03 08:34:50.988103','2020-08-03 08:34:50.988115',_binary '\0',195,194,62),(503,'2020-08-03 08:35:01.944754','2020-08-03 08:35:01.944765',_binary '\0',196,194,62),(713,'2020-08-03 09:10:59.983327','2020-08-18 09:40:14.077000',_binary '',225,226,227),(714,'2020-08-18 09:40:34.634000','2020-08-19 09:54:53.400000',_binary '',314,226,227),(764,'2020-08-02 11:31:31.268687','2020-08-02 11:31:31.268740',_binary '\0',26,27,22),(765,'2020-08-02 11:31:42.215139','2020-08-02 11:31:42.215237',_binary '\0',28,27,22),(766,'2020-08-02 11:31:55.598240','2020-08-02 11:31:55.598363',_binary '\0',29,27,22),(780,'2020-08-03 09:01:20.728317','2020-08-03 09:01:20.728337',_binary '\0',209,27,210),(781,'2020-08-03 09:01:31.346590','2020-08-03 09:01:31.346601',_binary '\0',211,27,210),(782,'2020-08-03 09:01:42.008446','2020-08-03 09:01:42.008460',_binary '\0',212,27,210),(808,'2020-08-02 11:25:04.175888','2020-08-02 11:25:04.175945',_binary '\0',20,21,22),(809,'2020-08-02 11:25:25.084740','2020-08-05 06:15:29.195229',_binary '',23,21,22),(810,'2020-08-02 11:26:20.046616','2020-08-02 11:26:20.046677',_binary '\0',24,21,22),(811,'2020-08-02 11:26:39.333768','2020-08-02 11:26:39.333801',_binary '\0',25,21,22),(1105,'2020-08-03 08:57:36.091019','2020-08-03 08:57:36.091030',_binary '\0',201,36,202),(1106,'2020-08-03 08:57:47.312098','2020-08-03 08:57:47.312109',_binary '\0',203,36,202),(1107,'2020-08-03 08:57:57.256213','2020-08-03 08:57:57.256230',_binary '\0',204,36,202),(1108,'2020-08-03 08:58:03.640950','2020-08-03 08:58:03.640960',_binary '\0',205,36,202),(1126,'2020-08-03 08:58:12.712618','2020-08-03 08:58:12.712628',_binary '\0',206,36,202),(1127,'2020-08-03 08:58:23.586739','2020-08-03 08:58:23.586752',_binary '\0',207,36,202),(1128,'2020-08-03 08:58:32.685295','2020-08-03 08:58:32.685307',_binary '\0',208,36,202),(1353,'2020-08-02 11:39:06.022003','2020-08-02 11:39:06.022028',_binary '\0',41,42,43),(1361,'2020-08-02 11:39:17.023355','2020-08-02 11:39:17.023438',_binary '\0',44,42,43),(1522,'2020-08-05 06:38:57.536410','2020-08-14 10:15:23.429000',_binary '',242,98,43),(1523,'2020-08-05 06:38:45.710933','2020-08-05 06:43:52.351385',_binary '',241,98,43),(3708,'2020-08-02 11:39:52.841430','2020-08-02 11:39:52.841476',_binary '\0',45,46,47),(3709,'2020-08-02 11:40:06.867868','2020-08-25 07:22:45.948000',_binary '',48,46,47),(3710,'2020-08-02 11:40:17.132975','2020-08-02 11:40:17.133001',_binary '\0',49,46,47),(3711,'2020-08-02 11:40:41.183767','2020-08-05 07:09:59.535125',_binary '',50,46,51),(3712,'2020-08-02 11:40:48.888573','2020-08-10 06:55:53.373234',_binary '',52,46,47),(3713,'2020-08-02 11:40:59.001997','2020-08-05 06:07:58.045519',_binary '',53,46,47),(3991,'2020-08-03 08:13:25.246403','2020-08-03 08:13:25.246433',_binary '\0',120,121,99),(3992,'2020-08-03 08:13:37.011969','2020-08-03 08:13:37.011990',_binary '\0',122,121,99),(3993,'2020-08-03 08:13:47.638944','2020-08-03 08:13:47.638989',_binary '\0',123,121,99),(3994,'2020-08-03 08:13:57.897271','2020-08-03 08:13:57.897289',_binary '\0',124,121,99),(3995,'2020-08-03 08:14:05.597713','2020-08-05 06:45:41.988643',_binary '',125,121,99),(3996,'2020-08-03 08:14:13.251645','2020-08-03 08:14:13.251666',_binary '\0',126,121,99),(3997,'2020-08-03 08:14:18.580386','2020-08-17 06:17:25.317000',_binary '',127,121,99),(3998,'2020-08-03 08:14:27.297164','2020-08-11 04:43:22.066882',_binary '',128,121,99),(4014,'2020-08-03 08:14:48.259652','2020-08-05 07:13:08.451834',_binary '',129,130,99),(4015,'2020-08-03 08:14:55.275323','2020-08-03 08:14:55.275364',_binary '\0',131,130,99),(4016,'2020-08-03 08:15:00.905955','2020-08-03 08:15:00.905977',_binary '\0',132,130,99),(4017,'2020-08-03 08:15:06.829771','2020-08-03 08:15:06.829788',_binary '\0',133,130,99),(4018,'2020-08-03 08:15:20.623401','2020-08-03 08:15:20.623420',_binary '\0',134,130,99),(4019,'2020-08-03 08:15:28.928110','2020-08-03 08:15:28.928128',_binary '\0',135,130,99),(4020,'2020-08-03 08:15:48.709553','2020-08-31 10:58:02.954000',_binary '',136,137,99),(4021,'2020-08-03 08:15:57.112101','2020-08-03 08:15:57.112121',_binary '\0',138,137,99),(4022,'2020-08-03 08:16:04.536845','2020-08-03 08:16:04.536862',_binary '\0',139,137,99),(4023,'2020-08-03 08:16:11.442295','2020-08-03 08:16:11.442312',_binary '\0',140,137,99),(4024,'2020-08-03 08:16:16.406207','2020-08-03 08:16:58.966102',_binary '\0',141,143,99),(4025,'2020-08-03 08:16:22.877419','2020-08-03 08:17:56.302242',_binary '\0',142,143,99),(4026,'2020-08-03 08:18:11.893210','2020-08-03 08:18:11.893227',_binary '\0',144,143,99),(4027,'2020-08-03 08:18:26.854892','2020-08-11 04:43:50.274463',_binary '',145,143,99),(4028,'2020-08-03 08:18:41.710090','2020-08-03 08:18:41.710111',_binary '\0',146,143,99),(4029,'2020-08-03 08:18:49.891622','2020-08-03 08:18:49.891648',_binary '\0',147,143,99),(4030,'2020-08-03 08:05:01.274949','2020-08-03 08:06:00.429807',_binary '\0',106,108,99),(4031,'2020-08-03 08:05:50.287433','2020-08-03 08:05:50.287451',_binary '\0',107,108,99),(4032,'2020-08-03 08:08:04.131441','2020-08-03 08:08:04.131461',_binary '\0',109,108,99),(4033,'2020-08-03 08:08:17.007304','2020-08-03 08:08:17.007331',_binary '\0',110,108,99),(4034,'2020-08-03 08:08:39.451361','2020-08-03 08:08:39.451423',_binary '\0',111,108,112),(4035,'2020-08-03 08:08:53.475114','2020-08-03 08:08:53.475136',_binary '\0',113,108,112),(4036,'2020-08-03 08:09:12.955818','2020-08-03 08:09:12.955838',_binary '\0',114,108,112),(4037,'2020-08-03 08:09:43.791216','2020-08-03 08:09:43.791243',_binary '\0',115,108,112),(4038,'2020-08-03 07:53:57.671085','2020-08-31 10:57:02.146000',_binary '',100,98,99),(4039,'2020-08-03 07:53:31.893949','2020-08-05 06:30:15.803633',_binary '',97,98,99),(4040,'2020-08-03 07:54:12.278140','2020-08-03 07:54:12.278166',_binary '\0',101,98,99),(4041,'2020-08-03 07:54:23.248355','2020-08-03 07:54:23.248401',_binary '\0',102,98,99),(4042,'2020-08-03 08:10:48.669894','2020-08-03 08:10:48.669915',_binary '\0',116,98,112),(4043,'2020-08-03 08:11:01.484278','2020-08-03 08:11:01.484298',_binary '\0',117,98,112),(4044,'2020-08-03 08:11:21.133520','2020-08-03 08:11:21.133538',_binary '\0',118,98,112),(4045,'2020-08-03 08:11:39.782092','2020-08-03 08:11:39.782144',_binary '\0',119,98,112),(4046,'2020-08-03 08:19:57.976450','2020-08-07 09:11:00.859785',_binary '',148,21,99),(4047,'2020-08-03 08:20:07.487593','2020-08-03 08:20:07.487619',_binary '\0',149,21,99),(4048,'2020-08-03 08:20:21.503616','2020-08-31 10:59:16.913000',_binary '',150,21,99),(4049,'2020-08-03 08:20:29.823241','2020-08-24 05:56:56.499000',_binary '',151,21,99),(4050,'2020-08-03 08:20:46.833185','2020-08-07 09:21:10.376018',_binary '',152,21,99),(4051,'2020-08-03 08:21:17.109342','2020-08-03 08:21:17.109359',_binary '\0',153,21,99),(4052,'2020-08-03 08:21:26.809687','2020-08-03 08:21:26.809707',_binary '\0',154,21,99),(4053,'2020-08-03 08:21:36.832024','2020-08-05 06:54:42.301162',_binary '',155,21,99),(4054,'2020-08-03 08:21:54.760095','2020-08-03 08:21:54.760116',_binary '\0',156,21,99),(4055,'2020-08-03 08:22:01.280340','2020-08-03 08:22:01.280363',_binary '\0',157,21,99),(4056,'2020-08-03 08:22:13.960712','2020-08-03 08:22:13.960728',_binary '\0',158,21,99),(4057,'2020-08-03 08:22:23.343393','2020-08-03 08:22:23.343415',_binary '\0',159,21,99),(4058,'2020-08-03 08:22:33.112260','2020-08-03 08:22:33.112277',_binary '\0',160,21,99),(4059,'2020-08-03 08:22:42.713068','2020-08-03 08:22:42.713084',_binary '\0',161,21,99),(4060,'2020-08-03 08:23:01.968486','2020-08-03 08:23:01.968506',_binary '\0',162,163,99),(4061,'2020-08-03 08:23:16.087839','2020-08-03 08:23:16.087856',_binary '\0',164,163,99),(4062,'2020-08-03 08:23:22.330628','2020-08-03 08:23:22.330647',_binary '\0',165,163,99),(4063,'2020-08-03 08:23:30.295743','2020-08-03 08:23:30.295760',_binary '\0',166,163,99),(4064,'2020-08-03 08:23:37.375567','2020-08-03 08:23:37.375585',_binary '\0',167,163,99),(4065,'2020-08-03 08:23:49.469710','2020-08-03 08:23:49.469726',_binary '\0',168,163,99),(4066,'2020-08-03 08:24:09.791350','2020-08-03 08:24:09.791374',_binary '\0',169,163,99),(4067,'2020-08-03 08:24:15.207272','2020-08-03 08:24:15.207300',_binary '\0',170,163,99),(4068,'2020-08-03 08:25:01.793126','2020-08-03 08:25:01.793148',_binary '\0',171,172,99),(4069,'2020-08-03 08:25:15.358420','2020-08-03 08:25:15.358447',_binary '\0',173,172,99),(4070,'2020-08-03 08:25:43.382186','2020-08-03 08:25:43.382201',_binary '\0',174,172,99),(4071,'2020-08-03 08:25:50.286021','2020-08-03 08:25:50.286043',_binary '\0',175,172,99),(4072,'2020-08-03 08:25:56.522306','2020-08-31 11:00:02.109000',_binary '',176,172,99),(4073,'2020-08-03 08:26:02.066032','2020-08-11 04:44:57.618700',_binary '',177,172,99),(4074,'2020-08-03 08:26:09.329767','2020-08-03 08:26:09.329781',_binary '\0',178,172,99),(4075,'2020-08-03 08:26:16.706588','2020-08-24 06:03:21.423000',_binary '',179,172,99),(4076,'2020-08-03 08:27:53.443244','2020-08-03 08:27:53.443285',_binary '\0',180,181,99),(4077,'2020-08-03 08:28:09.863844','2020-08-03 08:28:09.863898',_binary '\0',182,181,99),(4078,'2020-08-03 08:28:21.648326','2020-08-03 08:28:21.648341',_binary '\0',183,181,99),(4079,'2020-08-03 08:28:30.727265','2020-08-03 08:28:30.727281',_binary '\0',184,181,99),(4080,'2020-08-03 08:28:55.952664','2020-08-03 08:28:55.952679',_binary '\0',185,181,99),(4081,'2020-08-03 08:29:08.897816','2020-08-03 08:29:08.897831',_binary '\0',186,181,99),(4082,'2020-08-03 08:29:16.094450','2020-08-03 08:29:16.094471',_binary '\0',187,181,99),(4083,'2020-08-03 08:29:25.585608','2020-08-03 08:29:25.585622',_binary '\0',188,181,99),(4084,'2020-08-03 08:29:33.198824','2020-08-03 08:29:33.198846',_binary '\0',189,181,99),(4142,'2020-08-02 11:41:32.276833','2020-08-11 04:41:09.953346',_binary '',54,55,56),(4143,'2020-08-02 11:41:45.255423','2020-08-12 08:10:12.423878',_binary '',57,55,56),(4144,'2020-08-02 11:41:56.326486','2020-08-02 11:41:56.326513',_binary '\0',58,55,56),(4145,'2020-08-02 11:42:04.029906','2020-08-05 07:16:11.886507',_binary '',59,55,56),(4328,'2020-08-03 09:02:53.249657','2020-08-03 09:02:53.249669',_binary '\0',214,86,3),(4329,'2020-08-03 09:02:35.761005','2020-08-03 09:02:35.761019',_binary '\0',213,86,3),(4330,'2020-08-03 09:04:45.210016','2020-08-03 09:04:45.210027',_binary '\0',217,86,3),(4331,'2020-08-03 09:04:34.338065','2020-08-03 09:04:34.338077',_binary '\0',216,86,3),(4577,'2020-08-02 11:45:52.394318','2020-08-02 11:45:52.394374',_binary '\0',75,76,56),(4578,'2020-08-02 11:46:09.017284','2020-08-02 11:46:09.017310',_binary '\0',77,76,56),(4579,'2020-08-02 11:46:18.829347','2020-08-02 11:46:18.829370',_binary '\0',78,76,56),(4580,'2020-08-02 11:46:26.540624','2020-08-02 11:46:26.540648',_binary '\0',79,76,56),(4727,'2020-08-03 08:36:57.558664','2020-08-03 08:36:57.558678',_binary '\0',197,198,3),(4728,'2020-08-03 08:39:36.748913','2020-08-03 08:39:36.748924',_binary '\0',199,198,3),(4729,'2020-08-03 08:39:45.623365','2020-08-03 08:39:45.623375',_binary '\0',200,198,3),(4736,'2020-08-02 11:43:49.436363','2020-08-02 11:43:49.436400',_binary '\0',68,27,37),(4737,'2020-08-02 11:43:58.498915','2020-08-02 11:43:58.498952',_binary '\0',69,27,37),(4738,'2020-08-02 11:44:07.325807','2020-08-02 11:44:07.325829',_binary '\0',70,27,37),(4739,'2020-08-02 11:46:50.940321','2020-08-03 08:31:22.129481',_binary '\0',80,76,99),(4740,'2020-08-02 11:47:15.665551','2020-08-03 08:32:41.828330',_binary '\0',81,76,99),(4741,'2020-08-02 11:47:26.775620','2020-08-03 08:32:53.541492',_binary '\0',82,76,99),(4742,'2020-08-02 11:37:28.376149','2020-08-31 10:43:22.879000',_binary '',35,36,37),(4743,'2020-08-02 11:37:40.430302','2020-09-02 10:13:11.067000',_binary '',38,36,37),(4744,'2020-08-02 11:37:46.696299','2020-08-02 11:37:46.696326',_binary '\0',39,36,37),(4745,'2020-08-02 11:37:58.090253','2020-08-18 09:37:15.321000',_binary '\0',40,36,37),(4753,'2020-08-03 09:11:46.974044','2020-08-03 09:11:46.974053',_binary '\0',228,229,3),(4754,'2020-08-03 09:11:58.619343','2020-08-03 09:11:58.619354',_binary '\0',230,229,3),(4848,'2020-08-03 07:42:29.562276','2020-08-10 07:02:24.967188',_binary '',92,93,56),(4849,'2020-08-03 08:33:44.897769','2020-08-03 08:33:44.897798',_binary '\0',190,93,56),(4850,'2020-08-03 08:34:02.966498','2020-08-03 08:34:02.966517',_binary '\0',191,93,56),(4851,'2020-08-03 08:34:14.321639','2020-08-03 08:34:14.321650',_binary '\0',192,93,56),(5099,'2020-08-03 07:35:32.157343','2020-08-07 09:25:11.677638',_binary '',87,88,13),(5100,'2020-08-03 07:34:10.626075','2020-08-05 06:18:54.179061',_binary '',85,86,13),(5101,'2020-08-03 09:03:37.072692','2020-08-04 06:36:08.532145',_binary '',215,86,13),(5114058,'2020-08-02 11:17:56.774094','2020-09-02 10:02:18.564000',_binary '',1,2,3),(5114059,'2020-08-02 11:18:44.345494','2020-08-07 09:36:57.596286',_binary '',4,5,3),(5114060,'2020-08-02 11:19:09.930384','2020-08-05 07:03:58.277813',_binary '',7,8,3),(5114061,'2020-08-02 11:19:26.093130','2020-08-07 09:04:02.257654',_binary '',9,10,3);
/*!40000 ALTER TABLE `Lepcso` ENABLE KEYS */;
UNLOCK TABLES;

--
-- Table structure for table `Location`
--

DROP TABLE IF EXISTS `Location`;
/*!40101 SET @saved_cs_client     = @@character_set_client */;
/*!50503 SET character_set_client = utf8mb4 */;
CREATE TABLE `Location` (
  `locationId` int NOT NULL,
  `creationDateTime` datetime(6) DEFAULT NULL,
  `locationName` varchar(255) DEFAULT NULL,
  `updateDateTime` datetime(6) DEFAULT NULL,
  PRIMARY KEY (`locationId`)
) ENGINE=InnoDB DEFAULT CHARSET=utf8mb4 COLLATE=utf8mb4_0900_ai_ci;
/*!40101 SET character_set_client = @saved_cs_client */;

--
-- Dumping data for table `Location`
--

LOCK TABLES `Location` WRITE;
/*!40000 ALTER TABLE `Location` DISABLE KEYS */;
INSERT INTO `Location` VALUES (2,'2020-08-02 11:17:56.770990','Kőbánya - Kispest - 1','2020-08-02 11:17:56.771024'),(5,'2020-08-02 11:18:44.341782','Kőbánya - Kispest - 2','2020-08-02 11:18:44.341836'),(8,'2020-08-02 11:19:09.928900','Kőbánya - Kispest - 3','2020-08-02 11:19:09.928940'),(10,'2020-08-02 11:19:26.091222','Kőbánya - Kispest - 4','2020-08-02 11:19:26.091273'),(12,'2020-08-02 11:20:48.583278','Kőbánya - Kispest - 5','2020-08-02 11:20:48.583322'),(15,'2020-08-02 11:21:24.219189','Kőbánya - Kispest - 6','2020-08-02 11:21:24.219243'),(17,'2020-08-02 11:22:10.456586','Kőbánya - Kispest - 7','2020-08-02 11:22:10.456618'),(19,'2020-08-02 11:24:06.351176','Kőbánya - Kispest - 8','2020-08-02 11:24:06.351235'),(21,'2020-08-02 11:25:04.172649','Kálvin tér','2020-08-02 11:25:04.172684'),(27,'2020-08-02 11:31:31.266925','Deák tér','2020-08-02 11:31:31.267010'),(36,'2020-08-02 11:37:28.372971','Nyugati tér','2020-08-02 11:37:28.373002'),(42,'2020-08-02 11:39:06.019599','Stadion','2020-08-02 11:39:06.019628'),(46,'2020-08-02 11:39:52.838050','Baross tér','2020-08-02 11:39:52.838076'),(55,'2020-08-02 11:41:32.274023','Blaha Lujza tér','2020-08-02 11:41:32.274048'),(61,'2020-08-02 11:42:35.031740','Astoria','2020-08-02 11:42:35.031767'),(72,'2020-08-02 11:44:37.326049','Kossuth tér','2020-08-02 11:44:37.326086'),(76,'2020-08-02 11:45:52.393206','Batthyányi tér','2020-08-02 11:45:52.393235'),(86,'2020-08-03 07:34:10.624510','Árpád híd','2020-08-03 07:34:10.624532'),(88,'2020-08-03 07:35:32.156083','Flórián tér','2020-08-03 07:35:32.156110'),(93,'2020-08-03 07:42:29.560654','Széll Kálmán tér','2020-08-03 07:42:29.560683'),(98,'2020-08-03 07:53:31.891335','Fővám tér','2020-08-03 07:53:31.891360'),(108,'2020-08-03 08:05:50.286406','Szent Gellért tér','2020-08-03 08:05:50.286425'),(121,'2020-08-03 08:13:25.244884','Kelenföld','2020-08-03 08:13:25.244901'),(130,'2020-08-03 08:14:48.258800','Bikás Park','2020-08-03 08:14:48.258817'),(137,'2020-08-03 08:15:48.708691','Újbuda','2020-08-03 08:15:48.708710'),(143,'2020-08-03 08:16:58.965089','Móricz Zs. körtér','2020-08-03 08:16:58.965108'),(163,'2020-08-03 08:23:01.967568','Rákóczi tér','2020-08-03 08:23:01.967583'),(172,'2020-08-03 08:25:01.791852','II. János Pál pápa tér','2020-08-03 08:25:01.791876'),(181,'2020-08-03 08:27:53.442341','Keleti pályaudvar','2020-08-03 08:27:53.442358'),(194,'2020-08-03 08:34:42.253656','Déli pályaudvar','2020-08-03 08:34:42.253667'),(198,'2020-08-03 08:36:57.557568','Újpest- Központ','2020-08-03 08:36:57.557630'),(226,'2020-08-03 09:10:59.981544','Várfok utca','2020-08-03 09:10:59.981557'),(229,'2020-08-03 09:11:46.973384','Gyöngyösi utca','2020-08-03 09:11:46.973393');
/*!40000 ALTER TABLE `Location` ENABLE KEYS */;
UNLOCK TABLES;

--
-- Table structure for table `Tipus`
--

DROP TABLE IF EXISTS `Tipus`;
/*!40101 SET @saved_cs_client     = @@character_set_client */;
/*!50503 SET character_set_client = utf8mb4 */;
CREATE TABLE `Tipus` (
  `tipusId` int NOT NULL,
  `creationDateTime` datetime(6) DEFAULT NULL,
  `tipusNev` varchar(255) DEFAULT NULL,
  `updateDateTime` datetime(6) DEFAULT NULL,
  PRIMARY KEY (`tipusId`)
) ENGINE=InnoDB DEFAULT CHARSET=utf8mb4 COLLATE=utf8mb4_0900_ai_ci;
/*!40101 SET character_set_client = @saved_cs_client */;

--
-- Dumping data for table `Tipus`
--

LOCK TABLES `Tipus` WRITE;
/*!40000 ALTER TABLE `Tipus` DISABLE KEYS */;
INSERT INTO `Tipus` VALUES (3,'2020-08-02 11:17:56.772523','OK-RTHD','2020-08-02 11:17:56.772558'),(6,'2020-08-02 11:18:44.343686','OK-RTHD','2020-08-02 11:18:44.343738'),(13,'2020-08-02 11:20:48.584508','Kone TransitMaster','2020-08-02 11:20:48.584542'),(22,'2020-08-02 11:25:04.174218','LT - 4','2020-08-02 11:25:04.174262'),(31,'2020-08-02 11:35:19.174218','OTIS MPE 513','2020-08-02 11:35:19.174247'),(37,'2020-08-02 11:37:28.374571','CNIM','2020-08-02 11:37:28.374624'),(43,'2020-08-02 11:39:06.020853','Thyssen','2020-08-02 11:39:06.020882'),(47,'2020-08-02 11:39:52.839400','CNIM 4P1','2020-08-02 11:39:52.839451'),(51,'2020-08-02 11:40:41.182224','CNIM 23E','2020-08-02 11:40:41.182264'),(56,'2020-08-02 11:41:32.275225','OK-RTHDM5','2020-08-02 11:41:32.275262'),(62,'2020-08-02 11:42:35.033018','LT - 3','2020-08-02 11:42:35.033049'),(99,'2020-08-03 07:53:31.892701','CNIM E-Premium2','2020-08-03 07:53:31.892754'),(112,'2020-08-03 08:08:39.450302','CNIM 23EB','2020-08-03 08:08:39.450324'),(202,'2020-08-03 08:57:36.090243','ET - 3SZ','2020-08-03 08:57:36.090255'),(210,'2020-08-03 09:01:20.727431','LP - 6I','2020-08-03 09:01:20.727442'),(227,'2020-08-03 09:10:59.982386','Kone TransitMaster T140','2020-08-03 09:10:59.982415');
/*!40000 ALTER TABLE `Tipus` ENABLE KEYS */;
UNLOCK TABLES;
/*!40103 SET TIME_ZONE=@OLD_TIME_ZONE */;

/*!40101 SET SQL_MODE=@OLD_SQL_MODE */;
/*!40014 SET FOREIGN_KEY_CHECKS=@OLD_FOREIGN_KEY_CHECKS */;
/*!40014 SET UNIQUE_CHECKS=@OLD_UNIQUE_CHECKS */;
/*!40101 SET CHARACTER_SET_CLIENT=@OLD_CHARACTER_SET_CLIENT */;
/*!40101 SET CHARACTER_SET_RESULTS=@OLD_CHARACTER_SET_RESULTS */;
/*!40101 SET COLLATION_CONNECTION=@OLD_COLLATION_CONNECTION */;
/*!40111 SET SQL_NOTES=@OLD_SQL_NOTES */;

-- Dump completed on 2020-10-28  9:04:00
